{
  "type": "FeatureCollection",
  "features": [
    {
      "type": "Feature",
      "geometry": {
        "type": "Point",
        "coordinates": [
          34.4558112,
          31.5398847
        ]
      },
      "properties": {
        "id": "osm-damage-way-41254007",
        "featureType": "critical_infrastructure",
        "infrastructureType": "building_damage_assessment",
        "status": "osm_destroyed",
        "name": "Destroyed (OSM) \u2014 Al-Fayrooz Towers",
        "responsibleOrganization": "OpenStreetMap contributors",
        "isSynthetic": false,
        "validFrom": "2026-05-06",
        "sourceIdentifier": "osm-way-41254007"
      }
    },
    {
      "type": "Feature",
      "geometry": {
        "type": "Point",
        "coordinates": [
          34.4387513,
          31.5285174
        ]
      },
      "properties": {
        "id": "osm-damage-way-41254048",
        "featureType": "critical_infrastructure",
        "infrastructureType": "building_damage_assessment",
        "status": "osm_damaged",
        "name": "Damaged (OSM) \u2014 Abu Hasera Mosque",
        "responsibleOrganization": "OpenStreetMap contributors",
        "isSynthetic": false,
        "validFrom": "2026-05-06",
        "sourceIdentifier": "osm-way-41254048"
      }
    },
    {
      "type": "Feature",
      "geometry": {
        "type": "Point",
        "coordinates": [
          34.4465998,
          31.4842286
        ]
      },
      "properties": {
        "id": "osm-damage-way-41254107",
        "featureType": "critical_infrastructure",
        "infrastructureType": "building_damage_assessment",
        "status": "osm_destroyed",
        "name": "Destroyed (OSM) \u2014 Red Crescent Society",
        "responsibleOrganization": "OpenStreetMap contributors",
        "isSynthetic": false,
        "validFrom": "2026-05-06",
        "sourceIdentifier": "osm-way-41254107"
      }
    },
    {
      "type": "Feature",
      "geometry": {
        "type": "Point",
        "coordinates": [
          34.4665354,
          31.5010901
        ]
      },
      "properties": {
        "id": "osm-damage-way-41254437",
        "featureType": "critical_infrastructure",
        "infrastructureType": "building_damage_assessment",
        "status": "osm_destroyed",
        "name": "Destroyed (OSM) \u2014 Al-Bastat Market",
        "responsibleOrganization": "OpenStreetMap contributors",
        "isSynthetic": false,
        "validFrom": "2026-05-06",
        "sourceIdentifier": "osm-way-41254437"
      }
    },
    {
      "type": "Feature",
      "geometry": {
        "type": "Point",
        "coordinates": [
          34.455242,
          31.5398048
        ]
      },
      "properties": {
        "id": "osm-damage-way-41254504",
        "featureType": "critical_infrastructure",
        "infrastructureType": "building_damage_assessment",
        "status": "osm_destroyed",
        "name": "Destroyed (OSM) \u2014 Al-Fayrooz Towers",
        "responsibleOrganization": "OpenStreetMap contributors",
        "isSynthetic": false,
        "validFrom": "2026-05-06",
        "sourceIdentifier": "osm-way-41254504"
      }
    },
    {
      "type": "Feature",
      "geometry": {
        "type": "Point",
        "coordinates": [
          34.4297902,
          31.5173343
        ]
      },
      "properties": {
        "id": "osm-damage-way-41254582",
        "featureType": "critical_infrastructure",
        "infrastructureType": "building_damage_assessment",
        "status": "osm_damaged",
        "name": "Damaged (OSM) \u2014 President Archive",
        "responsibleOrganization": "OpenStreetMap contributors",
        "isSynthetic": false,
        "validFrom": "2026-05-06",
        "sourceIdentifier": "osm-way-41254582"
      }
    },
    {
      "type": "Feature",
      "geometry": {
        "type": "Point",
        "coordinates": [
          34.4527578,
          31.539708
        ]
      },
      "properties": {
        "id": "osm-damage-way-41254631",
        "featureType": "critical_infrastructure",
        "infrastructureType": "building_damage_assessment",
        "status": "osm_destroyed",
        "name": "Destroyed (OSM) \u2014 Shohada Al-Shate'e Youth Center",
        "responsibleOrganization": "OpenStreetMap contributors",
        "isSynthetic": false,
        "validFrom": "2026-05-06",
        "sourceIdentifier": "osm-way-41254631"
      }
    },
    {
      "type": "Feature",
      "geometry": {
        "type": "Point",
        "coordinates": [
          34.4554884,
          31.5396042
        ]
      },
      "properties": {
        "id": "osm-damage-way-41254875",
        "featureType": "critical_infrastructure",
        "infrastructureType": "building_damage_assessment",
        "status": "osm_destroyed",
        "name": "Destroyed (OSM) \u2014 Al-Fayrooz Towers",
        "responsibleOrganization": "OpenStreetMap contributors",
        "isSynthetic": false,
        "validFrom": "2026-05-06",
        "sourceIdentifier": "osm-way-41254875"
      }
    },
    {
      "type": "Feature",
      "geometry": {
        "type": "Point",
        "coordinates": [
          34.465347,
          31.5041058
        ]
      },
      "properties": {
        "id": "osm-damage-way-41254919",
        "featureType": "critical_infrastructure",
        "infrastructureType": "building_damage_assessment",
        "status": "osm_destroyed",
        "name": "Destroyed (OSM) \u2014 Masoor Library",
        "responsibleOrganization": "OpenStreetMap contributors",
        "isSynthetic": false,
        "validFrom": "2026-05-06",
        "sourceIdentifier": "osm-way-41254919"
      }
    },
    {
      "type": "Feature",
      "geometry": {
        "type": "Point",
        "coordinates": [
          34.4250749,
          31.5039906
        ]
      },
      "properties": {
        "id": "osm-damage-way-41255046",
        "featureType": "critical_infrastructure",
        "infrastructureType": "building_damage_assessment",
        "status": "osm_damaged",
        "name": "Damaged (OSM) \u2014 Telecommunications company Tel al-Hawa division",
        "responsibleOrganization": "OpenStreetMap contributors",
        "isSynthetic": false,
        "validFrom": "2026-05-06",
        "sourceIdentifier": "osm-way-41255046"
      }
    },
    {
      "type": "Feature",
      "geometry": {
        "type": "Point",
        "coordinates": [
          34.4711093,
          31.4896198
        ]
      },
      "properties": {
        "id": "osm-damage-way-41255316",
        "featureType": "critical_infrastructure",
        "infrastructureType": "building_damage_assessment",
        "status": "osm_destroyed",
        "name": "Destroyed (OSM) \u2014 Sharia Al-Muntar",
        "responsibleOrganization": "OpenStreetMap contributors",
        "isSynthetic": false,
        "validFrom": "2026-05-06",
        "sourceIdentifier": "osm-way-41255316"
      }
    },
    {
      "type": "Feature",
      "geometry": {
        "type": "Point",
        "coordinates": [
          34.447359,
          31.4851011
        ]
      },
      "properties": {
        "id": "osm-damage-way-41255566",
        "featureType": "critical_infrastructure",
        "infrastructureType": "building_damage_assessment",
        "status": "osm_destroyed",
        "name": "Destroyed (OSM) \u2014 Salah Ad-Din",
        "responsibleOrganization": "OpenStreetMap contributors",
        "isSynthetic": false,
        "validFrom": "2026-05-06",
        "sourceIdentifier": "osm-way-41255566"
      }
    },
    {
      "type": "Feature",
      "geometry": {
        "type": "Point",
        "coordinates": [
          34.4670762,
          31.5031086
        ]
      },
      "properties": {
        "id": "osm-damage-way-41256098",
        "featureType": "critical_infrastructure",
        "infrastructureType": "building_damage_assessment",
        "status": "osm_destroyed",
        "name": "Destroyed (OSM) \u2014 Gaza El Shijaia Post Office",
        "responsibleOrganization": "OpenStreetMap contributors",
        "isSynthetic": false,
        "validFrom": "2026-05-06",
        "sourceIdentifier": "osm-way-41256098"
      }
    },
    {
      "type": "Feature",
      "geometry": {
        "type": "Point",
        "coordinates": [
          34.4603391,
          31.5210221
        ]
      },
      "properties": {
        "id": "osm-damage-way-41256392",
        "featureType": "critical_infrastructure",
        "infrastructureType": "building_damage_assessment",
        "status": "osm_destroyed",
        "name": "Destroyed (OSM) \u2014 Medical Relief Centre",
        "responsibleOrganization": "OpenStreetMap contributors",
        "isSynthetic": false,
        "validFrom": "2026-05-06",
        "sourceIdentifier": "osm-way-41256392"
      }
    },
    {
      "type": "Feature",
      "geometry": {
        "type": "Point",
        "coordinates": [
          34.4347036,
          31.476757
        ]
      },
      "properties": {
        "id": "osm-damage-way-41256780",
        "featureType": "critical_infrastructure",
        "infrastructureType": "building_damage_assessment",
        "status": "osm_destroyed",
        "name": "Destroyed (OSM) \u2014 Waheed Mosque",
        "responsibleOrganization": "OpenStreetMap contributors",
        "isSynthetic": false,
        "validFrom": "2026-05-06",
        "sourceIdentifier": "osm-way-41256780"
      }
    },
    {
      "type": "Feature",
      "geometry": {
        "type": "Point",
        "coordinates": [
          34.466625,
          31.5036281
        ]
      },
      "properties": {
        "id": "osm-damage-way-41256802",
        "featureType": "critical_infrastructure",
        "infrastructureType": "building_damage_assessment",
        "status": "osm_destroyed",
        "name": "Destroyed (OSM) \u2014 Ministry of Awqaf and Religious Affairs",
        "responsibleOrganization": "OpenStreetMap contributors",
        "isSynthetic": false,
        "validFrom": "2026-05-06",
        "sourceIdentifier": "osm-way-41256802"
      }
    },
    {
      "type": "Feature",
      "geometry": {
        "type": "Point",
        "coordinates": [
          34.4206655,
          31.5029725
        ]
      },
      "properties": {
        "id": "osm-damage-way-41256879",
        "featureType": "critical_infrastructure",
        "infrastructureType": "building_damage_assessment",
        "status": "osm_damaged",
        "name": "Damaged (OSM) \u2014 Block Factory",
        "responsibleOrganization": "OpenStreetMap contributors",
        "isSynthetic": false,
        "validFrom": "2026-05-06",
        "sourceIdentifier": "osm-way-41256879"
      }
    },
    {
      "type": "Feature",
      "geometry": {
        "type": "Point",
        "coordinates": [
          34.4673851,
          31.503291
        ]
      },
      "properties": {
        "id": "osm-damage-way-41257094",
        "featureType": "critical_infrastructure",
        "infrastructureType": "building_damage_assessment",
        "status": "osm_destroyed",
        "name": "Destroyed (OSM) \u2014 Al-Sorani Clinic",
        "responsibleOrganization": "OpenStreetMap contributors",
        "isSynthetic": false,
        "validFrom": "2026-05-06",
        "sourceIdentifier": "osm-way-41257094"
      }
    },
    {
      "type": "Feature",
      "geometry": {
        "type": "Point",
        "coordinates": [
          34.4152765,
          31.5029283
        ]
      },
      "properties": {
        "id": "osm-damage-way-41257181",
        "featureType": "critical_infrastructure",
        "infrastructureType": "building_damage_assessment",
        "status": "osm_damaged",
        "name": "Damaged (OSM) \u2014 \u0645\u0633\u062c\u062f \u062e\u0644\u064a\u0644 \u0627\u0644\u0648\u0632\u064a\u0631",
        "responsibleOrganization": "OpenStreetMap contributors",
        "isSynthetic": false,
        "validFrom": "2026-05-06",
        "sourceIdentifier": "osm-way-41257181"
      }
    },
    {
      "type": "Feature",
      "geometry": {
        "type": "Point",
        "coordinates": [
          34.4628464,
          31.5226298
        ]
      },
      "properties": {
        "id": "osm-damage-way-41257283",
        "featureType": "critical_infrastructure",
        "infrastructureType": "building_damage_assessment",
        "status": "osm_destroyed",
        "name": "Destroyed (OSM) \u2014 Al-Yarmok Mosque",
        "responsibleOrganization": "OpenStreetMap contributors",
        "isSynthetic": false,
        "validFrom": "2026-05-06",
        "sourceIdentifier": "osm-way-41257283"
      }
    },
    {
      "type": "Feature",
      "geometry": {
        "type": "Point",
        "coordinates": [
          34.4451703,
          31.4844804
        ]
      },
      "properties": {
        "id": "osm-damage-way-41257971",
        "featureType": "critical_infrastructure",
        "infrastructureType": "building_damage_assessment",
        "status": "osm_destroyed",
        "name": "Destroyed (OSM) \u2014 Ashor Marble Factory",
        "responsibleOrganization": "OpenStreetMap contributors",
        "isSynthetic": false,
        "validFrom": "2026-05-06",
        "sourceIdentifier": "osm-way-41257971"
      }
    },
    {
      "type": "Feature",
      "geometry": {
        "type": "Point",
        "coordinates": [
          34.447705,
          31.4848954
        ]
      },
      "properties": {
        "id": "osm-damage-way-41258109",
        "featureType": "critical_infrastructure",
        "infrastructureType": "building_damage_assessment",
        "status": "osm_destroyed",
        "name": "Destroyed (OSM) \u2014 Al-Basha For Car Washing",
        "responsibleOrganization": "OpenStreetMap contributors",
        "isSynthetic": false,
        "validFrom": "2026-05-06",
        "sourceIdentifier": "osm-way-41258109"
      }
    },
    {
      "type": "Feature",
      "geometry": {
        "type": "Point",
        "coordinates": [
          34.4235119,
          31.5115934
        ]
      },
      "properties": {
        "id": "osm-damage-way-41258224",
        "featureType": "critical_infrastructure",
        "infrastructureType": "building_damage_assessment",
        "status": "osm_damaged",
        "name": "Damaged (OSM)",
        "responsibleOrganization": "OpenStreetMap contributors",
        "isSynthetic": false,
        "validFrom": "2026-05-06",
        "sourceIdentifier": "osm-way-41258224"
      }
    },
    {
      "type": "Feature",
      "geometry": {
        "type": "Point",
        "coordinates": [
          34.4425384,
          31.4865132
        ]
      },
      "properties": {
        "id": "osm-damage-way-41258269",
        "featureType": "critical_infrastructure",
        "infrastructureType": "building_damage_assessment",
        "status": "osm_destroyed",
        "name": "Destroyed (OSM) \u2014 \u0645\u0633\u062c\u062f \u0639\u0644\u064a\u064a\u0646",
        "responsibleOrganization": "OpenStreetMap contributors",
        "isSynthetic": false,
        "validFrom": "2026-05-06",
        "sourceIdentifier": "osm-way-41258269"
      }
    },
    {
      "type": "Feature",
      "geometry": {
        "type": "Point",
        "coordinates": [
          34.4240996,
          31.5121909
        ]
      },
      "properties": {
        "id": "osm-damage-way-108817166",
        "featureType": "critical_infrastructure",
        "infrastructureType": "building_damage_assessment",
        "status": "osm_damaged",
        "name": "Damaged (OSM) \u2014 Golden Beach Tower",
        "responsibleOrganization": "OpenStreetMap contributors",
        "isSynthetic": false,
        "validFrom": "2026-05-06",
        "sourceIdentifier": "osm-way-108817166"
      }
    },
    {
      "type": "Feature",
      "geometry": {
        "type": "Point",
        "coordinates": [
          34.4313129,
          31.5189813
        ]
      },
      "properties": {
        "id": "osm-damage-way-287707737",
        "featureType": "critical_infrastructure",
        "infrastructureType": "building_damage_assessment",
        "status": "osm_damaged",
        "name": "Damaged (OSM)",
        "responsibleOrganization": "OpenStreetMap contributors",
        "isSynthetic": false,
        "validFrom": "2026-05-06",
        "sourceIdentifier": "osm-way-287707737"
      }
    },
    {
      "type": "Feature",
      "geometry": {
        "type": "Point",
        "coordinates": [
          34.423923,
          31.5120837
        ]
      },
      "properties": {
        "id": "osm-damage-way-295772220",
        "featureType": "critical_infrastructure",
        "infrastructureType": "building_damage_assessment",
        "status": "osm_damaged",
        "name": "Damaged (OSM)",
        "responsibleOrganization": "OpenStreetMap contributors",
        "isSynthetic": false,
        "validFrom": "2026-05-06",
        "sourceIdentifier": "osm-way-295772220"
      }
    },
    {
      "type": "Feature",
      "geometry": {
        "type": "Point",
        "coordinates": [
          34.4252101,
          31.5122614
        ]
      },
      "properties": {
        "id": "osm-damage-way-295772224",
        "featureType": "critical_infrastructure",
        "infrastructureType": "building_damage_assessment",
        "status": "osm_damaged",
        "name": "Damaged (OSM)",
        "responsibleOrganization": "OpenStreetMap contributors",
        "isSynthetic": false,
        "validFrom": "2026-05-06",
        "sourceIdentifier": "osm-way-295772224"
      }
    },
    {
      "type": "Feature",
      "geometry": {
        "type": "Point",
        "coordinates": [
          34.4243382,
          31.5117438
        ]
      },
      "properties": {
        "id": "osm-damage-way-295775141",
        "featureType": "critical_infrastructure",
        "infrastructureType": "building_damage_assessment",
        "status": "osm_damaged",
        "name": "Damaged (OSM)",
        "responsibleOrganization": "OpenStreetMap contributors",
        "isSynthetic": false,
        "validFrom": "2026-05-06",
        "sourceIdentifier": "osm-way-295775141"
      }
    },
    {
      "type": "Feature",
      "geometry": {
        "type": "Point",
        "coordinates": [
          34.4422016,
          31.4834771
        ]
      },
      "properties": {
        "id": "osm-damage-way-295880775",
        "featureType": "critical_infrastructure",
        "infrastructureType": "building_damage_assessment",
        "status": "osm_destroyed",
        "name": "Destroyed (OSM)",
        "responsibleOrganization": "OpenStreetMap contributors",
        "isSynthetic": false,
        "validFrom": "2026-05-06",
        "sourceIdentifier": "osm-way-295880775"
      }
    },
    {
      "type": "Feature",
      "geometry": {
        "type": "Point",
        "coordinates": [
          34.4441731,
          31.4846958
        ]
      },
      "properties": {
        "id": "osm-damage-way-295880779",
        "featureType": "critical_infrastructure",
        "infrastructureType": "building_damage_assessment",
        "status": "osm_destroyed",
        "name": "Destroyed (OSM)",
        "responsibleOrganization": "OpenStreetMap contributors",
        "isSynthetic": false,
        "validFrom": "2026-05-06",
        "sourceIdentifier": "osm-way-295880779"
      }
    },
    {
      "type": "Feature",
      "geometry": {
        "type": "Point",
        "coordinates": [
          34.4472211,
          31.4843061
        ]
      },
      "properties": {
        "id": "osm-damage-way-295880788",
        "featureType": "critical_infrastructure",
        "infrastructureType": "building_damage_assessment",
        "status": "osm_destroyed",
        "name": "Destroyed (OSM)",
        "responsibleOrganization": "OpenStreetMap contributors",
        "isSynthetic": false,
        "validFrom": "2026-05-06",
        "sourceIdentifier": "osm-way-295880788"
      }
    },
    {
      "type": "Feature",
      "geometry": {
        "type": "Point",
        "coordinates": [
          34.4461887,
          31.4837148
        ]
      },
      "properties": {
        "id": "osm-damage-way-295880801",
        "featureType": "critical_infrastructure",
        "infrastructureType": "building_damage_assessment",
        "status": "osm_destroyed",
        "name": "Destroyed (OSM)",
        "responsibleOrganization": "OpenStreetMap contributors",
        "isSynthetic": false,
        "validFrom": "2026-05-06",
        "sourceIdentifier": "osm-way-295880801"
      }
    },
    {
      "type": "Feature",
      "geometry": {
        "type": "Point",
        "coordinates": [
          34.4444678,
          31.4842426
        ]
      },
      "properties": {
        "id": "osm-damage-way-295880802",
        "featureType": "critical_infrastructure",
        "infrastructureType": "building_damage_assessment",
        "status": "osm_destroyed",
        "name": "Destroyed (OSM)",
        "responsibleOrganization": "OpenStreetMap contributors",
        "isSynthetic": false,
        "validFrom": "2026-05-06",
        "sourceIdentifier": "osm-way-295880802"
      }
    },
    {
      "type": "Feature",
      "geometry": {
        "type": "Point",
        "coordinates": [
          34.4440969,
          31.4845511
        ]
      },
      "properties": {
        "id": "osm-damage-way-295880808",
        "featureType": "critical_infrastructure",
        "infrastructureType": "building_damage_assessment",
        "status": "osm_destroyed",
        "name": "Destroyed (OSM)",
        "responsibleOrganization": "OpenStreetMap contributors",
        "isSynthetic": false,
        "validFrom": "2026-05-06",
        "sourceIdentifier": "osm-way-295880808"
      }
    },
    {
      "type": "Feature",
      "geometry": {
        "type": "Point",
        "coordinates": [
          34.4448447,
          31.4841405
        ]
      },
      "properties": {
        "id": "osm-damage-way-295880811",
        "featureType": "critical_infrastructure",
        "infrastructureType": "building_damage_assessment",
        "status": "osm_destroyed",
        "name": "Destroyed (OSM)",
        "responsibleOrganization": "OpenStreetMap contributors",
        "isSynthetic": false,
        "validFrom": "2026-05-06",
        "sourceIdentifier": "osm-way-295880811"
      }
    },
    {
      "type": "Feature",
      "geometry": {
        "type": "Point",
        "coordinates": [
          34.4475646,
          31.4837879
        ]
      },
      "properties": {
        "id": "osm-damage-way-295880813",
        "featureType": "critical_infrastructure",
        "infrastructureType": "building_damage_assessment",
        "status": "osm_destroyed",
        "name": "Destroyed (OSM)",
        "responsibleOrganization": "OpenStreetMap contributors",
        "isSynthetic": false,
        "validFrom": "2026-05-06",
        "sourceIdentifier": "osm-way-295880813"
      }
    },
    {
      "type": "Feature",
      "geometry": {
        "type": "Point",
        "coordinates": [
          34.4432793,
          31.4823629
        ]
      },
      "properties": {
        "id": "osm-damage-way-295880815",
        "featureType": "critical_infrastructure",
        "infrastructureType": "building_damage_assessment",
        "status": "osm_destroyed",
        "name": "Destroyed (OSM)",
        "responsibleOrganization": "OpenStreetMap contributors",
        "isSynthetic": false,
        "validFrom": "2026-05-06",
        "sourceIdentifier": "osm-way-295880815"
      }
    },
    {
      "type": "Feature",
      "geometry": {
        "type": "Point",
        "coordinates": [
          34.4419324,
          31.4821816
        ]
      },
      "properties": {
        "id": "osm-damage-way-295880819",
        "featureType": "critical_infrastructure",
        "infrastructureType": "building_damage_assessment",
        "status": "osm_destroyed",
        "name": "Destroyed (OSM)",
        "responsibleOrganization": "OpenStreetMap contributors",
        "isSynthetic": false,
        "validFrom": "2026-05-06",
        "sourceIdentifier": "osm-way-295880819"
      }
    },
    {
      "type": "Feature",
      "geometry": {
        "type": "Point",
        "coordinates": [
          34.4434842,
          31.4758167
        ]
      },
      "properties": {
        "id": "osm-damage-way-295880822",
        "featureType": "critical_infrastructure",
        "infrastructureType": "building_damage_assessment",
        "status": "osm_destroyed",
        "name": "Destroyed (OSM)",
        "responsibleOrganization": "OpenStreetMap contributors",
        "isSynthetic": false,
        "validFrom": "2026-05-06",
        "sourceIdentifier": "osm-way-295880822"
      }
    },
    {
      "type": "Feature",
      "geometry": {
        "type": "Point",
        "coordinates": [
          34.4447508,
          31.4845091
        ]
      },
      "properties": {
        "id": "osm-damage-way-295880826",
        "featureType": "critical_infrastructure",
        "infrastructureType": "building_damage_assessment",
        "status": "osm_destroyed",
        "name": "Destroyed (OSM)",
        "responsibleOrganization": "OpenStreetMap contributors",
        "isSynthetic": false,
        "validFrom": "2026-05-06",
        "sourceIdentifier": "osm-way-295880826"
      }
    },
    {
      "type": "Feature",
      "geometry": {
        "type": "Point",
        "coordinates": [
          34.4472222,
          31.4837441
        ]
      },
      "properties": {
        "id": "osm-damage-way-295880836",
        "featureType": "critical_infrastructure",
        "infrastructureType": "building_damage_assessment",
        "status": "osm_destroyed",
        "name": "Destroyed (OSM)",
        "responsibleOrganization": "OpenStreetMap contributors",
        "isSynthetic": false,
        "validFrom": "2026-05-06",
        "sourceIdentifier": "osm-way-295880836"
      }
    },
    {
      "type": "Feature",
      "geometry": {
        "type": "Point",
        "coordinates": [
          34.4445573,
          31.4841172
        ]
      },
      "properties": {
        "id": "osm-damage-way-295880838",
        "featureType": "critical_infrastructure",
        "infrastructureType": "building_damage_assessment",
        "status": "osm_destroyed",
        "name": "Destroyed (OSM)",
        "responsibleOrganization": "OpenStreetMap contributors",
        "isSynthetic": false,
        "validFrom": "2026-05-06",
        "sourceIdentifier": "osm-way-295880838"
      }
    },
    {
      "type": "Feature",
      "geometry": {
        "type": "Point",
        "coordinates": [
          34.4424454,
          31.4817413
        ]
      },
      "properties": {
        "id": "osm-damage-way-295880842",
        "featureType": "critical_infrastructure",
        "infrastructureType": "building_damage_assessment",
        "status": "osm_destroyed",
        "name": "Destroyed (OSM)",
        "responsibleOrganization": "OpenStreetMap contributors",
        "isSynthetic": false,
        "validFrom": "2026-05-06",
        "sourceIdentifier": "osm-way-295880842"
      }
    },
    {
      "type": "Feature",
      "geometry": {
        "type": "Point",
        "coordinates": [
          34.4422657,
          31.4830613
        ]
      },
      "properties": {
        "id": "osm-damage-way-295880844",
        "featureType": "critical_infrastructure",
        "infrastructureType": "building_damage_assessment",
        "status": "osm_destroyed",
        "name": "Destroyed (OSM)",
        "responsibleOrganization": "OpenStreetMap contributors",
        "isSynthetic": false,
        "validFrom": "2026-05-06",
        "sourceIdentifier": "osm-way-295880844"
      }
    },
    {
      "type": "Feature",
      "geometry": {
        "type": "Point",
        "coordinates": [
          34.4436987,
          31.484894
        ]
      },
      "properties": {
        "id": "osm-damage-way-295880850",
        "featureType": "critical_infrastructure",
        "infrastructureType": "building_damage_assessment",
        "status": "osm_destroyed",
        "name": "Destroyed (OSM)",
        "responsibleOrganization": "OpenStreetMap contributors",
        "isSynthetic": false,
        "validFrom": "2026-05-06",
        "sourceIdentifier": "osm-way-295880850"
      }
    },
    {
      "type": "Feature",
      "geometry": {
        "type": "Point",
        "coordinates": [
          34.4477244,
          31.4836572
        ]
      },
      "properties": {
        "id": "osm-damage-way-295880858",
        "featureType": "critical_infrastructure",
        "infrastructureType": "building_damage_assessment",
        "status": "osm_destroyed",
        "name": "Destroyed (OSM)",
        "responsibleOrganization": "OpenStreetMap contributors",
        "isSynthetic": false,
        "validFrom": "2026-05-06",
        "sourceIdentifier": "osm-way-295880858"
      }
    },
    {
      "type": "Feature",
      "geometry": {
        "type": "Point",
        "coordinates": [
          34.4425821,
          31.4837882
        ]
      },
      "properties": {
        "id": "osm-damage-way-295880862",
        "featureType": "critical_infrastructure",
        "infrastructureType": "building_damage_assessment",
        "status": "osm_destroyed",
        "name": "Destroyed (OSM)",
        "responsibleOrganization": "OpenStreetMap contributors",
        "isSynthetic": false,
        "validFrom": "2026-05-06",
        "sourceIdentifier": "osm-way-295880862"
      }
    },
    {
      "type": "Feature",
      "geometry": {
        "type": "Point",
        "coordinates": [
          34.4443289,
          31.4843346
        ]
      },
      "properties": {
        "id": "osm-damage-way-295880870",
        "featureType": "critical_infrastructure",
        "infrastructureType": "building_damage_assessment",
        "status": "osm_destroyed",
        "name": "Destroyed (OSM)",
        "responsibleOrganization": "OpenStreetMap contributors",
        "isSynthetic": false,
        "validFrom": "2026-05-06",
        "sourceIdentifier": "osm-way-295880870"
      }
    },
    {
      "type": "Feature",
      "geometry": {
        "type": "Point",
        "coordinates": [
          34.4438069,
          31.4849996
        ]
      },
      "properties": {
        "id": "osm-damage-way-295880878",
        "featureType": "critical_infrastructure",
        "infrastructureType": "building_damage_assessment",
        "status": "osm_destroyed",
        "name": "Destroyed (OSM)",
        "responsibleOrganization": "OpenStreetMap contributors",
        "isSynthetic": false,
        "validFrom": "2026-05-06",
        "sourceIdentifier": "osm-way-295880878"
      }
    },
    {
      "type": "Feature",
      "geometry": {
        "type": "Point",
        "coordinates": [
          34.4435208,
          31.4824429
        ]
      },
      "properties": {
        "id": "osm-damage-way-295880880",
        "featureType": "critical_infrastructure",
        "infrastructureType": "building_damage_assessment",
        "status": "osm_destroyed",
        "name": "Destroyed (OSM)",
        "responsibleOrganization": "OpenStreetMap contributors",
        "isSynthetic": false,
        "validFrom": "2026-05-06",
        "sourceIdentifier": "osm-way-295880880"
      }
    },
    {
      "type": "Feature",
      "geometry": {
        "type": "Point",
        "coordinates": [
          34.443726,
          31.4823442
        ]
      },
      "properties": {
        "id": "osm-damage-way-295880882",
        "featureType": "critical_infrastructure",
        "infrastructureType": "building_damage_assessment",
        "status": "osm_destroyed",
        "name": "Destroyed (OSM)",
        "responsibleOrganization": "OpenStreetMap contributors",
        "isSynthetic": false,
        "validFrom": "2026-05-06",
        "sourceIdentifier": "osm-way-295880882"
      }
    },
    {
      "type": "Feature",
      "geometry": {
        "type": "Point",
        "coordinates": [
          34.443241,
          31.485125
        ]
      },
      "properties": {
        "id": "osm-damage-way-295880886",
        "featureType": "critical_infrastructure",
        "infrastructureType": "building_damage_assessment",
        "status": "osm_destroyed",
        "name": "Destroyed (OSM)",
        "responsibleOrganization": "OpenStreetMap contributors",
        "isSynthetic": false,
        "validFrom": "2026-05-06",
        "sourceIdentifier": "osm-way-295880886"
      }
    },
    {
      "type": "Feature",
      "geometry": {
        "type": "Point",
        "coordinates": [
          34.4443304,
          31.4845673
        ]
      },
      "properties": {
        "id": "osm-damage-way-295880890",
        "featureType": "critical_infrastructure",
        "infrastructureType": "building_damage_assessment",
        "status": "osm_destroyed",
        "name": "Destroyed (OSM)",
        "responsibleOrganization": "OpenStreetMap contributors",
        "isSynthetic": false,
        "validFrom": "2026-05-06",
        "sourceIdentifier": "osm-way-295880890"
      }
    },
    {
      "type": "Feature",
      "geometry": {
        "type": "Point",
        "coordinates": [
          34.4478852,
          31.4835325
        ]
      },
      "properties": {
        "id": "osm-damage-way-295880891",
        "featureType": "critical_infrastructure",
        "infrastructureType": "building_damage_assessment",
        "status": "osm_destroyed",
        "name": "Destroyed (OSM)",
        "responsibleOrganization": "OpenStreetMap contributors",
        "isSynthetic": false,
        "validFrom": "2026-05-06",
        "sourceIdentifier": "osm-way-295880891"
      }
    },
    {
      "type": "Feature",
      "geometry": {
        "type": "Point",
        "coordinates": [
          34.447733,
          31.4843938
        ]
      },
      "properties": {
        "id": "osm-damage-way-295880897",
        "featureType": "critical_infrastructure",
        "infrastructureType": "building_damage_assessment",
        "status": "osm_destroyed",
        "name": "Destroyed (OSM)",
        "responsibleOrganization": "OpenStreetMap contributors",
        "isSynthetic": false,
        "validFrom": "2026-05-06",
        "sourceIdentifier": "osm-way-295880897"
      }
    },
    {
      "type": "Feature",
      "geometry": {
        "type": "Point",
        "coordinates": [
          34.4447275,
          31.4842328
        ]
      },
      "properties": {
        "id": "osm-damage-way-295880899",
        "featureType": "critical_infrastructure",
        "infrastructureType": "building_damage_assessment",
        "status": "osm_destroyed",
        "name": "Destroyed (OSM)",
        "responsibleOrganization": "OpenStreetMap contributors",
        "isSynthetic": false,
        "validFrom": "2026-05-06",
        "sourceIdentifier": "osm-way-295880899"
      }
    },
    {
      "type": "Feature",
      "geometry": {
        "type": "Point",
        "coordinates": [
          34.4429636,
          31.4822343
        ]
      },
      "properties": {
        "id": "osm-damage-way-295880901",
        "featureType": "critical_infrastructure",
        "infrastructureType": "building_damage_assessment",
        "status": "osm_destroyed",
        "name": "Destroyed (OSM)",
        "responsibleOrganization": "OpenStreetMap contributors",
        "isSynthetic": false,
        "validFrom": "2026-05-06",
        "sourceIdentifier": "osm-way-295880901"
      }
    },
    {
      "type": "Feature",
      "geometry": {
        "type": "Point",
        "coordinates": [
          34.4457906,
          31.4845806
        ]
      },
      "properties": {
        "id": "osm-damage-way-295883384",
        "featureType": "critical_infrastructure",
        "infrastructureType": "building_damage_assessment",
        "status": "osm_destroyed",
        "name": "Destroyed (OSM)",
        "responsibleOrganization": "OpenStreetMap contributors",
        "isSynthetic": false,
        "validFrom": "2026-05-06",
        "sourceIdentifier": "osm-way-295883384"
      }
    },
    {
      "type": "Feature",
      "geometry": {
        "type": "Point",
        "coordinates": [
          34.4458315,
          31.4841556
        ]
      },
      "properties": {
        "id": "osm-damage-way-295883416",
        "featureType": "critical_infrastructure",
        "infrastructureType": "building_damage_assessment",
        "status": "osm_destroyed",
        "name": "Destroyed (OSM)",
        "responsibleOrganization": "OpenStreetMap contributors",
        "isSynthetic": false,
        "validFrom": "2026-05-06",
        "sourceIdentifier": "osm-way-295883416"
      }
    },
    {
      "type": "Feature",
      "geometry": {
        "type": "Point",
        "coordinates": [
          34.4503031,
          31.5383709
        ]
      },
      "properties": {
        "id": "osm-damage-way-295907963",
        "featureType": "critical_infrastructure",
        "infrastructureType": "building_damage_assessment",
        "status": "osm_damaged",
        "name": "Damaged (OSM)",
        "responsibleOrganization": "OpenStreetMap contributors",
        "isSynthetic": false,
        "validFrom": "2026-05-06",
        "sourceIdentifier": "osm-way-295907963"
      }
    },
    {
      "type": "Feature",
      "geometry": {
        "type": "Point",
        "coordinates": [
          34.4498916,
          31.5385353
        ]
      },
      "properties": {
        "id": "osm-damage-way-295907981",
        "featureType": "critical_infrastructure",
        "infrastructureType": "building_damage_assessment",
        "status": "osm_damaged",
        "name": "Damaged (OSM)",
        "responsibleOrganization": "OpenStreetMap contributors",
        "isSynthetic": false,
        "validFrom": "2026-05-06",
        "sourceIdentifier": "osm-way-295907981"
      }
    },
    {
      "type": "Feature",
      "geometry": {
        "type": "Point",
        "coordinates": [
          34.4499725,
          31.5384247
        ]
      },
      "properties": {
        "id": "osm-damage-way-295908016",
        "featureType": "critical_infrastructure",
        "infrastructureType": "building_damage_assessment",
        "status": "osm_damaged",
        "name": "Damaged (OSM)",
        "responsibleOrganization": "OpenStreetMap contributors",
        "isSynthetic": false,
        "validFrom": "2026-05-06",
        "sourceIdentifier": "osm-way-295908016"
      }
    },
    {
      "type": "Feature",
      "geometry": {
        "type": "Point",
        "coordinates": [
          34.4502146,
          31.5382163
        ]
      },
      "properties": {
        "id": "osm-damage-way-295908031",
        "featureType": "critical_infrastructure",
        "infrastructureType": "building_damage_assessment",
        "status": "osm_damaged",
        "name": "Damaged (OSM)",
        "responsibleOrganization": "OpenStreetMap contributors",
        "isSynthetic": false,
        "validFrom": "2026-05-06",
        "sourceIdentifier": "osm-way-295908031"
      }
    },
    {
      "type": "Feature",
      "geometry": {
        "type": "Point",
        "coordinates": [
          34.4502142,
          31.5379998
        ]
      },
      "properties": {
        "id": "osm-damage-way-295908033",
        "featureType": "critical_infrastructure",
        "infrastructureType": "building_damage_assessment",
        "status": "osm_damaged",
        "name": "Damaged (OSM)",
        "responsibleOrganization": "OpenStreetMap contributors",
        "isSynthetic": false,
        "validFrom": "2026-05-06",
        "sourceIdentifier": "osm-way-295908033"
      }
    },
    {
      "type": "Feature",
      "geometry": {
        "type": "Point",
        "coordinates": [
          34.4498321,
          31.5384876
        ]
      },
      "properties": {
        "id": "osm-damage-way-295908049",
        "featureType": "critical_infrastructure",
        "infrastructureType": "building_damage_assessment",
        "status": "osm_damaged",
        "name": "Damaged (OSM)",
        "responsibleOrganization": "OpenStreetMap contributors",
        "isSynthetic": false,
        "validFrom": "2026-05-06",
        "sourceIdentifier": "osm-way-295908049"
      }
    },
    {
      "type": "Feature",
      "geometry": {
        "type": "Point",
        "coordinates": [
          34.450052,
          31.5381921
        ]
      },
      "properties": {
        "id": "osm-damage-way-295908053",
        "featureType": "critical_infrastructure",
        "infrastructureType": "building_damage_assessment",
        "status": "osm_damaged",
        "name": "Damaged (OSM)",
        "responsibleOrganization": "OpenStreetMap contributors",
        "isSynthetic": false,
        "validFrom": "2026-05-06",
        "sourceIdentifier": "osm-way-295908053"
      }
    },
    {
      "type": "Feature",
      "geometry": {
        "type": "Point",
        "coordinates": [
          34.4500113,
          31.5382414
        ]
      },
      "properties": {
        "id": "osm-damage-way-295908058",
        "featureType": "critical_infrastructure",
        "infrastructureType": "building_damage_assessment",
        "status": "osm_damaged",
        "name": "Damaged (OSM)",
        "responsibleOrganization": "OpenStreetMap contributors",
        "isSynthetic": false,
        "validFrom": "2026-05-06",
        "sourceIdentifier": "osm-way-295908058"
      }
    },
    {
      "type": "Feature",
      "geometry": {
        "type": "Point",
        "coordinates": [
          34.4501864,
          31.5386538
        ]
      },
      "properties": {
        "id": "osm-damage-way-295908067",
        "featureType": "critical_infrastructure",
        "infrastructureType": "building_damage_assessment",
        "status": "osm_damaged",
        "name": "Damaged (OSM)",
        "responsibleOrganization": "OpenStreetMap contributors",
        "isSynthetic": false,
        "validFrom": "2026-05-06",
        "sourceIdentifier": "osm-way-295908067"
      }
    },
    {
      "type": "Feature",
      "geometry": {
        "type": "Point",
        "coordinates": [
          34.4501303,
          31.5380198
        ]
      },
      "properties": {
        "id": "osm-damage-way-295908084",
        "featureType": "critical_infrastructure",
        "infrastructureType": "building_damage_assessment",
        "status": "osm_damaged",
        "name": "Damaged (OSM)",
        "responsibleOrganization": "OpenStreetMap contributors",
        "isSynthetic": false,
        "validFrom": "2026-05-06",
        "sourceIdentifier": "osm-way-295908084"
      }
    },
    {
      "type": "Feature",
      "geometry": {
        "type": "Point",
        "coordinates": [
          34.4501343,
          31.5380991
        ]
      },
      "properties": {
        "id": "osm-damage-way-295908091",
        "featureType": "critical_infrastructure",
        "infrastructureType": "building_damage_assessment",
        "status": "osm_damaged",
        "name": "Damaged (OSM)",
        "responsibleOrganization": "OpenStreetMap contributors",
        "isSynthetic": false,
        "validFrom": "2026-05-06",
        "sourceIdentifier": "osm-way-295908091"
      }
    },
    {
      "type": "Feature",
      "geometry": {
        "type": "Point",
        "coordinates": [
          34.4503018,
          31.538733
        ]
      },
      "properties": {
        "id": "osm-damage-way-295908105",
        "featureType": "critical_infrastructure",
        "infrastructureType": "building_damage_assessment",
        "status": "osm_damaged",
        "name": "Damaged (OSM)",
        "responsibleOrganization": "OpenStreetMap contributors",
        "isSynthetic": false,
        "validFrom": "2026-05-06",
        "sourceIdentifier": "osm-way-295908105"
      }
    },
    {
      "type": "Feature",
      "geometry": {
        "type": "Point",
        "coordinates": [
          34.4502453,
          31.5384323
        ]
      },
      "properties": {
        "id": "osm-damage-way-295908106",
        "featureType": "critical_infrastructure",
        "infrastructureType": "building_damage_assessment",
        "status": "osm_damaged",
        "name": "Damaged (OSM)",
        "responsibleOrganization": "OpenStreetMap contributors",
        "isSynthetic": false,
        "validFrom": "2026-05-06",
        "sourceIdentifier": "osm-way-295908106"
      }
    },
    {
      "type": "Feature",
      "geometry": {
        "type": "Point",
        "coordinates": [
          34.4503124,
          31.5379685
        ]
      },
      "properties": {
        "id": "osm-damage-way-295908108",
        "featureType": "critical_infrastructure",
        "infrastructureType": "building_damage_assessment",
        "status": "osm_damaged",
        "name": "Damaged (OSM)",
        "responsibleOrganization": "OpenStreetMap contributors",
        "isSynthetic": false,
        "validFrom": "2026-05-06",
        "sourceIdentifier": "osm-way-295908108"
      }
    },
    {
      "type": "Feature",
      "geometry": {
        "type": "Point",
        "coordinates": [
          34.4499945,
          31.5386082
        ]
      },
      "properties": {
        "id": "osm-damage-way-295908112",
        "featureType": "critical_infrastructure",
        "infrastructureType": "building_damage_assessment",
        "status": "osm_damaged",
        "name": "Damaged (OSM)",
        "responsibleOrganization": "OpenStreetMap contributors",
        "isSynthetic": false,
        "validFrom": "2026-05-06",
        "sourceIdentifier": "osm-way-295908112"
      }
    },
    {
      "type": "Feature",
      "geometry": {
        "type": "Point",
        "coordinates": [
          34.4501981,
          31.5380777
        ]
      },
      "properties": {
        "id": "osm-damage-way-295908126",
        "featureType": "critical_infrastructure",
        "infrastructureType": "building_damage_assessment",
        "status": "osm_damaged",
        "name": "Damaged (OSM)",
        "responsibleOrganization": "OpenStreetMap contributors",
        "isSynthetic": false,
        "validFrom": "2026-05-06",
        "sourceIdentifier": "osm-way-295908126"
      }
    },
    {
      "type": "Feature",
      "geometry": {
        "type": "Point",
        "coordinates": [
          34.4498715,
          31.5381593
        ]
      },
      "properties": {
        "id": "osm-damage-way-295908131",
        "featureType": "critical_infrastructure",
        "infrastructureType": "building_damage_assessment",
        "status": "osm_damaged",
        "name": "Damaged (OSM)",
        "responsibleOrganization": "OpenStreetMap contributors",
        "isSynthetic": false,
        "validFrom": "2026-05-06",
        "sourceIdentifier": "osm-way-295908131"
      }
    },
    {
      "type": "Feature",
      "geometry": {
        "type": "Point",
        "coordinates": [
          34.4503116,
          31.5381411
        ]
      },
      "properties": {
        "id": "osm-damage-way-295908136",
        "featureType": "critical_infrastructure",
        "infrastructureType": "building_damage_assessment",
        "status": "osm_damaged",
        "name": "Damaged (OSM)",
        "responsibleOrganization": "OpenStreetMap contributors",
        "isSynthetic": false,
        "validFrom": "2026-05-06",
        "sourceIdentifier": "osm-way-295908136"
      }
    },
    {
      "type": "Feature",
      "geometry": {
        "type": "Point",
        "coordinates": [
          34.4499188,
          31.5383378
        ]
      },
      "properties": {
        "id": "osm-damage-way-295908143",
        "featureType": "critical_infrastructure",
        "infrastructureType": "building_damage_assessment",
        "status": "osm_damaged",
        "name": "Damaged (OSM)",
        "responsibleOrganization": "OpenStreetMap contributors",
        "isSynthetic": false,
        "validFrom": "2026-05-06",
        "sourceIdentifier": "osm-way-295908143"
      }
    },
    {
      "type": "Feature",
      "geometry": {
        "type": "Point",
        "coordinates": [
          34.4496721,
          31.5381535
        ]
      },
      "properties": {
        "id": "osm-damage-way-295908144",
        "featureType": "critical_infrastructure",
        "infrastructureType": "building_damage_assessment",
        "status": "osm_damaged",
        "name": "Damaged (OSM)",
        "responsibleOrganization": "OpenStreetMap contributors",
        "isSynthetic": false,
        "validFrom": "2026-05-06",
        "sourceIdentifier": "osm-way-295908144"
      }
    },
    {
      "type": "Feature",
      "geometry": {
        "type": "Point",
        "coordinates": [
          34.4495498,
          31.5380162
        ]
      },
      "properties": {
        "id": "osm-damage-way-295908145",
        "featureType": "critical_infrastructure",
        "infrastructureType": "building_damage_assessment",
        "status": "osm_damaged",
        "name": "Damaged (OSM)",
        "responsibleOrganization": "OpenStreetMap contributors",
        "isSynthetic": false,
        "validFrom": "2026-05-06",
        "sourceIdentifier": "osm-way-295908145"
      }
    },
    {
      "type": "Feature",
      "geometry": {
        "type": "Point",
        "coordinates": [
          34.4498946,
          31.5379305
        ]
      },
      "properties": {
        "id": "osm-damage-way-295908147",
        "featureType": "critical_infrastructure",
        "infrastructureType": "building_damage_assessment",
        "status": "osm_damaged",
        "name": "Damaged (OSM)",
        "responsibleOrganization": "OpenStreetMap contributors",
        "isSynthetic": false,
        "validFrom": "2026-05-06",
        "sourceIdentifier": "osm-way-295908147"
      }
    },
    {
      "type": "Feature",
      "geometry": {
        "type": "Point",
        "coordinates": [
          34.4497537,
          31.538029
        ]
      },
      "properties": {
        "id": "osm-damage-way-295908149",
        "featureType": "critical_infrastructure",
        "infrastructureType": "building_damage_assessment",
        "status": "osm_damaged",
        "name": "Damaged (OSM)",
        "responsibleOrganization": "OpenStreetMap contributors",
        "isSynthetic": false,
        "validFrom": "2026-05-06",
        "sourceIdentifier": "osm-way-295908149"
      }
    },
    {
      "type": "Feature",
      "geometry": {
        "type": "Point",
        "coordinates": [
          34.4501738,
          31.5384922
        ]
      },
      "properties": {
        "id": "osm-damage-way-295908150",
        "featureType": "critical_infrastructure",
        "infrastructureType": "building_damage_assessment",
        "status": "osm_damaged",
        "name": "Damaged (OSM)",
        "responsibleOrganization": "OpenStreetMap contributors",
        "isSynthetic": false,
        "validFrom": "2026-05-06",
        "sourceIdentifier": "osm-way-295908150"
      }
    },
    {
      "type": "Feature",
      "geometry": {
        "type": "Point",
        "coordinates": [
          34.450313,
          31.5385509
        ]
      },
      "properties": {
        "id": "osm-damage-way-295908151",
        "featureType": "critical_infrastructure",
        "infrastructureType": "building_damage_assessment",
        "status": "osm_damaged",
        "name": "Damaged (OSM)",
        "responsibleOrganization": "OpenStreetMap contributors",
        "isSynthetic": false,
        "validFrom": "2026-05-06",
        "sourceIdentifier": "osm-way-295908151"
      }
    },
    {
      "type": "Feature",
      "geometry": {
        "type": "Point",
        "coordinates": [
          34.4500749,
          31.5381181
        ]
      },
      "properties": {
        "id": "osm-damage-way-295908165",
        "featureType": "critical_infrastructure",
        "infrastructureType": "building_damage_assessment",
        "status": "osm_damaged",
        "name": "Damaged (OSM)",
        "responsibleOrganization": "OpenStreetMap contributors",
        "isSynthetic": false,
        "validFrom": "2026-05-06",
        "sourceIdentifier": "osm-way-295908165"
      }
    },
    {
      "type": "Feature",
      "geometry": {
        "type": "Point",
        "coordinates": [
          34.4166862,
          31.502332
        ]
      },
      "properties": {
        "id": "osm-damage-way-295958958",
        "featureType": "critical_infrastructure",
        "infrastructureType": "building_damage_assessment",
        "status": "osm_damaged",
        "name": "Damaged (OSM)",
        "responsibleOrganization": "OpenStreetMap contributors",
        "isSynthetic": false,
        "validFrom": "2026-05-06",
        "sourceIdentifier": "osm-way-295958958"
      }
    },
    {
      "type": "Feature",
      "geometry": {
        "type": "Point",
        "coordinates": [
          34.4160217,
          31.5032537
        ]
      },
      "properties": {
        "id": "osm-damage-way-295958959",
        "featureType": "critical_infrastructure",
        "infrastructureType": "building_damage_assessment",
        "status": "osm_damaged",
        "name": "Damaged (OSM)",
        "responsibleOrganization": "OpenStreetMap contributors",
        "isSynthetic": false,
        "validFrom": "2026-05-06",
        "sourceIdentifier": "osm-way-295958959"
      }
    },
    {
      "type": "Feature",
      "geometry": {
        "type": "Point",
        "coordinates": [
          34.4182633,
          31.5033258
        ]
      },
      "properties": {
        "id": "osm-damage-way-295958961",
        "featureType": "critical_infrastructure",
        "infrastructureType": "building_damage_assessment",
        "status": "osm_destroyed",
        "name": "Destroyed (OSM)",
        "responsibleOrganization": "OpenStreetMap contributors",
        "isSynthetic": false,
        "validFrom": "2026-05-06",
        "sourceIdentifier": "osm-way-295958961"
      }
    },
    {
      "type": "Feature",
      "geometry": {
        "type": "Point",
        "coordinates": [
          34.4142032,
          31.5013636
        ]
      },
      "properties": {
        "id": "osm-damage-way-295958962",
        "featureType": "critical_infrastructure",
        "infrastructureType": "building_damage_assessment",
        "status": "osm_damaged",
        "name": "Damaged (OSM)",
        "responsibleOrganization": "OpenStreetMap contributors",
        "isSynthetic": false,
        "validFrom": "2026-05-06",
        "sourceIdentifier": "osm-way-295958962"
      }
    },
    {
      "type": "Feature",
      "geometry": {
        "type": "Point",
        "coordinates": [
          34.4167439,
          31.4997165
        ]
      },
      "properties": {
        "id": "osm-damage-way-295958963",
        "featureType": "critical_infrastructure",
        "infrastructureType": "building_damage_assessment",
        "status": "osm_damaged",
        "name": "Damaged (OSM)",
        "responsibleOrganization": "OpenStreetMap contributors",
        "isSynthetic": false,
        "validFrom": "2026-05-06",
        "sourceIdentifier": "osm-way-295958963"
      }
    },
    {
      "type": "Feature",
      "geometry": {
        "type": "Point",
        "coordinates": [
          34.4153506,
          31.5032101
        ]
      },
      "properties": {
        "id": "osm-damage-way-295958964",
        "featureType": "critical_infrastructure",
        "infrastructureType": "building_damage_assessment",
        "status": "osm_damaged",
        "name": "Damaged (OSM)",
        "responsibleOrganization": "OpenStreetMap contributors",
        "isSynthetic": false,
        "validFrom": "2026-05-06",
        "sourceIdentifier": "osm-way-295958964"
      }
    },
    {
      "type": "Feature",
      "geometry": {
        "type": "Point",
        "coordinates": [
          34.4167912,
          31.5024218
        ]
      },
      "properties": {
        "id": "osm-damage-way-295958965",
        "featureType": "critical_infrastructure",
        "infrastructureType": "building_damage_assessment",
        "status": "osm_damaged",
        "name": "Damaged (OSM)",
        "responsibleOrganization": "OpenStreetMap contributors",
        "isSynthetic": false,
        "validFrom": "2026-05-06",
        "sourceIdentifier": "osm-way-295958965"
      }
    },
    {
      "type": "Feature",
      "geometry": {
        "type": "Point",
        "coordinates": [
          34.4151223,
          31.5020476
        ]
      },
      "properties": {
        "id": "osm-damage-way-295958966",
        "featureType": "critical_infrastructure",
        "infrastructureType": "building_damage_assessment",
        "status": "osm_damaged",
        "name": "Damaged (OSM)",
        "responsibleOrganization": "OpenStreetMap contributors",
        "isSynthetic": false,
        "validFrom": "2026-05-06",
        "sourceIdentifier": "osm-way-295958966"
      }
    },
    {
      "type": "Feature",
      "geometry": {
        "type": "Point",
        "coordinates": [
          34.4163389,
          31.5019286
        ]
      },
      "properties": {
        "id": "osm-damage-way-295958967",
        "featureType": "critical_infrastructure",
        "infrastructureType": "building_damage_assessment",
        "status": "osm_damaged",
        "name": "Damaged (OSM)",
        "responsibleOrganization": "OpenStreetMap contributors",
        "isSynthetic": false,
        "validFrom": "2026-05-06",
        "sourceIdentifier": "osm-way-295958967"
      }
    },
    {
      "type": "Feature",
      "geometry": {
        "type": "Point",
        "coordinates": [
          34.4157275,
          31.5003379
        ]
      },
      "properties": {
        "id": "osm-damage-way-295958968",
        "featureType": "critical_infrastructure",
        "infrastructureType": "building_damage_assessment",
        "status": "osm_damaged",
        "name": "Damaged (OSM)",
        "responsibleOrganization": "OpenStreetMap contributors",
        "isSynthetic": false,
        "validFrom": "2026-05-06",
        "sourceIdentifier": "osm-way-295958968"
      }
    },
    {
      "type": "Feature",
      "geometry": {
        "type": "Point",
        "coordinates": [
          34.416711,
          31.5021003
        ]
      },
      "properties": {
        "id": "osm-damage-way-295958971",
        "featureType": "critical_infrastructure",
        "infrastructureType": "building_damage_assessment",
        "status": "osm_damaged",
        "name": "Damaged (OSM)",
        "responsibleOrganization": "OpenStreetMap contributors",
        "isSynthetic": false,
        "validFrom": "2026-05-06",
        "sourceIdentifier": "osm-way-295958971"
      }
    },
    {
      "type": "Feature",
      "geometry": {
        "type": "Point",
        "coordinates": [
          34.4160392,
          31.4994714
        ]
      },
      "properties": {
        "id": "osm-damage-way-295958972",
        "featureType": "critical_infrastructure",
        "infrastructureType": "building_damage_assessment",
        "status": "osm_damaged",
        "name": "Damaged (OSM)",
        "responsibleOrganization": "OpenStreetMap contributors",
        "isSynthetic": false,
        "validFrom": "2026-05-06",
        "sourceIdentifier": "osm-way-295958972"
      }
    },
    {
      "type": "Feature",
      "geometry": {
        "type": "Point",
        "coordinates": [
          34.4170597,
          31.5027814
        ]
      },
      "properties": {
        "id": "osm-damage-way-295958973",
        "featureType": "critical_infrastructure",
        "infrastructureType": "building_damage_assessment",
        "status": "osm_damaged",
        "name": "Damaged (OSM)",
        "responsibleOrganization": "OpenStreetMap contributors",
        "isSynthetic": false,
        "validFrom": "2026-05-06",
        "sourceIdentifier": "osm-way-295958973"
      }
    },
    {
      "type": "Feature",
      "geometry": {
        "type": "Point",
        "coordinates": [
          34.4182958,
          31.5031252
        ]
      },
      "properties": {
        "id": "osm-damage-way-295958974",
        "featureType": "critical_infrastructure",
        "infrastructureType": "building_damage_assessment",
        "status": "osm_destroyed",
        "name": "Destroyed (OSM)",
        "responsibleOrganization": "OpenStreetMap contributors",
        "isSynthetic": false,
        "validFrom": "2026-05-06",
        "sourceIdentifier": "osm-way-295958974"
      }
    },
    {
      "type": "Feature",
      "geometry": {
        "type": "Point",
        "coordinates": [
          34.413826,
          31.50105
        ]
      },
      "properties": {
        "id": "osm-damage-way-295958976",
        "featureType": "critical_infrastructure",
        "infrastructureType": "building_damage_assessment",
        "status": "osm_damaged",
        "name": "Damaged (OSM)",
        "responsibleOrganization": "OpenStreetMap contributors",
        "isSynthetic": false,
        "validFrom": "2026-05-06",
        "sourceIdentifier": "osm-way-295958976"
      }
    },
    {
      "type": "Feature",
      "geometry": {
        "type": "Point",
        "coordinates": [
          34.416467,
          31.5018377
        ]
      },
      "properties": {
        "id": "osm-damage-way-295958977",
        "featureType": "critical_infrastructure",
        "infrastructureType": "building_damage_assessment",
        "status": "osm_damaged",
        "name": "Damaged (OSM)",
        "responsibleOrganization": "OpenStreetMap contributors",
        "isSynthetic": false,
        "validFrom": "2026-05-06",
        "sourceIdentifier": "osm-way-295958977"
      }
    },
    {
      "type": "Feature",
      "geometry": {
        "type": "Point",
        "coordinates": [
          34.4147893,
          31.5013095
        ]
      },
      "properties": {
        "id": "osm-damage-way-295958978",
        "featureType": "critical_infrastructure",
        "infrastructureType": "building_damage_assessment",
        "status": "osm_damaged",
        "name": "Damaged (OSM)",
        "responsibleOrganization": "OpenStreetMap contributors",
        "isSynthetic": false,
        "validFrom": "2026-05-06",
        "sourceIdentifier": "osm-way-295958978"
      }
    },
    {
      "type": "Feature",
      "geometry": {
        "type": "Point",
        "coordinates": [
          34.4177704,
          31.503098
        ]
      },
      "properties": {
        "id": "osm-damage-way-295958979",
        "featureType": "critical_infrastructure",
        "infrastructureType": "building_damage_assessment",
        "status": "osm_destroyed",
        "name": "Destroyed (OSM)",
        "responsibleOrganization": "OpenStreetMap contributors",
        "isSynthetic": false,
        "validFrom": "2026-05-06",
        "sourceIdentifier": "osm-way-295958979"
      }
    },
    {
      "type": "Feature",
      "geometry": {
        "type": "Point",
        "coordinates": [
          34.4165715,
          31.503617
        ]
      },
      "properties": {
        "id": "osm-damage-way-295958981",
        "featureType": "critical_infrastructure",
        "infrastructureType": "building_damage_assessment",
        "status": "osm_destroyed",
        "name": "Destroyed (OSM)",
        "responsibleOrganization": "OpenStreetMap contributors",
        "isSynthetic": false,
        "validFrom": "2026-05-06",
        "sourceIdentifier": "osm-way-295958981"
      }
    },
    {
      "type": "Feature",
      "geometry": {
        "type": "Point",
        "coordinates": [
          34.4166755,
          31.5029428
        ]
      },
      "properties": {
        "id": "osm-damage-way-295958983",
        "featureType": "critical_infrastructure",
        "infrastructureType": "building_damage_assessment",
        "status": "osm_damaged",
        "name": "Damaged (OSM)",
        "responsibleOrganization": "OpenStreetMap contributors",
        "isSynthetic": false,
        "validFrom": "2026-05-06",
        "sourceIdentifier": "osm-way-295958983"
      }
    },
    {
      "type": "Feature",
      "geometry": {
        "type": "Point",
        "coordinates": [
          34.4162056,
          31.5028289
        ]
      },
      "properties": {
        "id": "osm-damage-way-295958984",
        "featureType": "critical_infrastructure",
        "infrastructureType": "building_damage_assessment",
        "status": "osm_damaged",
        "name": "Damaged (OSM)",
        "responsibleOrganization": "OpenStreetMap contributors",
        "isSynthetic": false,
        "validFrom": "2026-05-06",
        "sourceIdentifier": "osm-way-295958984"
      }
    },
    {
      "type": "Feature",
      "geometry": {
        "type": "Point",
        "coordinates": [
          34.4181192,
          31.5027827
        ]
      },
      "properties": {
        "id": "osm-damage-way-295958985",
        "featureType": "critical_infrastructure",
        "infrastructureType": "building_damage_assessment",
        "status": "osm_destroyed",
        "name": "Destroyed (OSM)",
        "responsibleOrganization": "OpenStreetMap contributors",
        "isSynthetic": false,
        "validFrom": "2026-05-06",
        "sourceIdentifier": "osm-way-295958985"
      }
    },
    {
      "type": "Feature",
      "geometry": {
        "type": "Point",
        "coordinates": [
          34.4165747,
          31.5019427
        ]
      },
      "properties": {
        "id": "osm-damage-way-295958986",
        "featureType": "critical_infrastructure",
        "infrastructureType": "building_damage_assessment",
        "status": "osm_damaged",
        "name": "Damaged (OSM)",
        "responsibleOrganization": "OpenStreetMap contributors",
        "isSynthetic": false,
        "validFrom": "2026-05-06",
        "sourceIdentifier": "osm-way-295958986"
      }
    },
    {
      "type": "Feature",
      "geometry": {
        "type": "Point",
        "coordinates": [
          34.4160038,
          31.5029095
        ]
      },
      "properties": {
        "id": "osm-damage-way-295958989",
        "featureType": "critical_infrastructure",
        "infrastructureType": "building_damage_assessment",
        "status": "osm_damaged",
        "name": "Damaged (OSM)",
        "responsibleOrganization": "OpenStreetMap contributors",
        "isSynthetic": false,
        "validFrom": "2026-05-06",
        "sourceIdentifier": "osm-way-295958989"
      }
    },
    {
      "type": "Feature",
      "geometry": {
        "type": "Point",
        "coordinates": [
          34.4151056,
          31.5016159
        ]
      },
      "properties": {
        "id": "osm-damage-way-295958990",
        "featureType": "critical_infrastructure",
        "infrastructureType": "building_damage_assessment",
        "status": "osm_damaged",
        "name": "Damaged (OSM)",
        "responsibleOrganization": "OpenStreetMap contributors",
        "isSynthetic": false,
        "validFrom": "2026-05-06",
        "sourceIdentifier": "osm-way-295958990"
      }
    },
    {
      "type": "Feature",
      "geometry": {
        "type": "Point",
        "coordinates": [
          34.4161318,
          31.5022681
        ]
      },
      "properties": {
        "id": "osm-damage-way-295958991",
        "featureType": "critical_infrastructure",
        "infrastructureType": "building_damage_assessment",
        "status": "osm_damaged",
        "name": "Damaged (OSM)",
        "responsibleOrganization": "OpenStreetMap contributors",
        "isSynthetic": false,
        "validFrom": "2026-05-06",
        "sourceIdentifier": "osm-way-295958991"
      }
    },
    {
      "type": "Feature",
      "geometry": {
        "type": "Point",
        "coordinates": [
          34.4141747,
          31.501592
        ]
      },
      "properties": {
        "id": "osm-damage-way-295958992",
        "featureType": "critical_infrastructure",
        "infrastructureType": "building_damage_assessment",
        "status": "osm_damaged",
        "name": "Damaged (OSM)",
        "responsibleOrganization": "OpenStreetMap contributors",
        "isSynthetic": false,
        "validFrom": "2026-05-06",
        "sourceIdentifier": "osm-way-295958992"
      }
    },
    {
      "type": "Feature",
      "geometry": {
        "type": "Point",
        "coordinates": [
          34.417967,
          31.5035156
        ]
      },
      "properties": {
        "id": "osm-damage-way-295958994",
        "featureType": "critical_infrastructure",
        "infrastructureType": "building_damage_assessment",
        "status": "osm_destroyed",
        "name": "Destroyed (OSM)",
        "responsibleOrganization": "OpenStreetMap contributors",
        "isSynthetic": false,
        "validFrom": "2026-05-06",
        "sourceIdentifier": "osm-way-295958994"
      }
    },
    {
      "type": "Feature",
      "geometry": {
        "type": "Point",
        "coordinates": [
          34.416847,
          31.5028314
        ]
      },
      "properties": {
        "id": "osm-damage-way-295958995",
        "featureType": "critical_infrastructure",
        "infrastructureType": "building_damage_assessment",
        "status": "osm_damaged",
        "name": "Damaged (OSM)",
        "responsibleOrganization": "OpenStreetMap contributors",
        "isSynthetic": false,
        "validFrom": "2026-05-06",
        "sourceIdentifier": "osm-way-295958995"
      }
    },
    {
      "type": "Feature",
      "geometry": {
        "type": "Point",
        "coordinates": [
          34.4168914,
          31.5025176
        ]
      },
      "properties": {
        "id": "osm-damage-way-295958996",
        "featureType": "critical_infrastructure",
        "infrastructureType": "building_damage_assessment",
        "status": "osm_damaged",
        "name": "Damaged (OSM)",
        "responsibleOrganization": "OpenStreetMap contributors",
        "isSynthetic": false,
        "validFrom": "2026-05-06",
        "sourceIdentifier": "osm-way-295958996"
      }
    },
    {
      "type": "Feature",
      "geometry": {
        "type": "Point",
        "coordinates": [
          34.4180015,
          31.503125
        ]
      },
      "properties": {
        "id": "osm-damage-way-295959038",
        "featureType": "critical_infrastructure",
        "infrastructureType": "building_damage_assessment",
        "status": "osm_destroyed",
        "name": "Destroyed (OSM)",
        "responsibleOrganization": "OpenStreetMap contributors",
        "isSynthetic": false,
        "validFrom": "2026-05-06",
        "sourceIdentifier": "osm-way-295959038"
      }
    },
    {
      "type": "Feature",
      "geometry": {
        "type": "Point",
        "coordinates": [
          34.4159322,
          31.5024693
        ]
      },
      "properties": {
        "id": "osm-damage-way-295959040",
        "featureType": "critical_infrastructure",
        "infrastructureType": "building_damage_assessment",
        "status": "osm_damaged",
        "name": "Damaged (OSM)",
        "responsibleOrganization": "OpenStreetMap contributors",
        "isSynthetic": false,
        "validFrom": "2026-05-06",
        "sourceIdentifier": "osm-way-295959040"
      }
    },
    {
      "type": "Feature",
      "geometry": {
        "type": "Point",
        "coordinates": [
          34.4159262,
          31.5021434
        ]
      },
      "properties": {
        "id": "osm-damage-way-295959041",
        "featureType": "critical_infrastructure",
        "infrastructureType": "building_damage_assessment",
        "status": "osm_damaged",
        "name": "Damaged (OSM)",
        "responsibleOrganization": "OpenStreetMap contributors",
        "isSynthetic": false,
        "validFrom": "2026-05-06",
        "sourceIdentifier": "osm-way-295959041"
      }
    },
    {
      "type": "Feature",
      "geometry": {
        "type": "Point",
        "coordinates": [
          34.4145514,
          31.5011535
        ]
      },
      "properties": {
        "id": "osm-damage-way-295959042",
        "featureType": "critical_infrastructure",
        "infrastructureType": "building_damage_assessment",
        "status": "osm_damaged",
        "name": "Damaged (OSM)",
        "responsibleOrganization": "OpenStreetMap contributors",
        "isSynthetic": false,
        "validFrom": "2026-05-06",
        "sourceIdentifier": "osm-way-295959042"
      }
    },
    {
      "type": "Feature",
      "geometry": {
        "type": "Point",
        "coordinates": [
          34.4172811,
          31.503035
        ]
      },
      "properties": {
        "id": "osm-damage-way-295959044",
        "featureType": "critical_infrastructure",
        "infrastructureType": "building_damage_assessment",
        "status": "osm_damaged",
        "name": "Damaged (OSM)",
        "responsibleOrganization": "OpenStreetMap contributors",
        "isSynthetic": false,
        "validFrom": "2026-05-06",
        "sourceIdentifier": "osm-way-295959044"
      }
    },
    {
      "type": "Feature",
      "geometry": {
        "type": "Point",
        "coordinates": [
          34.4184675,
          31.5032398
        ]
      },
      "properties": {
        "id": "osm-damage-way-295959045",
        "featureType": "critical_infrastructure",
        "infrastructureType": "building_damage_assessment",
        "status": "osm_destroyed",
        "name": "Destroyed (OSM)",
        "responsibleOrganization": "OpenStreetMap contributors",
        "isSynthetic": false,
        "validFrom": "2026-05-06",
        "sourceIdentifier": "osm-way-295959045"
      }
    },
    {
      "type": "Feature",
      "geometry": {
        "type": "Point",
        "coordinates": [
          34.4161052,
          31.5026163
        ]
      },
      "properties": {
        "id": "osm-damage-way-295959046",
        "featureType": "critical_infrastructure",
        "infrastructureType": "building_damage_assessment",
        "status": "osm_damaged",
        "name": "Damaged (OSM)",
        "responsibleOrganization": "OpenStreetMap contributors",
        "isSynthetic": false,
        "validFrom": "2026-05-06",
        "sourceIdentifier": "osm-way-295959046"
      }
    },
    {
      "type": "Feature",
      "geometry": {
        "type": "Point",
        "coordinates": [
          34.4183745,
          31.5034636
        ]
      },
      "properties": {
        "id": "osm-damage-way-295959047",
        "featureType": "critical_infrastructure",
        "infrastructureType": "building_damage_assessment",
        "status": "osm_destroyed",
        "name": "Destroyed (OSM)",
        "responsibleOrganization": "OpenStreetMap contributors",
        "isSynthetic": false,
        "validFrom": "2026-05-06",
        "sourceIdentifier": "osm-way-295959047"
      }
    },
    {
      "type": "Feature",
      "geometry": {
        "type": "Point",
        "coordinates": [
          34.4144406,
          31.5021538
        ]
      },
      "properties": {
        "id": "osm-damage-way-295959048",
        "featureType": "critical_infrastructure",
        "infrastructureType": "building_damage_assessment",
        "status": "osm_damaged",
        "name": "Damaged (OSM)",
        "responsibleOrganization": "OpenStreetMap contributors",
        "isSynthetic": false,
        "validFrom": "2026-05-06",
        "sourceIdentifier": "osm-way-295959048"
      }
    },
    {
      "type": "Feature",
      "geometry": {
        "type": "Point",
        "coordinates": [
          34.4161514,
          31.5020303
        ]
      },
      "properties": {
        "id": "osm-damage-way-295959050",
        "featureType": "critical_infrastructure",
        "infrastructureType": "building_damage_assessment",
        "status": "osm_damaged",
        "name": "Damaged (OSM)",
        "responsibleOrganization": "OpenStreetMap contributors",
        "isSynthetic": false,
        "validFrom": "2026-05-06",
        "sourceIdentifier": "osm-way-295959050"
      }
    },
    {
      "type": "Feature",
      "geometry": {
        "type": "Point",
        "coordinates": [
          34.4156106,
          31.5034418
        ]
      },
      "properties": {
        "id": "osm-damage-way-295959052",
        "featureType": "critical_infrastructure",
        "infrastructureType": "building_damage_assessment",
        "status": "osm_damaged",
        "name": "Damaged (OSM)",
        "responsibleOrganization": "OpenStreetMap contributors",
        "isSynthetic": false,
        "validFrom": "2026-05-06",
        "sourceIdentifier": "osm-way-295959052"
      }
    },
    {
      "type": "Feature",
      "geometry": {
        "type": "Point",
        "coordinates": [
          34.4153958,
          31.5026604
        ]
      },
      "properties": {
        "id": "osm-damage-way-295959053",
        "featureType": "critical_infrastructure",
        "infrastructureType": "building_damage_assessment",
        "status": "osm_damaged",
        "name": "Damaged (OSM)",
        "responsibleOrganization": "OpenStreetMap contributors",
        "isSynthetic": false,
        "validFrom": "2026-05-06",
        "sourceIdentifier": "osm-way-295959053"
      }
    },
    {
      "type": "Feature",
      "geometry": {
        "type": "Point",
        "coordinates": [
          34.4165456,
          31.5027405
        ]
      },
      "properties": {
        "id": "osm-damage-way-295959055",
        "featureType": "critical_infrastructure",
        "infrastructureType": "building_damage_assessment",
        "status": "osm_damaged",
        "name": "Damaged (OSM)",
        "responsibleOrganization": "OpenStreetMap contributors",
        "isSynthetic": false,
        "validFrom": "2026-05-06",
        "sourceIdentifier": "osm-way-295959055"
      }
    },
    {
      "type": "Feature",
      "geometry": {
        "type": "Point",
        "coordinates": [
          34.4160439,
          31.500402
        ]
      },
      "properties": {
        "id": "osm-damage-way-295959056",
        "featureType": "critical_infrastructure",
        "infrastructureType": "building_damage_assessment",
        "status": "osm_damaged",
        "name": "Damaged (OSM)",
        "responsibleOrganization": "OpenStreetMap contributors",
        "isSynthetic": false,
        "validFrom": "2026-05-06",
        "sourceIdentifier": "osm-way-295959056"
      }
    },
    {
      "type": "Feature",
      "geometry": {
        "type": "Point",
        "coordinates": [
          34.4171508,
          31.5031437
        ]
      },
      "properties": {
        "id": "osm-damage-way-295959057",
        "featureType": "critical_infrastructure",
        "infrastructureType": "building_damage_assessment",
        "status": "osm_damaged",
        "name": "Damaged (OSM)",
        "responsibleOrganization": "OpenStreetMap contributors",
        "isSynthetic": false,
        "validFrom": "2026-05-06",
        "sourceIdentifier": "osm-way-295959057"
      }
    },
    {
      "type": "Feature",
      "geometry": {
        "type": "Point",
        "coordinates": [
          34.4168654,
          31.502244
        ]
      },
      "properties": {
        "id": "osm-damage-way-295959058",
        "featureType": "critical_infrastructure",
        "infrastructureType": "building_damage_assessment",
        "status": "osm_damaged",
        "name": "Damaged (OSM)",
        "responsibleOrganization": "OpenStreetMap contributors",
        "isSynthetic": false,
        "validFrom": "2026-05-06",
        "sourceIdentifier": "osm-way-295959058"
      }
    },
    {
      "type": "Feature",
      "geometry": {
        "type": "Point",
        "coordinates": [
          34.4186713,
          31.5033479
        ]
      },
      "properties": {
        "id": "osm-damage-way-295959059",
        "featureType": "critical_infrastructure",
        "infrastructureType": "building_damage_assessment",
        "status": "osm_destroyed",
        "name": "Destroyed (OSM)",
        "responsibleOrganization": "OpenStreetMap contributors",
        "isSynthetic": false,
        "validFrom": "2026-05-06",
        "sourceIdentifier": "osm-way-295959059"
      }
    },
    {
      "type": "Feature",
      "geometry": {
        "type": "Point",
        "coordinates": [
          34.4164169,
          31.5026031
        ]
      },
      "properties": {
        "id": "osm-damage-way-295959060",
        "featureType": "critical_infrastructure",
        "infrastructureType": "building_damage_assessment",
        "status": "osm_damaged",
        "name": "Damaged (OSM)",
        "responsibleOrganization": "OpenStreetMap contributors",
        "isSynthetic": false,
        "validFrom": "2026-05-06",
        "sourceIdentifier": "osm-way-295959060"
      }
    },
    {
      "type": "Feature",
      "geometry": {
        "type": "Point",
        "coordinates": [
          34.4152479,
          31.5006877
        ]
      },
      "properties": {
        "id": "osm-damage-way-295959061",
        "featureType": "critical_infrastructure",
        "infrastructureType": "building_damage_assessment",
        "status": "osm_damaged",
        "name": "Damaged (OSM)",
        "responsibleOrganization": "OpenStreetMap contributors",
        "isSynthetic": false,
        "validFrom": "2026-05-06",
        "sourceIdentifier": "osm-way-295959061"
      }
    },
    {
      "type": "Feature",
      "geometry": {
        "type": "Point",
        "coordinates": [
          34.4158383,
          31.5033417
        ]
      },
      "properties": {
        "id": "osm-damage-way-295959062",
        "featureType": "critical_infrastructure",
        "infrastructureType": "building_damage_assessment",
        "status": "osm_damaged",
        "name": "Damaged (OSM)",
        "responsibleOrganization": "OpenStreetMap contributors",
        "isSynthetic": false,
        "validFrom": "2026-05-06",
        "sourceIdentifier": "osm-way-295959062"
      }
    },
    {
      "type": "Feature",
      "geometry": {
        "type": "Point",
        "coordinates": [
          34.4140256,
          31.5016611
        ]
      },
      "properties": {
        "id": "osm-damage-way-295959064",
        "featureType": "critical_infrastructure",
        "infrastructureType": "building_damage_assessment",
        "status": "osm_damaged",
        "name": "Damaged (OSM)",
        "responsibleOrganization": "OpenStreetMap contributors",
        "isSynthetic": false,
        "validFrom": "2026-05-06",
        "sourceIdentifier": "osm-way-295959064"
      }
    },
    {
      "type": "Feature",
      "geometry": {
        "type": "Point",
        "coordinates": [
          34.4147488,
          31.5019653
        ]
      },
      "properties": {
        "id": "osm-damage-way-295959066",
        "featureType": "critical_infrastructure",
        "infrastructureType": "building_damage_assessment",
        "status": "osm_damaged",
        "name": "Damaged (OSM)",
        "responsibleOrganization": "OpenStreetMap contributors",
        "isSynthetic": false,
        "validFrom": "2026-05-06",
        "sourceIdentifier": "osm-way-295959066"
      }
    },
    {
      "type": "Feature",
      "geometry": {
        "type": "Point",
        "coordinates": [
          34.4163661,
          31.5021143
        ]
      },
      "properties": {
        "id": "osm-damage-way-295959068",
        "featureType": "critical_infrastructure",
        "infrastructureType": "building_damage_assessment",
        "status": "osm_damaged",
        "name": "Damaged (OSM)",
        "responsibleOrganization": "OpenStreetMap contributors",
        "isSynthetic": false,
        "validFrom": "2026-05-06",
        "sourceIdentifier": "osm-way-295959068"
      }
    },
    {
      "type": "Feature",
      "geometry": {
        "type": "Point",
        "coordinates": [
          34.4184754,
          31.5035136
        ]
      },
      "properties": {
        "id": "osm-damage-way-295959069",
        "featureType": "critical_infrastructure",
        "infrastructureType": "building_damage_assessment",
        "status": "osm_destroyed",
        "name": "Destroyed (OSM)",
        "responsibleOrganization": "OpenStreetMap contributors",
        "isSynthetic": false,
        "validFrom": "2026-05-06",
        "sourceIdentifier": "osm-way-295959069"
      }
    },
    {
      "type": "Feature",
      "geometry": {
        "type": "Point",
        "coordinates": [
          34.417855,
          31.5029758
        ]
      },
      "properties": {
        "id": "osm-damage-way-295959072",
        "featureType": "critical_infrastructure",
        "infrastructureType": "building_damage_assessment",
        "status": "osm_destroyed",
        "name": "Destroyed (OSM)",
        "responsibleOrganization": "OpenStreetMap contributors",
        "isSynthetic": false,
        "validFrom": "2026-05-06",
        "sourceIdentifier": "osm-way-295959072"
      }
    },
    {
      "type": "Feature",
      "geometry": {
        "type": "Point",
        "coordinates": [
          34.416209,
          31.5031436
        ]
      },
      "properties": {
        "id": "osm-damage-way-295959073",
        "featureType": "critical_infrastructure",
        "infrastructureType": "building_damage_assessment",
        "status": "osm_damaged",
        "name": "Damaged (OSM)",
        "responsibleOrganization": "OpenStreetMap contributors",
        "isSynthetic": false,
        "validFrom": "2026-05-06",
        "sourceIdentifier": "osm-way-295959073"
      }
    },
    {
      "type": "Feature",
      "geometry": {
        "type": "Point",
        "coordinates": [
          34.4165383,
          31.5022173
        ]
      },
      "properties": {
        "id": "osm-damage-way-295959074",
        "featureType": "critical_infrastructure",
        "infrastructureType": "building_damage_assessment",
        "status": "osm_damaged",
        "name": "Damaged (OSM)",
        "responsibleOrganization": "OpenStreetMap contributors",
        "isSynthetic": false,
        "validFrom": "2026-05-06",
        "sourceIdentifier": "osm-way-295959074"
      }
    },
    {
      "type": "Feature",
      "geometry": {
        "type": "Point",
        "coordinates": [
          34.416191,
          31.4993635
        ]
      },
      "properties": {
        "id": "osm-damage-way-295959075",
        "featureType": "critical_infrastructure",
        "infrastructureType": "building_damage_assessment",
        "status": "osm_damaged",
        "name": "Damaged (OSM)",
        "responsibleOrganization": "OpenStreetMap contributors",
        "isSynthetic": false,
        "validFrom": "2026-05-06",
        "sourceIdentifier": "osm-way-295959075"
      }
    },
    {
      "type": "Feature",
      "geometry": {
        "type": "Point",
        "coordinates": [
          34.415503,
          31.5031413
        ]
      },
      "properties": {
        "id": "osm-damage-way-295959076",
        "featureType": "critical_infrastructure",
        "infrastructureType": "building_damage_assessment",
        "status": "osm_damaged",
        "name": "Damaged (OSM)",
        "responsibleOrganization": "OpenStreetMap contributors",
        "isSynthetic": false,
        "validFrom": "2026-05-06",
        "sourceIdentifier": "osm-way-295959076"
      }
    },
    {
      "type": "Feature",
      "geometry": {
        "type": "Point",
        "coordinates": [
          34.4156797,
          31.5033987
        ]
      },
      "properties": {
        "id": "osm-damage-way-295959078",
        "featureType": "critical_infrastructure",
        "infrastructureType": "building_damage_assessment",
        "status": "osm_damaged",
        "name": "Damaged (OSM)",
        "responsibleOrganization": "OpenStreetMap contributors",
        "isSynthetic": false,
        "validFrom": "2026-05-06",
        "sourceIdentifier": "osm-way-295959078"
      }
    },
    {
      "type": "Feature",
      "geometry": {
        "type": "Point",
        "coordinates": [
          34.4151975,
          31.5025527
        ]
      },
      "properties": {
        "id": "osm-damage-way-295959080",
        "featureType": "critical_infrastructure",
        "infrastructureType": "building_damage_assessment",
        "status": "osm_damaged",
        "name": "Damaged (OSM)",
        "responsibleOrganization": "OpenStreetMap contributors",
        "isSynthetic": false,
        "validFrom": "2026-05-06",
        "sourceIdentifier": "osm-way-295959080"
      }
    },
    {
      "type": "Feature",
      "geometry": {
        "type": "Point",
        "coordinates": [
          34.4178684,
          31.5032448
        ]
      },
      "properties": {
        "id": "osm-damage-way-295959081",
        "featureType": "critical_infrastructure",
        "infrastructureType": "building_damage_assessment",
        "status": "osm_destroyed",
        "name": "Destroyed (OSM)",
        "responsibleOrganization": "OpenStreetMap contributors",
        "isSynthetic": false,
        "validFrom": "2026-05-06",
        "sourceIdentifier": "osm-way-295959081"
      }
    },
    {
      "type": "Feature",
      "geometry": {
        "type": "Point",
        "coordinates": [
          34.415982,
          31.5026996
        ]
      },
      "properties": {
        "id": "osm-damage-way-295959082",
        "featureType": "critical_infrastructure",
        "infrastructureType": "building_damage_assessment",
        "status": "osm_damaged",
        "name": "Damaged (OSM)",
        "responsibleOrganization": "OpenStreetMap contributors",
        "isSynthetic": false,
        "validFrom": "2026-05-06",
        "sourceIdentifier": "osm-way-295959082"
      }
    },
    {
      "type": "Feature",
      "geometry": {
        "type": "Point",
        "coordinates": [
          34.4162345,
          31.5035561
        ]
      },
      "properties": {
        "id": "osm-damage-way-295959083",
        "featureType": "critical_infrastructure",
        "infrastructureType": "building_damage_assessment",
        "status": "osm_destroyed",
        "name": "Destroyed (OSM)",
        "responsibleOrganization": "OpenStreetMap contributors",
        "isSynthetic": false,
        "validFrom": "2026-05-06",
        "sourceIdentifier": "osm-way-295959083"
      }
    },
    {
      "type": "Feature",
      "geometry": {
        "type": "Point",
        "coordinates": [
          34.4170377,
          31.5023928
        ]
      },
      "properties": {
        "id": "osm-damage-way-295959084",
        "featureType": "critical_infrastructure",
        "infrastructureType": "building_damage_assessment",
        "status": "osm_damaged",
        "name": "Damaged (OSM)",
        "responsibleOrganization": "OpenStreetMap contributors",
        "isSynthetic": false,
        "validFrom": "2026-05-06",
        "sourceIdentifier": "osm-way-295959084"
      }
    },
    {
      "type": "Feature",
      "geometry": {
        "type": "Point",
        "coordinates": [
          34.4165275,
          31.5031593
        ]
      },
      "properties": {
        "id": "osm-damage-way-295959086",
        "featureType": "critical_infrastructure",
        "infrastructureType": "building_damage_assessment",
        "status": "osm_damaged",
        "name": "Damaged (OSM)",
        "responsibleOrganization": "OpenStreetMap contributors",
        "isSynthetic": false,
        "validFrom": "2026-05-06",
        "sourceIdentifier": "osm-way-295959086"
      }
    },
    {
      "type": "Feature",
      "geometry": {
        "type": "Point",
        "coordinates": [
          34.4180485,
          31.5029445
        ]
      },
      "properties": {
        "id": "osm-damage-way-295959087",
        "featureType": "critical_infrastructure",
        "infrastructureType": "building_damage_assessment",
        "status": "osm_destroyed",
        "name": "Destroyed (OSM)",
        "responsibleOrganization": "OpenStreetMap contributors",
        "isSynthetic": false,
        "validFrom": "2026-05-06",
        "sourceIdentifier": "osm-way-295959087"
      }
    },
    {
      "type": "Feature",
      "geometry": {
        "type": "Point",
        "coordinates": [
          34.4137111,
          31.5012656
        ]
      },
      "properties": {
        "id": "osm-damage-way-295959088",
        "featureType": "critical_infrastructure",
        "infrastructureType": "building_damage_assessment",
        "status": "osm_damaged",
        "name": "Damaged (OSM)",
        "responsibleOrganization": "OpenStreetMap contributors",
        "isSynthetic": false,
        "validFrom": "2026-05-06",
        "sourceIdentifier": "osm-way-295959088"
      }
    },
    {
      "type": "Feature",
      "geometry": {
        "type": "Point",
        "coordinates": [
          34.415791,
          31.5030778
        ]
      },
      "properties": {
        "id": "osm-damage-way-295959089",
        "featureType": "critical_infrastructure",
        "infrastructureType": "building_damage_assessment",
        "status": "osm_damaged",
        "name": "Damaged (OSM)",
        "responsibleOrganization": "OpenStreetMap contributors",
        "isSynthetic": false,
        "validFrom": "2026-05-06",
        "sourceIdentifier": "osm-way-295959089"
      }
    },
    {
      "type": "Feature",
      "geometry": {
        "type": "Point",
        "coordinates": [
          34.4173334,
          31.5013222
        ]
      },
      "properties": {
        "id": "osm-damage-way-295966548",
        "featureType": "critical_infrastructure",
        "infrastructureType": "building_damage_assessment",
        "status": "osm_destroyed",
        "name": "Destroyed (OSM)",
        "responsibleOrganization": "OpenStreetMap contributors",
        "isSynthetic": false,
        "validFrom": "2026-05-06",
        "sourceIdentifier": "osm-way-295966548"
      }
    },
    {
      "type": "Feature",
      "geometry": {
        "type": "Point",
        "coordinates": [
          34.4181952,
          31.5025242
        ]
      },
      "properties": {
        "id": "osm-damage-way-295966549",
        "featureType": "critical_infrastructure",
        "infrastructureType": "building_damage_assessment",
        "status": "osm_destroyed",
        "name": "Destroyed (OSM)",
        "responsibleOrganization": "OpenStreetMap contributors",
        "isSynthetic": false,
        "validFrom": "2026-05-06",
        "sourceIdentifier": "osm-way-295966549"
      }
    },
    {
      "type": "Feature",
      "geometry": {
        "type": "Point",
        "coordinates": [
          34.4190554,
          31.5025739
        ]
      },
      "properties": {
        "id": "osm-damage-way-295966550",
        "featureType": "critical_infrastructure",
        "infrastructureType": "building_damage_assessment",
        "status": "osm_destroyed",
        "name": "Destroyed (OSM)",
        "responsibleOrganization": "OpenStreetMap contributors",
        "isSynthetic": false,
        "validFrom": "2026-05-06",
        "sourceIdentifier": "osm-way-295966550"
      }
    },
    {
      "type": "Feature",
      "geometry": {
        "type": "Point",
        "coordinates": [
          34.4187974,
          31.5018648
        ]
      },
      "properties": {
        "id": "osm-damage-way-295966552",
        "featureType": "critical_infrastructure",
        "infrastructureType": "building_damage_assessment",
        "status": "osm_destroyed",
        "name": "Destroyed (OSM)",
        "responsibleOrganization": "OpenStreetMap contributors",
        "isSynthetic": false,
        "validFrom": "2026-05-06",
        "sourceIdentifier": "osm-way-295966552"
      }
    },
    {
      "type": "Feature",
      "geometry": {
        "type": "Point",
        "coordinates": [
          34.4171328,
          31.5020818
        ]
      },
      "properties": {
        "id": "osm-damage-way-295966553",
        "featureType": "critical_infrastructure",
        "infrastructureType": "building_damage_assessment",
        "status": "osm_destroyed",
        "name": "Destroyed (OSM)",
        "responsibleOrganization": "OpenStreetMap contributors",
        "isSynthetic": false,
        "validFrom": "2026-05-06",
        "sourceIdentifier": "osm-way-295966553"
      }
    },
    {
      "type": "Feature",
      "geometry": {
        "type": "Point",
        "coordinates": [
          34.4187467,
          31.5028918
        ]
      },
      "properties": {
        "id": "osm-damage-way-295966555",
        "featureType": "critical_infrastructure",
        "infrastructureType": "building_damage_assessment",
        "status": "osm_destroyed",
        "name": "Destroyed (OSM)",
        "responsibleOrganization": "OpenStreetMap contributors",
        "isSynthetic": false,
        "validFrom": "2026-05-06",
        "sourceIdentifier": "osm-way-295966555"
      }
    },
    {
      "type": "Feature",
      "geometry": {
        "type": "Point",
        "coordinates": [
          34.4174374,
          31.5014715
        ]
      },
      "properties": {
        "id": "osm-damage-way-295966559",
        "featureType": "critical_infrastructure",
        "infrastructureType": "building_damage_assessment",
        "status": "osm_destroyed",
        "name": "Destroyed (OSM)",
        "responsibleOrganization": "OpenStreetMap contributors",
        "isSynthetic": false,
        "validFrom": "2026-05-06",
        "sourceIdentifier": "osm-way-295966559"
      }
    },
    {
      "type": "Feature",
      "geometry": {
        "type": "Point",
        "coordinates": [
          34.4193066,
          31.5032048
        ]
      },
      "properties": {
        "id": "osm-damage-way-295966560",
        "featureType": "critical_infrastructure",
        "infrastructureType": "building_damage_assessment",
        "status": "osm_destroyed",
        "name": "Destroyed (OSM)",
        "responsibleOrganization": "OpenStreetMap contributors",
        "isSynthetic": false,
        "validFrom": "2026-05-06",
        "sourceIdentifier": "osm-way-295966560"
      }
    },
    {
      "type": "Feature",
      "geometry": {
        "type": "Point",
        "coordinates": [
          34.4174936,
          31.5023381
        ]
      },
      "properties": {
        "id": "osm-damage-way-295966562",
        "featureType": "critical_infrastructure",
        "infrastructureType": "building_damage_assessment",
        "status": "osm_destroyed",
        "name": "Destroyed (OSM)",
        "responsibleOrganization": "OpenStreetMap contributors",
        "isSynthetic": false,
        "validFrom": "2026-05-06",
        "sourceIdentifier": "osm-way-295966562"
      }
    },
    {
      "type": "Feature",
      "geometry": {
        "type": "Point",
        "coordinates": [
          34.418977,
          31.5027394
        ]
      },
      "properties": {
        "id": "osm-damage-way-295966564",
        "featureType": "critical_infrastructure",
        "infrastructureType": "building_damage_assessment",
        "status": "osm_destroyed",
        "name": "Destroyed (OSM)",
        "responsibleOrganization": "OpenStreetMap contributors",
        "isSynthetic": false,
        "validFrom": "2026-05-06",
        "sourceIdentifier": "osm-way-295966564"
      }
    },
    {
      "type": "Feature",
      "geometry": {
        "type": "Point",
        "coordinates": [
          34.4191206,
          31.5031212
        ]
      },
      "properties": {
        "id": "osm-damage-way-295966571",
        "featureType": "critical_infrastructure",
        "infrastructureType": "building_damage_assessment",
        "status": "osm_destroyed",
        "name": "Destroyed (OSM)",
        "responsibleOrganization": "OpenStreetMap contributors",
        "isSynthetic": false,
        "validFrom": "2026-05-06",
        "sourceIdentifier": "osm-way-295966571"
      }
    },
    {
      "type": "Feature",
      "geometry": {
        "type": "Point",
        "coordinates": [
          34.4172712,
          31.5022193
        ]
      },
      "properties": {
        "id": "osm-damage-way-295966573",
        "featureType": "critical_infrastructure",
        "infrastructureType": "building_damage_assessment",
        "status": "osm_destroyed",
        "name": "Destroyed (OSM)",
        "responsibleOrganization": "OpenStreetMap contributors",
        "isSynthetic": false,
        "validFrom": "2026-05-06",
        "sourceIdentifier": "osm-way-295966573"
      }
    },
    {
      "type": "Feature",
      "geometry": {
        "type": "Point",
        "coordinates": [
          34.4174903,
          31.5020384
        ]
      },
      "properties": {
        "id": "osm-damage-way-295966574",
        "featureType": "critical_infrastructure",
        "infrastructureType": "building_damage_assessment",
        "status": "osm_destroyed",
        "name": "Destroyed (OSM)",
        "responsibleOrganization": "OpenStreetMap contributors",
        "isSynthetic": false,
        "validFrom": "2026-05-06",
        "sourceIdentifier": "osm-way-295966574"
      }
    },
    {
      "type": "Feature",
      "geometry": {
        "type": "Point",
        "coordinates": [
          34.4186284,
          31.5025867
        ]
      },
      "properties": {
        "id": "osm-damage-way-295966575",
        "featureType": "critical_infrastructure",
        "infrastructureType": "building_damage_assessment",
        "status": "osm_destroyed",
        "name": "Destroyed (OSM)",
        "responsibleOrganization": "OpenStreetMap contributors",
        "isSynthetic": false,
        "validFrom": "2026-05-06",
        "sourceIdentifier": "osm-way-295966575"
      }
    },
    {
      "type": "Feature",
      "geometry": {
        "type": "Point",
        "coordinates": [
          34.4199409,
          31.5029857
        ]
      },
      "properties": {
        "id": "osm-damage-way-295966578",
        "featureType": "critical_infrastructure",
        "infrastructureType": "building_damage_assessment",
        "status": "osm_destroyed",
        "name": "Destroyed (OSM)",
        "responsibleOrganization": "OpenStreetMap contributors",
        "isSynthetic": false,
        "validFrom": "2026-05-06",
        "sourceIdentifier": "osm-way-295966578"
      }
    },
    {
      "type": "Feature",
      "geometry": {
        "type": "Point",
        "coordinates": [
          34.4181849,
          31.5023543
        ]
      },
      "properties": {
        "id": "osm-damage-way-295966579",
        "featureType": "critical_infrastructure",
        "infrastructureType": "building_damage_assessment",
        "status": "osm_destroyed",
        "name": "Destroyed (OSM)",
        "responsibleOrganization": "OpenStreetMap contributors",
        "isSynthetic": false,
        "validFrom": "2026-05-06",
        "sourceIdentifier": "osm-way-295966579"
      }
    },
    {
      "type": "Feature",
      "geometry": {
        "type": "Point",
        "coordinates": [
          34.4159104,
          31.4996079
        ]
      },
      "properties": {
        "id": "osm-damage-way-295966583",
        "featureType": "critical_infrastructure",
        "infrastructureType": "building_damage_assessment",
        "status": "osm_damaged",
        "name": "Damaged (OSM)",
        "responsibleOrganization": "OpenStreetMap contributors",
        "isSynthetic": false,
        "validFrom": "2026-05-06",
        "sourceIdentifier": "osm-way-295966583"
      }
    },
    {
      "type": "Feature",
      "geometry": {
        "type": "Point",
        "coordinates": [
          34.4189971,
          31.5034168
        ]
      },
      "properties": {
        "id": "osm-damage-way-295966584",
        "featureType": "critical_infrastructure",
        "infrastructureType": "building_damage_assessment",
        "status": "osm_destroyed",
        "name": "Destroyed (OSM)",
        "responsibleOrganization": "OpenStreetMap contributors",
        "isSynthetic": false,
        "validFrom": "2026-05-06",
        "sourceIdentifier": "osm-way-295966584"
      }
    },
    {
      "type": "Feature",
      "geometry": {
        "type": "Point",
        "coordinates": [
          34.4166334,
          31.5016124
        ]
      },
      "properties": {
        "id": "osm-damage-way-295966591",
        "featureType": "critical_infrastructure",
        "infrastructureType": "building_damage_assessment",
        "status": "osm_destroyed",
        "name": "Destroyed (OSM)",
        "responsibleOrganization": "OpenStreetMap contributors",
        "isSynthetic": false,
        "validFrom": "2026-05-06",
        "sourceIdentifier": "osm-way-295966591"
      }
    },
    {
      "type": "Feature",
      "geometry": {
        "type": "Point",
        "coordinates": [
          34.4180172,
          31.5024824
        ]
      },
      "properties": {
        "id": "osm-damage-way-295966592",
        "featureType": "critical_infrastructure",
        "infrastructureType": "building_damage_assessment",
        "status": "osm_destroyed",
        "name": "Destroyed (OSM)",
        "responsibleOrganization": "OpenStreetMap contributors",
        "isSynthetic": false,
        "validFrom": "2026-05-06",
        "sourceIdentifier": "osm-way-295966592"
      }
    },
    {
      "type": "Feature",
      "geometry": {
        "type": "Point",
        "coordinates": [
          34.4142497,
          31.5015675
        ]
      },
      "properties": {
        "id": "osm-damage-way-295966593",
        "featureType": "critical_infrastructure",
        "infrastructureType": "building_damage_assessment",
        "status": "osm_damaged",
        "name": "Damaged (OSM)",
        "responsibleOrganization": "OpenStreetMap contributors",
        "isSynthetic": false,
        "validFrom": "2026-05-06",
        "sourceIdentifier": "osm-way-295966593"
      }
    },
    {
      "type": "Feature",
      "geometry": {
        "type": "Point",
        "coordinates": [
          34.4195339,
          31.5031884
        ]
      },
      "properties": {
        "id": "osm-damage-way-295966596",
        "featureType": "critical_infrastructure",
        "infrastructureType": "building_damage_assessment",
        "status": "osm_destroyed",
        "name": "Destroyed (OSM)",
        "responsibleOrganization": "OpenStreetMap contributors",
        "isSynthetic": false,
        "validFrom": "2026-05-06",
        "sourceIdentifier": "osm-way-295966596"
      }
    },
    {
      "type": "Feature",
      "geometry": {
        "type": "Point",
        "coordinates": [
          34.418342,
          31.5022166
        ]
      },
      "properties": {
        "id": "osm-damage-way-295966602",
        "featureType": "critical_infrastructure",
        "infrastructureType": "building_damage_assessment",
        "status": "osm_destroyed",
        "name": "Destroyed (OSM)",
        "responsibleOrganization": "OpenStreetMap contributors",
        "isSynthetic": false,
        "validFrom": "2026-05-06",
        "sourceIdentifier": "osm-way-295966602"
      }
    },
    {
      "type": "Feature",
      "geometry": {
        "type": "Point",
        "coordinates": [
          34.4172715,
          31.5019816
        ]
      },
      "properties": {
        "id": "osm-damage-way-295966603",
        "featureType": "critical_infrastructure",
        "infrastructureType": "building_damage_assessment",
        "status": "osm_destroyed",
        "name": "Destroyed (OSM)",
        "responsibleOrganization": "OpenStreetMap contributors",
        "isSynthetic": false,
        "validFrom": "2026-05-06",
        "sourceIdentifier": "osm-way-295966603"
      }
    },
    {
      "type": "Feature",
      "geometry": {
        "type": "Point",
        "coordinates": [
          34.4171675,
          31.5014606
        ]
      },
      "properties": {
        "id": "osm-damage-way-295966604",
        "featureType": "critical_infrastructure",
        "infrastructureType": "building_damage_assessment",
        "status": "osm_destroyed",
        "name": "Destroyed (OSM)",
        "responsibleOrganization": "OpenStreetMap contributors",
        "isSynthetic": false,
        "validFrom": "2026-05-06",
        "sourceIdentifier": "osm-way-295966604"
      }
    },
    {
      "type": "Feature",
      "geometry": {
        "type": "Point",
        "coordinates": [
          34.4190934,
          31.5017405
        ]
      },
      "properties": {
        "id": "osm-damage-way-295966605",
        "featureType": "critical_infrastructure",
        "infrastructureType": "building_damage_assessment",
        "status": "osm_destroyed",
        "name": "Destroyed (OSM)",
        "responsibleOrganization": "OpenStreetMap contributors",
        "isSynthetic": false,
        "validFrom": "2026-05-06",
        "sourceIdentifier": "osm-way-295966605"
      }
    },
    {
      "type": "Feature",
      "geometry": {
        "type": "Point",
        "coordinates": [
          34.4185685,
          31.5030619
        ]
      },
      "properties": {
        "id": "osm-damage-way-295966608",
        "featureType": "critical_infrastructure",
        "infrastructureType": "building_damage_assessment",
        "status": "osm_destroyed",
        "name": "Destroyed (OSM)",
        "responsibleOrganization": "OpenStreetMap contributors",
        "isSynthetic": false,
        "validFrom": "2026-05-06",
        "sourceIdentifier": "osm-way-295966608"
      }
    },
    {
      "type": "Feature",
      "geometry": {
        "type": "Point",
        "coordinates": [
          34.4176792,
          31.5015985
        ]
      },
      "properties": {
        "id": "osm-damage-way-295966609",
        "featureType": "critical_infrastructure",
        "infrastructureType": "building_damage_assessment",
        "status": "osm_destroyed",
        "name": "Destroyed (OSM)",
        "responsibleOrganization": "OpenStreetMap contributors",
        "isSynthetic": false,
        "validFrom": "2026-05-06",
        "sourceIdentifier": "osm-way-295966609"
      }
    },
    {
      "type": "Feature",
      "geometry": {
        "type": "Point",
        "coordinates": [
          34.416772,
          31.5017191
        ]
      },
      "properties": {
        "id": "osm-damage-way-295966612",
        "featureType": "critical_infrastructure",
        "infrastructureType": "building_damage_assessment",
        "status": "osm_destroyed",
        "name": "Destroyed (OSM)",
        "responsibleOrganization": "OpenStreetMap contributors",
        "isSynthetic": false,
        "validFrom": "2026-05-06",
        "sourceIdentifier": "osm-way-295966612"
      }
    },
    {
      "type": "Feature",
      "geometry": {
        "type": "Point",
        "coordinates": [
          34.4141247,
          31.5013019
        ]
      },
      "properties": {
        "id": "osm-damage-way-295966613",
        "featureType": "critical_infrastructure",
        "infrastructureType": "building_damage_assessment",
        "status": "osm_damaged",
        "name": "Damaged (OSM)",
        "responsibleOrganization": "OpenStreetMap contributors",
        "isSynthetic": false,
        "validFrom": "2026-05-06",
        "sourceIdentifier": "osm-way-295966613"
      }
    },
    {
      "type": "Feature",
      "geometry": {
        "type": "Point",
        "coordinates": [
          34.419146,
          31.5027908
        ]
      },
      "properties": {
        "id": "osm-damage-way-295966616",
        "featureType": "critical_infrastructure",
        "infrastructureType": "building_damage_assessment",
        "status": "osm_destroyed",
        "name": "Destroyed (OSM)",
        "responsibleOrganization": "OpenStreetMap contributors",
        "isSynthetic": false,
        "validFrom": "2026-05-06",
        "sourceIdentifier": "osm-way-295966616"
      }
    },
    {
      "type": "Feature",
      "geometry": {
        "type": "Point",
        "coordinates": [
          34.4190242,
          31.5021003
        ]
      },
      "properties": {
        "id": "osm-damage-way-295966619",
        "featureType": "critical_infrastructure",
        "infrastructureType": "building_damage_assessment",
        "status": "osm_destroyed",
        "name": "Destroyed (OSM)",
        "responsibleOrganization": "OpenStreetMap contributors",
        "isSynthetic": false,
        "validFrom": "2026-05-06",
        "sourceIdentifier": "osm-way-295966619"
      }
    },
    {
      "type": "Feature",
      "geometry": {
        "type": "Point",
        "coordinates": [
          34.4196185,
          31.502852
        ]
      },
      "properties": {
        "id": "osm-damage-way-295966622",
        "featureType": "critical_infrastructure",
        "infrastructureType": "building_damage_assessment",
        "status": "osm_destroyed",
        "name": "Destroyed (OSM)",
        "responsibleOrganization": "OpenStreetMap contributors",
        "isSynthetic": false,
        "validFrom": "2026-05-06",
        "sourceIdentifier": "osm-way-295966622"
      }
    },
    {
      "type": "Feature",
      "geometry": {
        "type": "Point",
        "coordinates": [
          34.4187791,
          31.5020948
        ]
      },
      "properties": {
        "id": "osm-damage-way-295966626",
        "featureType": "critical_infrastructure",
        "infrastructureType": "building_damage_assessment",
        "status": "osm_destroyed",
        "name": "Destroyed (OSM)",
        "responsibleOrganization": "OpenStreetMap contributors",
        "isSynthetic": false,
        "validFrom": "2026-05-06",
        "sourceIdentifier": "osm-way-295966626"
      }
    },
    {
      "type": "Feature",
      "geometry": {
        "type": "Point",
        "coordinates": [
          34.4192665,
          31.5026848
        ]
      },
      "properties": {
        "id": "osm-damage-way-295966632",
        "featureType": "critical_infrastructure",
        "infrastructureType": "building_damage_assessment",
        "status": "osm_destroyed",
        "name": "Destroyed (OSM)",
        "responsibleOrganization": "OpenStreetMap contributors",
        "isSynthetic": false,
        "validFrom": "2026-05-06",
        "sourceIdentifier": "osm-way-295966632"
      }
    },
    {
      "type": "Feature",
      "geometry": {
        "type": "Point",
        "coordinates": [
          34.418909,
          31.5021818
        ]
      },
      "properties": {
        "id": "osm-damage-way-295966636",
        "featureType": "critical_infrastructure",
        "infrastructureType": "building_damage_assessment",
        "status": "osm_destroyed",
        "name": "Destroyed (OSM)",
        "responsibleOrganization": "OpenStreetMap contributors",
        "isSynthetic": false,
        "validFrom": "2026-05-06",
        "sourceIdentifier": "osm-way-295966636"
      }
    },
    {
      "type": "Feature",
      "geometry": {
        "type": "Point",
        "coordinates": [
          34.4183411,
          31.5024455
        ]
      },
      "properties": {
        "id": "osm-damage-way-295966637",
        "featureType": "critical_infrastructure",
        "infrastructureType": "building_damage_assessment",
        "status": "osm_destroyed",
        "name": "Destroyed (OSM)",
        "responsibleOrganization": "OpenStreetMap contributors",
        "isSynthetic": false,
        "validFrom": "2026-05-06",
        "sourceIdentifier": "osm-way-295966637"
      }
    },
    {
      "type": "Feature",
      "geometry": {
        "type": "Point",
        "coordinates": [
          34.4200477,
          31.503463
        ]
      },
      "properties": {
        "id": "osm-damage-way-295966646",
        "featureType": "critical_infrastructure",
        "infrastructureType": "building_damage_assessment",
        "status": "osm_destroyed",
        "name": "Destroyed (OSM)",
        "responsibleOrganization": "OpenStreetMap contributors",
        "isSynthetic": false,
        "validFrom": "2026-05-06",
        "sourceIdentifier": "osm-way-295966646"
      }
    },
    {
      "type": "Feature",
      "geometry": {
        "type": "Point",
        "coordinates": [
          34.417327,
          31.5017572
        ]
      },
      "properties": {
        "id": "osm-damage-way-295966647",
        "featureType": "critical_infrastructure",
        "infrastructureType": "building_damage_assessment",
        "status": "osm_destroyed",
        "name": "Destroyed (OSM)",
        "responsibleOrganization": "OpenStreetMap contributors",
        "isSynthetic": false,
        "validFrom": "2026-05-06",
        "sourceIdentifier": "osm-way-295966647"
      }
    },
    {
      "type": "Feature",
      "geometry": {
        "type": "Point",
        "coordinates": [
          34.4168494,
          31.5018456
        ]
      },
      "properties": {
        "id": "osm-damage-way-295966649",
        "featureType": "critical_infrastructure",
        "infrastructureType": "building_damage_assessment",
        "status": "osm_destroyed",
        "name": "Destroyed (OSM)",
        "responsibleOrganization": "OpenStreetMap contributors",
        "isSynthetic": false,
        "validFrom": "2026-05-06",
        "sourceIdentifier": "osm-way-295966649"
      }
    },
    {
      "type": "Feature",
      "geometry": {
        "type": "Point",
        "coordinates": [
          34.4184852,
          31.50234
        ]
      },
      "properties": {
        "id": "osm-damage-way-295966650",
        "featureType": "critical_infrastructure",
        "infrastructureType": "building_damage_assessment",
        "status": "osm_destroyed",
        "name": "Destroyed (OSM)",
        "responsibleOrganization": "OpenStreetMap contributors",
        "isSynthetic": false,
        "validFrom": "2026-05-06",
        "sourceIdentifier": "osm-way-295966650"
      }
    },
    {
      "type": "Feature",
      "geometry": {
        "type": "Point",
        "coordinates": [
          34.4185107,
          31.5028382
        ]
      },
      "properties": {
        "id": "osm-damage-way-295966653",
        "featureType": "critical_infrastructure",
        "infrastructureType": "building_damage_assessment",
        "status": "osm_destroyed",
        "name": "Destroyed (OSM)",
        "responsibleOrganization": "OpenStreetMap contributors",
        "isSynthetic": false,
        "validFrom": "2026-05-06",
        "sourceIdentifier": "osm-way-295966653"
      }
    },
    {
      "type": "Feature",
      "geometry": {
        "type": "Point",
        "coordinates": [
          34.4175353,
          31.5017203
        ]
      },
      "properties": {
        "id": "osm-damage-way-295966660",
        "featureType": "critical_infrastructure",
        "infrastructureType": "building_damage_assessment",
        "status": "osm_destroyed",
        "name": "Destroyed (OSM)",
        "responsibleOrganization": "OpenStreetMap contributors",
        "isSynthetic": false,
        "validFrom": "2026-05-06",
        "sourceIdentifier": "osm-way-295966660"
      }
    },
    {
      "type": "Feature",
      "geometry": {
        "type": "Point",
        "coordinates": [
          34.4187972,
          31.5026783
        ]
      },
      "properties": {
        "id": "osm-damage-way-295966661",
        "featureType": "critical_infrastructure",
        "infrastructureType": "building_damage_assessment",
        "status": "osm_destroyed",
        "name": "Destroyed (OSM)",
        "responsibleOrganization": "OpenStreetMap contributors",
        "isSynthetic": false,
        "validFrom": "2026-05-06",
        "sourceIdentifier": "osm-way-295966661"
      }
    },
    {
      "type": "Feature",
      "geometry": {
        "type": "Point",
        "coordinates": [
          34.4170257,
          31.5017347
        ]
      },
      "properties": {
        "id": "osm-damage-way-295966663",
        "featureType": "critical_infrastructure",
        "infrastructureType": "building_damage_assessment",
        "status": "osm_destroyed",
        "name": "Destroyed (OSM)",
        "responsibleOrganization": "OpenStreetMap contributors",
        "isSynthetic": false,
        "validFrom": "2026-05-06",
        "sourceIdentifier": "osm-way-295966663"
      }
    },
    {
      "type": "Feature",
      "geometry": {
        "type": "Point",
        "coordinates": [
          34.4132748,
          31.500732
        ]
      },
      "properties": {
        "id": "osm-damage-way-295966664",
        "featureType": "critical_infrastructure",
        "infrastructureType": "building_damage_assessment",
        "status": "osm_damaged",
        "name": "Damaged (OSM)",
        "responsibleOrganization": "OpenStreetMap contributors",
        "isSynthetic": false,
        "validFrom": "2026-05-06",
        "sourceIdentifier": "osm-way-295966664"
      }
    },
    {
      "type": "Feature",
      "geometry": {
        "type": "Point",
        "coordinates": [
          34.4198184,
          31.5028865
        ]
      },
      "properties": {
        "id": "osm-damage-way-295966668",
        "featureType": "critical_infrastructure",
        "infrastructureType": "building_damage_assessment",
        "status": "osm_destroyed",
        "name": "Destroyed (OSM)",
        "responsibleOrganization": "OpenStreetMap contributors",
        "isSynthetic": false,
        "validFrom": "2026-05-06",
        "sourceIdentifier": "osm-way-295966668"
      }
    },
    {
      "type": "Feature",
      "geometry": {
        "type": "Point",
        "coordinates": [
          34.4143033,
          31.5008624
        ]
      },
      "properties": {
        "id": "osm-damage-way-295966677",
        "featureType": "critical_infrastructure",
        "infrastructureType": "building_damage_assessment",
        "status": "osm_damaged",
        "name": "Damaged (OSM)",
        "responsibleOrganization": "OpenStreetMap contributors",
        "isSynthetic": false,
        "validFrom": "2026-05-06",
        "sourceIdentifier": "osm-way-295966677"
      }
    },
    {
      "type": "Feature",
      "geometry": {
        "type": "Point",
        "coordinates": [
          34.4195449,
          31.5029461
        ]
      },
      "properties": {
        "id": "osm-damage-way-295966679",
        "featureType": "critical_infrastructure",
        "infrastructureType": "building_damage_assessment",
        "status": "osm_destroyed",
        "name": "Destroyed (OSM)",
        "responsibleOrganization": "OpenStreetMap contributors",
        "isSynthetic": false,
        "validFrom": "2026-05-06",
        "sourceIdentifier": "osm-way-295966679"
      }
    },
    {
      "type": "Feature",
      "geometry": {
        "type": "Point",
        "coordinates": [
          34.4186583,
          31.5019891
        ]
      },
      "properties": {
        "id": "osm-damage-way-295966682",
        "featureType": "critical_infrastructure",
        "infrastructureType": "building_damage_assessment",
        "status": "osm_destroyed",
        "name": "Destroyed (OSM)",
        "responsibleOrganization": "OpenStreetMap contributors",
        "isSynthetic": false,
        "validFrom": "2026-05-06",
        "sourceIdentifier": "osm-way-295966682"
      }
    },
    {
      "type": "Feature",
      "geometry": {
        "type": "Point",
        "coordinates": [
          34.4176923,
          31.5022079
        ]
      },
      "properties": {
        "id": "osm-damage-way-295966688",
        "featureType": "critical_infrastructure",
        "infrastructureType": "building_damage_assessment",
        "status": "osm_destroyed",
        "name": "Destroyed (OSM)",
        "responsibleOrganization": "OpenStreetMap contributors",
        "isSynthetic": false,
        "validFrom": "2026-05-06",
        "sourceIdentifier": "osm-way-295966688"
      }
    },
    {
      "type": "Feature",
      "geometry": {
        "type": "Point",
        "coordinates": [
          34.4197498,
          31.5029793
        ]
      },
      "properties": {
        "id": "osm-damage-way-295966692",
        "featureType": "critical_infrastructure",
        "infrastructureType": "building_damage_assessment",
        "status": "osm_destroyed",
        "name": "Destroyed (OSM)",
        "responsibleOrganization": "OpenStreetMap contributors",
        "isSynthetic": false,
        "validFrom": "2026-05-06",
        "sourceIdentifier": "osm-way-295966692"
      }
    },
    {
      "type": "Feature",
      "geometry": {
        "type": "Point",
        "coordinates": [
          34.4194284,
          31.5020224
        ]
      },
      "properties": {
        "id": "osm-damage-way-295966698",
        "featureType": "critical_infrastructure",
        "infrastructureType": "building_damage_assessment",
        "status": "osm_destroyed",
        "name": "Destroyed (OSM)",
        "responsibleOrganization": "OpenStreetMap contributors",
        "isSynthetic": false,
        "validFrom": "2026-05-06",
        "sourceIdentifier": "osm-way-295966698"
      }
    },
    {
      "type": "Feature",
      "geometry": {
        "type": "Point",
        "coordinates": [
          34.4172362,
          31.5034338
        ]
      },
      "properties": {
        "id": "osm-damage-way-295966700",
        "featureType": "critical_infrastructure",
        "infrastructureType": "building_damage_assessment",
        "status": "osm_destroyed",
        "name": "Destroyed (OSM)",
        "responsibleOrganization": "OpenStreetMap contributors",
        "isSynthetic": false,
        "validFrom": "2026-05-06",
        "sourceIdentifier": "osm-way-295966700"
      }
    },
    {
      "type": "Feature",
      "geometry": {
        "type": "Point",
        "coordinates": [
          34.4199395,
          31.5033013
        ]
      },
      "properties": {
        "id": "osm-damage-way-295966701",
        "featureType": "critical_infrastructure",
        "infrastructureType": "building_damage_assessment",
        "status": "osm_destroyed",
        "name": "Destroyed (OSM)",
        "responsibleOrganization": "OpenStreetMap contributors",
        "isSynthetic": false,
        "validFrom": "2026-05-06",
        "sourceIdentifier": "osm-way-295966701"
      }
    },
    {
      "type": "Feature",
      "geometry": {
        "type": "Point",
        "coordinates": [
          34.418423,
          31.5025454
        ]
      },
      "properties": {
        "id": "osm-damage-way-295966702",
        "featureType": "critical_infrastructure",
        "infrastructureType": "building_damage_assessment",
        "status": "osm_destroyed",
        "name": "Destroyed (OSM)",
        "responsibleOrganization": "OpenStreetMap contributors",
        "isSynthetic": false,
        "validFrom": "2026-05-06",
        "sourceIdentifier": "osm-way-295966702"
      }
    },
    {
      "type": "Feature",
      "geometry": {
        "type": "Point",
        "coordinates": [
          34.4188977,
          31.5020015
        ]
      },
      "properties": {
        "id": "osm-damage-way-295966703",
        "featureType": "critical_infrastructure",
        "infrastructureType": "building_damage_assessment",
        "status": "osm_destroyed",
        "name": "Destroyed (OSM)",
        "responsibleOrganization": "OpenStreetMap contributors",
        "isSynthetic": false,
        "validFrom": "2026-05-06",
        "sourceIdentifier": "osm-way-295966703"
      }
    },
    {
      "type": "Feature",
      "geometry": {
        "type": "Point",
        "coordinates": [
          34.4176634,
          31.5024391
        ]
      },
      "properties": {
        "id": "osm-damage-way-295966705",
        "featureType": "critical_infrastructure",
        "infrastructureType": "building_damage_assessment",
        "status": "osm_destroyed",
        "name": "Destroyed (OSM)",
        "responsibleOrganization": "OpenStreetMap contributors",
        "isSynthetic": false,
        "validFrom": "2026-05-06",
        "sourceIdentifier": "osm-way-295966705"
      }
    },
    {
      "type": "Feature",
      "geometry": {
        "type": "Point",
        "coordinates": [
          34.4188087,
          31.5029204
        ]
      },
      "properties": {
        "id": "osm-damage-way-295966706",
        "featureType": "critical_infrastructure",
        "infrastructureType": "building_damage_assessment",
        "status": "osm_destroyed",
        "name": "Destroyed (OSM)",
        "responsibleOrganization": "OpenStreetMap contributors",
        "isSynthetic": false,
        "validFrom": "2026-05-06",
        "sourceIdentifier": "osm-way-295966706"
      }
    },
    {
      "type": "Feature",
      "geometry": {
        "type": "Point",
        "coordinates": [
          34.4172401,
          31.5016115
        ]
      },
      "properties": {
        "id": "osm-damage-way-295966714",
        "featureType": "critical_infrastructure",
        "infrastructureType": "building_damage_assessment",
        "status": "osm_destroyed",
        "name": "Destroyed (OSM)",
        "responsibleOrganization": "OpenStreetMap contributors",
        "isSynthetic": false,
        "validFrom": "2026-05-06",
        "sourceIdentifier": "osm-way-295966714"
      }
    },
    {
      "type": "Feature",
      "geometry": {
        "type": "Point",
        "coordinates": [
          34.4170286,
          31.5019624
        ]
      },
      "properties": {
        "id": "osm-damage-way-295966717",
        "featureType": "critical_infrastructure",
        "infrastructureType": "building_damage_assessment",
        "status": "osm_destroyed",
        "name": "Destroyed (OSM)",
        "responsibleOrganization": "OpenStreetMap contributors",
        "isSynthetic": false,
        "validFrom": "2026-05-06",
        "sourceIdentifier": "osm-way-295966717"
      }
    },
    {
      "type": "Feature",
      "geometry": {
        "type": "Point",
        "coordinates": [
          34.4170952,
          31.5035458
        ]
      },
      "properties": {
        "id": "osm-damage-way-295966719",
        "featureType": "critical_infrastructure",
        "infrastructureType": "building_damage_assessment",
        "status": "osm_destroyed",
        "name": "Destroyed (OSM)",
        "responsibleOrganization": "OpenStreetMap contributors",
        "isSynthetic": false,
        "validFrom": "2026-05-06",
        "sourceIdentifier": "osm-way-295966719"
      }
    },
    {
      "type": "Feature",
      "geometry": {
        "type": "Point",
        "coordinates": [
          34.418808,
          31.5024674
        ]
      },
      "properties": {
        "id": "osm-damage-way-295966728",
        "featureType": "critical_infrastructure",
        "infrastructureType": "building_damage_assessment",
        "status": "osm_destroyed",
        "name": "Destroyed (OSM)",
        "responsibleOrganization": "OpenStreetMap contributors",
        "isSynthetic": false,
        "validFrom": "2026-05-06",
        "sourceIdentifier": "osm-way-295966728"
      }
    },
    {
      "type": "Feature",
      "geometry": {
        "type": "Point",
        "coordinates": [
          34.4149956,
          31.5026998
        ]
      },
      "properties": {
        "id": "osm-damage-way-295967086",
        "featureType": "critical_infrastructure",
        "infrastructureType": "building_damage_assessment",
        "status": "osm_damaged",
        "name": "Damaged (OSM)",
        "responsibleOrganization": "OpenStreetMap contributors",
        "isSynthetic": false,
        "validFrom": "2026-05-06",
        "sourceIdentifier": "osm-way-295967086"
      }
    },
    {
      "type": "Feature",
      "geometry": {
        "type": "Point",
        "coordinates": [
          34.4191786,
          31.5033994
        ]
      },
      "properties": {
        "id": "osm-damage-way-295967445",
        "featureType": "critical_infrastructure",
        "infrastructureType": "building_damage_assessment",
        "status": "osm_destroyed",
        "name": "Destroyed (OSM)",
        "responsibleOrganization": "OpenStreetMap contributors",
        "isSynthetic": false,
        "validFrom": "2026-05-06",
        "sourceIdentifier": "osm-way-295967445"
      }
    },
    {
      "type": "Feature",
      "geometry": {
        "type": "Point",
        "coordinates": [
          34.4150053,
          31.5014745
        ]
      },
      "properties": {
        "id": "osm-damage-way-295967447",
        "featureType": "critical_infrastructure",
        "infrastructureType": "building_damage_assessment",
        "status": "osm_damaged",
        "name": "Damaged (OSM)",
        "responsibleOrganization": "OpenStreetMap contributors",
        "isSynthetic": false,
        "validFrom": "2026-05-06",
        "sourceIdentifier": "osm-way-295967447"
      }
    },
    {
      "type": "Feature",
      "geometry": {
        "type": "Point",
        "coordinates": [
          34.4191197,
          31.5033107
        ]
      },
      "properties": {
        "id": "osm-damage-way-295967448",
        "featureType": "critical_infrastructure",
        "infrastructureType": "building_damage_assessment",
        "status": "osm_destroyed",
        "name": "Destroyed (OSM)",
        "responsibleOrganization": "OpenStreetMap contributors",
        "isSynthetic": false,
        "validFrom": "2026-05-06",
        "sourceIdentifier": "osm-way-295967448"
      }
    },
    {
      "type": "Feature",
      "geometry": {
        "type": "Point",
        "coordinates": [
          34.4149456,
          31.5015018
        ]
      },
      "properties": {
        "id": "osm-damage-way-295967453",
        "featureType": "critical_infrastructure",
        "infrastructureType": "building_damage_assessment",
        "status": "osm_damaged",
        "name": "Damaged (OSM)",
        "responsibleOrganization": "OpenStreetMap contributors",
        "isSynthetic": false,
        "validFrom": "2026-05-06",
        "sourceIdentifier": "osm-way-295967453"
      }
    },
    {
      "type": "Feature",
      "geometry": {
        "type": "Point",
        "coordinates": [
          34.4147628,
          31.500801
        ]
      },
      "properties": {
        "id": "osm-damage-way-295967456",
        "featureType": "critical_infrastructure",
        "infrastructureType": "building_damage_assessment",
        "status": "osm_damaged",
        "name": "Damaged (OSM)",
        "responsibleOrganization": "OpenStreetMap contributors",
        "isSynthetic": false,
        "validFrom": "2026-05-06",
        "sourceIdentifier": "osm-way-295967456"
      }
    },
    {
      "type": "Feature",
      "geometry": {
        "type": "Point",
        "coordinates": [
          34.4143816,
          31.5009402
        ]
      },
      "properties": {
        "id": "osm-damage-way-295967457",
        "featureType": "critical_infrastructure",
        "infrastructureType": "building_damage_assessment",
        "status": "osm_damaged",
        "name": "Damaged (OSM)",
        "responsibleOrganization": "OpenStreetMap contributors",
        "isSynthetic": false,
        "validFrom": "2026-05-06",
        "sourceIdentifier": "osm-way-295967457"
      }
    },
    {
      "type": "Feature",
      "geometry": {
        "type": "Point",
        "coordinates": [
          34.4158057,
          31.502972
        ]
      },
      "properties": {
        "id": "osm-damage-way-295967458",
        "featureType": "critical_infrastructure",
        "infrastructureType": "building_damage_assessment",
        "status": "osm_damaged",
        "name": "Damaged (OSM)",
        "responsibleOrganization": "OpenStreetMap contributors",
        "isSynthetic": false,
        "validFrom": "2026-05-06",
        "sourceIdentifier": "osm-way-295967458"
      }
    },
    {
      "type": "Feature",
      "geometry": {
        "type": "Point",
        "coordinates": [
          34.4174476,
          31.5018739
        ]
      },
      "properties": {
        "id": "osm-damage-way-295967459",
        "featureType": "critical_infrastructure",
        "infrastructureType": "building_damage_assessment",
        "status": "osm_destroyed",
        "name": "Destroyed (OSM)",
        "responsibleOrganization": "OpenStreetMap contributors",
        "isSynthetic": false,
        "validFrom": "2026-05-06",
        "sourceIdentifier": "osm-way-295967459"
      }
    },
    {
      "type": "Feature",
      "geometry": {
        "type": "Point",
        "coordinates": [
          34.4176113,
          31.5026847
        ]
      },
      "properties": {
        "id": "osm-damage-way-295967463",
        "featureType": "critical_infrastructure",
        "infrastructureType": "building_damage_assessment",
        "status": "osm_destroyed",
        "name": "Destroyed (OSM)",
        "responsibleOrganization": "OpenStreetMap contributors",
        "isSynthetic": false,
        "validFrom": "2026-05-06",
        "sourceIdentifier": "osm-way-295967463"
      }
    },
    {
      "type": "Feature",
      "geometry": {
        "type": "Point",
        "coordinates": [
          34.4166398,
          31.5038763
        ]
      },
      "properties": {
        "id": "osm-damage-way-295973304",
        "featureType": "critical_infrastructure",
        "infrastructureType": "building_damage_assessment",
        "status": "osm_destroyed",
        "name": "Destroyed (OSM)",
        "responsibleOrganization": "OpenStreetMap contributors",
        "isSynthetic": false,
        "validFrom": "2026-05-06",
        "sourceIdentifier": "osm-way-295973304"
      }
    },
    {
      "type": "Feature",
      "geometry": {
        "type": "Point",
        "coordinates": [
          34.4183793,
          31.5048283
        ]
      },
      "properties": {
        "id": "osm-damage-way-295973305",
        "featureType": "critical_infrastructure",
        "infrastructureType": "building_damage_assessment",
        "status": "osm_destroyed",
        "name": "Destroyed (OSM)",
        "responsibleOrganization": "OpenStreetMap contributors",
        "isSynthetic": false,
        "validFrom": "2026-05-06",
        "sourceIdentifier": "osm-way-295973305"
      }
    },
    {
      "type": "Feature",
      "geometry": {
        "type": "Point",
        "coordinates": [
          34.4162695,
          31.5038548
        ]
      },
      "properties": {
        "id": "osm-damage-way-295973306",
        "featureType": "critical_infrastructure",
        "infrastructureType": "building_damage_assessment",
        "status": "osm_destroyed",
        "name": "Destroyed (OSM)",
        "responsibleOrganization": "OpenStreetMap contributors",
        "isSynthetic": false,
        "validFrom": "2026-05-06",
        "sourceIdentifier": "osm-way-295973306"
      }
    },
    {
      "type": "Feature",
      "geometry": {
        "type": "Point",
        "coordinates": [
          34.4168088,
          31.5041771
        ]
      },
      "properties": {
        "id": "osm-damage-way-295973307",
        "featureType": "critical_infrastructure",
        "infrastructureType": "building_damage_assessment",
        "status": "osm_destroyed",
        "name": "Destroyed (OSM)",
        "responsibleOrganization": "OpenStreetMap contributors",
        "isSynthetic": false,
        "validFrom": "2026-05-06",
        "sourceIdentifier": "osm-way-295973307"
      }
    },
    {
      "type": "Feature",
      "geometry": {
        "type": "Point",
        "coordinates": [
          34.4182694,
          31.504175
        ]
      },
      "properties": {
        "id": "osm-damage-way-295973311",
        "featureType": "critical_infrastructure",
        "infrastructureType": "building_damage_assessment",
        "status": "osm_destroyed",
        "name": "Destroyed (OSM)",
        "responsibleOrganization": "OpenStreetMap contributors",
        "isSynthetic": false,
        "validFrom": "2026-05-06",
        "sourceIdentifier": "osm-way-295973311"
      }
    },
    {
      "type": "Feature",
      "geometry": {
        "type": "Point",
        "coordinates": [
          34.4179144,
          31.5045304
        ]
      },
      "properties": {
        "id": "osm-damage-way-295973312",
        "featureType": "critical_infrastructure",
        "infrastructureType": "building_damage_assessment",
        "status": "osm_destroyed",
        "name": "Destroyed (OSM)",
        "responsibleOrganization": "OpenStreetMap contributors",
        "isSynthetic": false,
        "validFrom": "2026-05-06",
        "sourceIdentifier": "osm-way-295973312"
      }
    },
    {
      "type": "Feature",
      "geometry": {
        "type": "Point",
        "coordinates": [
          34.4171562,
          31.5050534
        ]
      },
      "properties": {
        "id": "osm-damage-way-295973314",
        "featureType": "critical_infrastructure",
        "infrastructureType": "building_damage_assessment",
        "status": "osm_destroyed",
        "name": "Destroyed (OSM)",
        "responsibleOrganization": "OpenStreetMap contributors",
        "isSynthetic": false,
        "validFrom": "2026-05-06",
        "sourceIdentifier": "osm-way-295973314"
      }
    },
    {
      "type": "Feature",
      "geometry": {
        "type": "Point",
        "coordinates": [
          34.4165285,
          31.5041579
        ]
      },
      "properties": {
        "id": "osm-damage-way-295973315",
        "featureType": "critical_infrastructure",
        "infrastructureType": "building_damage_assessment",
        "status": "osm_destroyed",
        "name": "Destroyed (OSM)",
        "responsibleOrganization": "OpenStreetMap contributors",
        "isSynthetic": false,
        "validFrom": "2026-05-06",
        "sourceIdentifier": "osm-way-295973315"
      }
    },
    {
      "type": "Feature",
      "geometry": {
        "type": "Point",
        "coordinates": [
          34.4186596,
          31.5049173
        ]
      },
      "properties": {
        "id": "osm-damage-way-295973318",
        "featureType": "critical_infrastructure",
        "infrastructureType": "building_damage_assessment",
        "status": "osm_destroyed",
        "name": "Destroyed (OSM)",
        "responsibleOrganization": "OpenStreetMap contributors",
        "isSynthetic": false,
        "validFrom": "2026-05-06",
        "sourceIdentifier": "osm-way-295973318"
      }
    },
    {
      "type": "Feature",
      "geometry": {
        "type": "Point",
        "coordinates": [
          34.4183249,
          31.5046335
        ]
      },
      "properties": {
        "id": "osm-damage-way-295973319",
        "featureType": "critical_infrastructure",
        "infrastructureType": "building_damage_assessment",
        "status": "osm_destroyed",
        "name": "Destroyed (OSM)",
        "responsibleOrganization": "OpenStreetMap contributors",
        "isSynthetic": false,
        "validFrom": "2026-05-06",
        "sourceIdentifier": "osm-way-295973319"
      }
    },
    {
      "type": "Feature",
      "geometry": {
        "type": "Point",
        "coordinates": [
          34.4169052,
          31.504066
        ]
      },
      "properties": {
        "id": "osm-damage-way-295973320",
        "featureType": "critical_infrastructure",
        "infrastructureType": "building_damage_assessment",
        "status": "osm_destroyed",
        "name": "Destroyed (OSM)",
        "responsibleOrganization": "OpenStreetMap contributors",
        "isSynthetic": false,
        "validFrom": "2026-05-06",
        "sourceIdentifier": "osm-way-295973320"
      }
    },
    {
      "type": "Feature",
      "geometry": {
        "type": "Point",
        "coordinates": [
          34.4175119,
          31.5039121
        ]
      },
      "properties": {
        "id": "osm-damage-way-295973322",
        "featureType": "critical_infrastructure",
        "infrastructureType": "building_damage_assessment",
        "status": "osm_destroyed",
        "name": "Destroyed (OSM)",
        "responsibleOrganization": "OpenStreetMap contributors",
        "isSynthetic": false,
        "validFrom": "2026-05-06",
        "sourceIdentifier": "osm-way-295973322"
      }
    },
    {
      "type": "Feature",
      "geometry": {
        "type": "Point",
        "coordinates": [
          34.4171383,
          31.5043878
        ]
      },
      "properties": {
        "id": "osm-damage-way-295973324",
        "featureType": "critical_infrastructure",
        "infrastructureType": "building_damage_assessment",
        "status": "osm_destroyed",
        "name": "Destroyed (OSM)",
        "responsibleOrganization": "OpenStreetMap contributors",
        "isSynthetic": false,
        "validFrom": "2026-05-06",
        "sourceIdentifier": "osm-way-295973324"
      }
    },
    {
      "type": "Feature",
      "geometry": {
        "type": "Point",
        "coordinates": [
          34.4181385,
          31.5043092
        ]
      },
      "properties": {
        "id": "osm-damage-way-295973325",
        "featureType": "critical_infrastructure",
        "infrastructureType": "building_damage_assessment",
        "status": "osm_destroyed",
        "name": "Destroyed (OSM)",
        "responsibleOrganization": "OpenStreetMap contributors",
        "isSynthetic": false,
        "validFrom": "2026-05-06",
        "sourceIdentifier": "osm-way-295973325"
      }
    },
    {
      "type": "Feature",
      "geometry": {
        "type": "Point",
        "coordinates": [
          34.4177691,
          31.5043894
        ]
      },
      "properties": {
        "id": "osm-damage-way-295973326",
        "featureType": "critical_infrastructure",
        "infrastructureType": "building_damage_assessment",
        "status": "osm_destroyed",
        "name": "Destroyed (OSM)",
        "responsibleOrganization": "OpenStreetMap contributors",
        "isSynthetic": false,
        "validFrom": "2026-05-06",
        "sourceIdentifier": "osm-way-295973326"
      }
    },
    {
      "type": "Feature",
      "geometry": {
        "type": "Point",
        "coordinates": [
          34.4174249,
          31.504374
        ]
      },
      "properties": {
        "id": "osm-damage-way-295973329",
        "featureType": "critical_infrastructure",
        "infrastructureType": "building_damage_assessment",
        "status": "osm_destroyed",
        "name": "Destroyed (OSM)",
        "responsibleOrganization": "OpenStreetMap contributors",
        "isSynthetic": false,
        "validFrom": "2026-05-06",
        "sourceIdentifier": "osm-way-295973329"
      }
    },
    {
      "type": "Feature",
      "geometry": {
        "type": "Point",
        "coordinates": [
          34.4167338,
          31.504001
        ]
      },
      "properties": {
        "id": "osm-damage-way-295973330",
        "featureType": "critical_infrastructure",
        "infrastructureType": "building_damage_assessment",
        "status": "osm_destroyed",
        "name": "Destroyed (OSM)",
        "responsibleOrganization": "OpenStreetMap contributors",
        "isSynthetic": false,
        "validFrom": "2026-05-06",
        "sourceIdentifier": "osm-way-295973330"
      }
    },
    {
      "type": "Feature",
      "geometry": {
        "type": "Point",
        "coordinates": [
          34.4173625,
          31.503797
        ]
      },
      "properties": {
        "id": "osm-damage-way-295973332",
        "featureType": "critical_infrastructure",
        "infrastructureType": "building_damage_assessment",
        "status": "osm_destroyed",
        "name": "Destroyed (OSM)",
        "responsibleOrganization": "OpenStreetMap contributors",
        "isSynthetic": false,
        "validFrom": "2026-05-06",
        "sourceIdentifier": "osm-way-295973332"
      }
    },
    {
      "type": "Feature",
      "geometry": {
        "type": "Point",
        "coordinates": [
          34.4169619,
          31.5036877
        ]
      },
      "properties": {
        "id": "osm-damage-way-295973333",
        "featureType": "critical_infrastructure",
        "infrastructureType": "building_damage_assessment",
        "status": "osm_destroyed",
        "name": "Destroyed (OSM)",
        "responsibleOrganization": "OpenStreetMap contributors",
        "isSynthetic": false,
        "validFrom": "2026-05-06",
        "sourceIdentifier": "osm-way-295973333"
      }
    },
    {
      "type": "Feature",
      "geometry": {
        "type": "Point",
        "coordinates": [
          34.4172484,
          31.5049707
        ]
      },
      "properties": {
        "id": "osm-damage-way-295973335",
        "featureType": "critical_infrastructure",
        "infrastructureType": "building_damage_assessment",
        "status": "osm_destroyed",
        "name": "Destroyed (OSM)",
        "responsibleOrganization": "OpenStreetMap contributors",
        "isSynthetic": false,
        "validFrom": "2026-05-06",
        "sourceIdentifier": "osm-way-295973335"
      }
    },
    {
      "type": "Feature",
      "geometry": {
        "type": "Point",
        "coordinates": [
          34.4170511,
          31.5044852
        ]
      },
      "properties": {
        "id": "osm-damage-way-295973337",
        "featureType": "critical_infrastructure",
        "infrastructureType": "building_damage_assessment",
        "status": "osm_destroyed",
        "name": "Destroyed (OSM)",
        "responsibleOrganization": "OpenStreetMap contributors",
        "isSynthetic": false,
        "validFrom": "2026-05-06",
        "sourceIdentifier": "osm-way-295973337"
      }
    },
    {
      "type": "Feature",
      "geometry": {
        "type": "Point",
        "coordinates": [
          34.4164353,
          31.5037386
        ]
      },
      "properties": {
        "id": "osm-damage-way-295973338",
        "featureType": "critical_infrastructure",
        "infrastructureType": "building_damage_assessment",
        "status": "osm_destroyed",
        "name": "Destroyed (OSM)",
        "responsibleOrganization": "OpenStreetMap contributors",
        "isSynthetic": false,
        "validFrom": "2026-05-06",
        "sourceIdentifier": "osm-way-295973338"
      }
    },
    {
      "type": "Feature",
      "geometry": {
        "type": "Point",
        "coordinates": [
          34.4164474,
          31.5040125
        ]
      },
      "properties": {
        "id": "osm-damage-way-295973339",
        "featureType": "critical_infrastructure",
        "infrastructureType": "building_damage_assessment",
        "status": "osm_destroyed",
        "name": "Destroyed (OSM)",
        "responsibleOrganization": "OpenStreetMap contributors",
        "isSynthetic": false,
        "validFrom": "2026-05-06",
        "sourceIdentifier": "osm-way-295973339"
      }
    },
    {
      "type": "Feature",
      "geometry": {
        "type": "Point",
        "coordinates": [
          34.4188504,
          31.5050132
        ]
      },
      "properties": {
        "id": "osm-damage-way-295973341",
        "featureType": "critical_infrastructure",
        "infrastructureType": "building_damage_assessment",
        "status": "osm_destroyed",
        "name": "Destroyed (OSM)",
        "responsibleOrganization": "OpenStreetMap contributors",
        "isSynthetic": false,
        "validFrom": "2026-05-06",
        "sourceIdentifier": "osm-way-295973341"
      }
    },
    {
      "type": "Feature",
      "geometry": {
        "type": "Point",
        "coordinates": [
          34.4172454,
          31.5045683
        ]
      },
      "properties": {
        "id": "osm-damage-way-295973342",
        "featureType": "critical_infrastructure",
        "infrastructureType": "building_damage_assessment",
        "status": "osm_destroyed",
        "name": "Destroyed (OSM)",
        "responsibleOrganization": "OpenStreetMap contributors",
        "isSynthetic": false,
        "validFrom": "2026-05-06",
        "sourceIdentifier": "osm-way-295973342"
      }
    },
    {
      "type": "Feature",
      "geometry": {
        "type": "Point",
        "coordinates": [
          34.4172737,
          31.50428
        ]
      },
      "properties": {
        "id": "osm-damage-way-295973343",
        "featureType": "critical_infrastructure",
        "infrastructureType": "building_damage_assessment",
        "status": "osm_destroyed",
        "name": "Destroyed (OSM)",
        "responsibleOrganization": "OpenStreetMap contributors",
        "isSynthetic": false,
        "validFrom": "2026-05-06",
        "sourceIdentifier": "osm-way-295973343"
      }
    },
    {
      "type": "Feature",
      "geometry": {
        "type": "Point",
        "coordinates": [
          34.4166232,
          31.504345
        ]
      },
      "properties": {
        "id": "osm-damage-way-295973345",
        "featureType": "critical_infrastructure",
        "infrastructureType": "building_damage_assessment",
        "status": "osm_destroyed",
        "name": "Destroyed (OSM)",
        "responsibleOrganization": "OpenStreetMap contributors",
        "isSynthetic": false,
        "validFrom": "2026-05-06",
        "sourceIdentifier": "osm-way-295973345"
      }
    },
    {
      "type": "Feature",
      "geometry": {
        "type": "Point",
        "coordinates": [
          34.4173352,
          31.504024
        ]
      },
      "properties": {
        "id": "osm-damage-way-295973346",
        "featureType": "critical_infrastructure",
        "infrastructureType": "building_damage_assessment",
        "status": "osm_destroyed",
        "name": "Destroyed (OSM)",
        "responsibleOrganization": "OpenStreetMap contributors",
        "isSynthetic": false,
        "validFrom": "2026-05-06",
        "sourceIdentifier": "osm-way-295973346"
      }
    },
    {
      "type": "Feature",
      "geometry": {
        "type": "Point",
        "coordinates": [
          34.4172046,
          31.5036579
        ]
      },
      "properties": {
        "id": "osm-damage-way-295973347",
        "featureType": "critical_infrastructure",
        "infrastructureType": "building_damage_assessment",
        "status": "osm_destroyed",
        "name": "Destroyed (OSM)",
        "responsibleOrganization": "OpenStreetMap contributors",
        "isSynthetic": false,
        "validFrom": "2026-05-06",
        "sourceIdentifier": "osm-way-295973347"
      }
    },
    {
      "type": "Feature",
      "geometry": {
        "type": "Point",
        "coordinates": [
          34.41764,
          31.5045279
        ]
      },
      "properties": {
        "id": "osm-damage-way-295973349",
        "featureType": "critical_infrastructure",
        "infrastructureType": "building_damage_assessment",
        "status": "osm_destroyed",
        "name": "Destroyed (OSM)",
        "responsibleOrganization": "OpenStreetMap contributors",
        "isSynthetic": false,
        "validFrom": "2026-05-06",
        "sourceIdentifier": "osm-way-295973349"
      }
    },
    {
      "type": "Feature",
      "geometry": {
        "type": "Point",
        "coordinates": [
          34.4159478,
          31.5036816
        ]
      },
      "properties": {
        "id": "osm-damage-way-295975042",
        "featureType": "critical_infrastructure",
        "infrastructureType": "building_damage_assessment",
        "status": "osm_destroyed",
        "name": "Destroyed (OSM)",
        "responsibleOrganization": "OpenStreetMap contributors",
        "isSynthetic": false,
        "validFrom": "2026-05-06",
        "sourceIdentifier": "osm-way-295975042"
      }
    },
    {
      "type": "Feature",
      "geometry": {
        "type": "Point",
        "coordinates": [
          34.4179007,
          31.5051547
        ]
      },
      "properties": {
        "id": "osm-damage-way-295975048",
        "featureType": "critical_infrastructure",
        "infrastructureType": "building_damage_assessment",
        "status": "osm_destroyed",
        "name": "Destroyed (OSM)",
        "responsibleOrganization": "OpenStreetMap contributors",
        "isSynthetic": false,
        "validFrom": "2026-05-06",
        "sourceIdentifier": "osm-way-295975048"
      }
    },
    {
      "type": "Feature",
      "geometry": {
        "type": "Point",
        "coordinates": [
          34.418374,
          31.5038129
        ]
      },
      "properties": {
        "id": "osm-damage-way-295975049",
        "featureType": "critical_infrastructure",
        "infrastructureType": "building_damage_assessment",
        "status": "osm_destroyed",
        "name": "Destroyed (OSM)",
        "responsibleOrganization": "OpenStreetMap contributors",
        "isSynthetic": false,
        "validFrom": "2026-05-06",
        "sourceIdentifier": "osm-way-295975049"
      }
    },
    {
      "type": "Feature",
      "geometry": {
        "type": "Point",
        "coordinates": [
          34.4181698,
          31.5037319
        ]
      },
      "properties": {
        "id": "osm-damage-way-295975050",
        "featureType": "critical_infrastructure",
        "infrastructureType": "building_damage_assessment",
        "status": "osm_destroyed",
        "name": "Destroyed (OSM)",
        "responsibleOrganization": "OpenStreetMap contributors",
        "isSynthetic": false,
        "validFrom": "2026-05-06",
        "sourceIdentifier": "osm-way-295975050"
      }
    },
    {
      "type": "Feature",
      "geometry": {
        "type": "Point",
        "coordinates": [
          34.4174254,
          31.5052891
        ]
      },
      "properties": {
        "id": "osm-damage-way-295975063",
        "featureType": "critical_infrastructure",
        "infrastructureType": "building_damage_assessment",
        "status": "osm_destroyed",
        "name": "Destroyed (OSM)",
        "responsibleOrganization": "OpenStreetMap contributors",
        "isSynthetic": false,
        "validFrom": "2026-05-06",
        "sourceIdentifier": "osm-way-295975063"
      }
    },
    {
      "type": "Feature",
      "geometry": {
        "type": "Point",
        "coordinates": [
          34.4180127,
          31.5052326
        ]
      },
      "properties": {
        "id": "osm-damage-way-295975066",
        "featureType": "critical_infrastructure",
        "infrastructureType": "building_damage_assessment",
        "status": "osm_destroyed",
        "name": "Destroyed (OSM)",
        "responsibleOrganization": "OpenStreetMap contributors",
        "isSynthetic": false,
        "validFrom": "2026-05-06",
        "sourceIdentifier": "osm-way-295975066"
      }
    },
    {
      "type": "Feature",
      "geometry": {
        "type": "Point",
        "coordinates": [
          34.4176485,
          31.5038805
        ]
      },
      "properties": {
        "id": "osm-damage-way-295975067",
        "featureType": "critical_infrastructure",
        "infrastructureType": "building_damage_assessment",
        "status": "osm_destroyed",
        "name": "Destroyed (OSM)",
        "responsibleOrganization": "OpenStreetMap contributors",
        "isSynthetic": false,
        "validFrom": "2026-05-06",
        "sourceIdentifier": "osm-way-295975067"
      }
    },
    {
      "type": "Feature",
      "geometry": {
        "type": "Point",
        "coordinates": [
          34.4184107,
          31.5052487
        ]
      },
      "properties": {
        "id": "osm-damage-way-295975070",
        "featureType": "critical_infrastructure",
        "infrastructureType": "building_damage_assessment",
        "status": "osm_destroyed",
        "name": "Destroyed (OSM)",
        "responsibleOrganization": "OpenStreetMap contributors",
        "isSynthetic": false,
        "validFrom": "2026-05-06",
        "sourceIdentifier": "osm-way-295975070"
      }
    },
    {
      "type": "Feature",
      "geometry": {
        "type": "Point",
        "coordinates": [
          34.418265,
          31.5053386
        ]
      },
      "properties": {
        "id": "osm-damage-way-295975073",
        "featureType": "critical_infrastructure",
        "infrastructureType": "building_damage_assessment",
        "status": "osm_destroyed",
        "name": "Destroyed (OSM)",
        "responsibleOrganization": "OpenStreetMap contributors",
        "isSynthetic": false,
        "validFrom": "2026-05-06",
        "sourceIdentifier": "osm-way-295975073"
      }
    },
    {
      "type": "Feature",
      "geometry": {
        "type": "Point",
        "coordinates": [
          34.418063,
          31.504086
        ]
      },
      "properties": {
        "id": "osm-damage-way-295975081",
        "featureType": "critical_infrastructure",
        "infrastructureType": "building_damage_assessment",
        "status": "osm_destroyed",
        "name": "Destroyed (OSM)",
        "responsibleOrganization": "OpenStreetMap contributors",
        "isSynthetic": false,
        "validFrom": "2026-05-06",
        "sourceIdentifier": "osm-way-295975081"
      }
    },
    {
      "type": "Feature",
      "geometry": {
        "type": "Point",
        "coordinates": [
          34.4175448,
          31.5046972
        ]
      },
      "properties": {
        "id": "osm-damage-way-295975085",
        "featureType": "critical_infrastructure",
        "infrastructureType": "building_damage_assessment",
        "status": "osm_destroyed",
        "name": "Destroyed (OSM)",
        "responsibleOrganization": "OpenStreetMap contributors",
        "isSynthetic": false,
        "validFrom": "2026-05-06",
        "sourceIdentifier": "osm-way-295975085"
      }
    },
    {
      "type": "Feature",
      "geometry": {
        "type": "Point",
        "coordinates": [
          34.418623,
          31.5040034
        ]
      },
      "properties": {
        "id": "osm-damage-way-295975086",
        "featureType": "critical_infrastructure",
        "infrastructureType": "building_damage_assessment",
        "status": "osm_destroyed",
        "name": "Destroyed (OSM)",
        "responsibleOrganization": "OpenStreetMap contributors",
        "isSynthetic": false,
        "validFrom": "2026-05-06",
        "sourceIdentifier": "osm-way-295975086"
      }
    },
    {
      "type": "Feature",
      "geometry": {
        "type": "Point",
        "coordinates": [
          34.4185013,
          31.5054154
        ]
      },
      "properties": {
        "id": "osm-damage-way-295975088",
        "featureType": "critical_infrastructure",
        "infrastructureType": "building_damage_assessment",
        "status": "osm_destroyed",
        "name": "Destroyed (OSM)",
        "responsibleOrganization": "OpenStreetMap contributors",
        "isSynthetic": false,
        "validFrom": "2026-05-06",
        "sourceIdentifier": "osm-way-295975088"
      }
    },
    {
      "type": "Feature",
      "geometry": {
        "type": "Point",
        "coordinates": [
          34.4184638,
          31.5039698
        ]
      },
      "properties": {
        "id": "osm-damage-way-295975357",
        "featureType": "critical_infrastructure",
        "infrastructureType": "building_damage_assessment",
        "status": "osm_destroyed",
        "name": "Destroyed (OSM)",
        "responsibleOrganization": "OpenStreetMap contributors",
        "isSynthetic": false,
        "validFrom": "2026-05-06",
        "sourceIdentifier": "osm-way-295975357"
      }
    },
    {
      "type": "Feature",
      "geometry": {
        "type": "Point",
        "coordinates": [
          34.4185658,
          31.5039216
        ]
      },
      "properties": {
        "id": "osm-damage-way-295975359",
        "featureType": "critical_infrastructure",
        "infrastructureType": "building_damage_assessment",
        "status": "osm_destroyed",
        "name": "Destroyed (OSM)",
        "responsibleOrganization": "OpenStreetMap contributors",
        "isSynthetic": false,
        "validFrom": "2026-05-06",
        "sourceIdentifier": "osm-way-295975359"
      }
    },
    {
      "type": "Feature",
      "geometry": {
        "type": "Point",
        "coordinates": [
          34.4542908,
          31.5396699
        ]
      },
      "properties": {
        "id": "osm-damage-way-296134989",
        "featureType": "critical_infrastructure",
        "infrastructureType": "building_damage_assessment",
        "status": "osm_destroyed",
        "name": "Destroyed (OSM)",
        "responsibleOrganization": "OpenStreetMap contributors",
        "isSynthetic": false,
        "validFrom": "2026-05-06",
        "sourceIdentifier": "osm-way-296134989"
      }
    },
    {
      "type": "Feature",
      "geometry": {
        "type": "Point",
        "coordinates": [
          34.4533634,
          31.5374077
        ]
      },
      "properties": {
        "id": "osm-damage-way-296134993",
        "featureType": "critical_infrastructure",
        "infrastructureType": "building_damage_assessment",
        "status": "osm_damaged",
        "name": "Damaged (OSM)",
        "responsibleOrganization": "OpenStreetMap contributors",
        "isSynthetic": false,
        "validFrom": "2026-05-06",
        "sourceIdentifier": "osm-way-296134993"
      }
    },
    {
      "type": "Feature",
      "geometry": {
        "type": "Point",
        "coordinates": [
          34.453904,
          31.5369674
        ]
      },
      "properties": {
        "id": "osm-damage-way-296134995",
        "featureType": "critical_infrastructure",
        "infrastructureType": "building_damage_assessment",
        "status": "osm_damaged",
        "name": "Damaged (OSM)",
        "responsibleOrganization": "OpenStreetMap contributors",
        "isSynthetic": false,
        "validFrom": "2026-05-06",
        "sourceIdentifier": "osm-way-296134995"
      }
    },
    {
      "type": "Feature",
      "geometry": {
        "type": "Point",
        "coordinates": [
          34.454558,
          31.5371686
        ]
      },
      "properties": {
        "id": "osm-damage-way-296134998",
        "featureType": "critical_infrastructure",
        "infrastructureType": "building_damage_assessment",
        "status": "osm_damaged",
        "name": "Damaged (OSM)",
        "responsibleOrganization": "OpenStreetMap contributors",
        "isSynthetic": false,
        "validFrom": "2026-05-06",
        "sourceIdentifier": "osm-way-296134998"
      }
    },
    {
      "type": "Feature",
      "geometry": {
        "type": "Point",
        "coordinates": [
          34.4536185,
          31.5376242
        ]
      },
      "properties": {
        "id": "osm-damage-way-296135000",
        "featureType": "critical_infrastructure",
        "infrastructureType": "building_damage_assessment",
        "status": "osm_damaged",
        "name": "Damaged (OSM)",
        "responsibleOrganization": "OpenStreetMap contributors",
        "isSynthetic": false,
        "validFrom": "2026-05-06",
        "sourceIdentifier": "osm-way-296135000"
      }
    },
    {
      "type": "Feature",
      "geometry": {
        "type": "Point",
        "coordinates": [
          34.454067,
          31.5370915
        ]
      },
      "properties": {
        "id": "osm-damage-way-296135003",
        "featureType": "critical_infrastructure",
        "infrastructureType": "building_damage_assessment",
        "status": "osm_damaged",
        "name": "Damaged (OSM)",
        "responsibleOrganization": "OpenStreetMap contributors",
        "isSynthetic": false,
        "validFrom": "2026-05-06",
        "sourceIdentifier": "osm-way-296135003"
      }
    },
    {
      "type": "Feature",
      "geometry": {
        "type": "Point",
        "coordinates": [
          34.4547313,
          31.5380977
        ]
      },
      "properties": {
        "id": "osm-damage-way-296135007",
        "featureType": "critical_infrastructure",
        "infrastructureType": "building_damage_assessment",
        "status": "osm_damaged",
        "name": "Damaged (OSM)",
        "responsibleOrganization": "OpenStreetMap contributors",
        "isSynthetic": false,
        "validFrom": "2026-05-06",
        "sourceIdentifier": "osm-way-296135007"
      }
    },
    {
      "type": "Feature",
      "geometry": {
        "type": "Point",
        "coordinates": [
          34.4539991,
          31.5367681
        ]
      },
      "properties": {
        "id": "osm-damage-way-296135012",
        "featureType": "critical_infrastructure",
        "infrastructureType": "building_damage_assessment",
        "status": "osm_damaged",
        "name": "Damaged (OSM)",
        "responsibleOrganization": "OpenStreetMap contributors",
        "isSynthetic": false,
        "validFrom": "2026-05-06",
        "sourceIdentifier": "osm-way-296135012"
      }
    },
    {
      "type": "Feature",
      "geometry": {
        "type": "Point",
        "coordinates": [
          34.454696,
          31.5383607
        ]
      },
      "properties": {
        "id": "osm-damage-way-296135013",
        "featureType": "critical_infrastructure",
        "infrastructureType": "building_damage_assessment",
        "status": "osm_damaged",
        "name": "Damaged (OSM)",
        "responsibleOrganization": "OpenStreetMap contributors",
        "isSynthetic": false,
        "validFrom": "2026-05-06",
        "sourceIdentifier": "osm-way-296135013"
      }
    },
    {
      "type": "Feature",
      "geometry": {
        "type": "Point",
        "coordinates": [
          34.4548411,
          31.5373654
        ]
      },
      "properties": {
        "id": "osm-damage-way-296135014",
        "featureType": "critical_infrastructure",
        "infrastructureType": "building_damage_assessment",
        "status": "osm_damaged",
        "name": "Damaged (OSM)",
        "responsibleOrganization": "OpenStreetMap contributors",
        "isSynthetic": false,
        "validFrom": "2026-05-06",
        "sourceIdentifier": "osm-way-296135014"
      }
    },
    {
      "type": "Feature",
      "geometry": {
        "type": "Point",
        "coordinates": [
          34.4539789,
          31.5373769
        ]
      },
      "properties": {
        "id": "osm-damage-way-296135018",
        "featureType": "critical_infrastructure",
        "infrastructureType": "building_damage_assessment",
        "status": "osm_damaged",
        "name": "Damaged (OSM)",
        "responsibleOrganization": "OpenStreetMap contributors",
        "isSynthetic": false,
        "validFrom": "2026-05-06",
        "sourceIdentifier": "osm-way-296135018"
      }
    },
    {
      "type": "Feature",
      "geometry": {
        "type": "Point",
        "coordinates": [
          34.4537497,
          31.5375328
        ]
      },
      "properties": {
        "id": "osm-damage-way-296135021",
        "featureType": "critical_infrastructure",
        "infrastructureType": "building_damage_assessment",
        "status": "osm_damaged",
        "name": "Damaged (OSM)",
        "responsibleOrganization": "OpenStreetMap contributors",
        "isSynthetic": false,
        "validFrom": "2026-05-06",
        "sourceIdentifier": "osm-way-296135021"
      }
    },
    {
      "type": "Feature",
      "geometry": {
        "type": "Point",
        "coordinates": [
          34.4542974,
          31.5372712
        ]
      },
      "properties": {
        "id": "osm-damage-way-296135022",
        "featureType": "critical_infrastructure",
        "infrastructureType": "building_damage_assessment",
        "status": "osm_damaged",
        "name": "Damaged (OSM)",
        "responsibleOrganization": "OpenStreetMap contributors",
        "isSynthetic": false,
        "validFrom": "2026-05-06",
        "sourceIdentifier": "osm-way-296135022"
      }
    },
    {
      "type": "Feature",
      "geometry": {
        "type": "Point",
        "coordinates": [
          34.4552515,
          31.5378653
        ]
      },
      "properties": {
        "id": "osm-damage-way-296135023",
        "featureType": "critical_infrastructure",
        "infrastructureType": "building_damage_assessment",
        "status": "osm_damaged",
        "name": "Damaged (OSM)",
        "responsibleOrganization": "OpenStreetMap contributors",
        "isSynthetic": false,
        "validFrom": "2026-05-06",
        "sourceIdentifier": "osm-way-296135023"
      }
    },
    {
      "type": "Feature",
      "geometry": {
        "type": "Point",
        "coordinates": [
          34.4539184,
          31.5376821
        ]
      },
      "properties": {
        "id": "osm-damage-way-296135032",
        "featureType": "critical_infrastructure",
        "infrastructureType": "building_damage_assessment",
        "status": "osm_damaged",
        "name": "Damaged (OSM)",
        "responsibleOrganization": "OpenStreetMap contributors",
        "isSynthetic": false,
        "validFrom": "2026-05-06",
        "sourceIdentifier": "osm-way-296135032"
      }
    },
    {
      "type": "Feature",
      "geometry": {
        "type": "Point",
        "coordinates": [
          34.454803,
          31.5377123
        ]
      },
      "properties": {
        "id": "osm-damage-way-296135034",
        "featureType": "critical_infrastructure",
        "infrastructureType": "building_damage_assessment",
        "status": "osm_damaged",
        "name": "Damaged (OSM)",
        "responsibleOrganization": "OpenStreetMap contributors",
        "isSynthetic": false,
        "validFrom": "2026-05-06",
        "sourceIdentifier": "osm-way-296135034"
      }
    },
    {
      "type": "Feature",
      "geometry": {
        "type": "Point",
        "coordinates": [
          34.4537761,
          31.5372699
        ]
      },
      "properties": {
        "id": "osm-damage-way-296135035",
        "featureType": "critical_infrastructure",
        "infrastructureType": "building_damage_assessment",
        "status": "osm_damaged",
        "name": "Damaged (OSM)",
        "responsibleOrganization": "OpenStreetMap contributors",
        "isSynthetic": false,
        "validFrom": "2026-05-06",
        "sourceIdentifier": "osm-way-296135035"
      }
    },
    {
      "type": "Feature",
      "geometry": {
        "type": "Point",
        "coordinates": [
          34.4548687,
          31.5382205
        ]
      },
      "properties": {
        "id": "osm-damage-way-296135036",
        "featureType": "critical_infrastructure",
        "infrastructureType": "building_damage_assessment",
        "status": "osm_damaged",
        "name": "Damaged (OSM)",
        "responsibleOrganization": "OpenStreetMap contributors",
        "isSynthetic": false,
        "validFrom": "2026-05-06",
        "sourceIdentifier": "osm-way-296135036"
      }
    },
    {
      "type": "Feature",
      "geometry": {
        "type": "Point",
        "coordinates": [
          34.4544612,
          31.5370883
        ]
      },
      "properties": {
        "id": "osm-damage-way-296135037",
        "featureType": "critical_infrastructure",
        "infrastructureType": "building_damage_assessment",
        "status": "osm_damaged",
        "name": "Damaged (OSM)",
        "responsibleOrganization": "OpenStreetMap contributors",
        "isSynthetic": false,
        "validFrom": "2026-05-06",
        "sourceIdentifier": "osm-way-296135037"
      }
    },
    {
      "type": "Feature",
      "geometry": {
        "type": "Point",
        "coordinates": [
          34.4542601,
          31.5369133
        ]
      },
      "properties": {
        "id": "osm-damage-way-296135041",
        "featureType": "critical_infrastructure",
        "infrastructureType": "building_damage_assessment",
        "status": "osm_damaged",
        "name": "Damaged (OSM)",
        "responsibleOrganization": "OpenStreetMap contributors",
        "isSynthetic": false,
        "validFrom": "2026-05-06",
        "sourceIdentifier": "osm-way-296135041"
      }
    },
    {
      "type": "Feature",
      "geometry": {
        "type": "Point",
        "coordinates": [
          34.4534728,
          31.5373028
        ]
      },
      "properties": {
        "id": "osm-damage-way-296135044",
        "featureType": "critical_infrastructure",
        "infrastructureType": "building_damage_assessment",
        "status": "osm_damaged",
        "name": "Damaged (OSM)",
        "responsibleOrganization": "OpenStreetMap contributors",
        "isSynthetic": false,
        "validFrom": "2026-05-06",
        "sourceIdentifier": "osm-way-296135044"
      }
    },
    {
      "type": "Feature",
      "geometry": {
        "type": "Point",
        "coordinates": [
          34.4546846,
          31.5375423
        ]
      },
      "properties": {
        "id": "osm-damage-way-296135045",
        "featureType": "critical_infrastructure",
        "infrastructureType": "building_damage_assessment",
        "status": "osm_damaged",
        "name": "Damaged (OSM)",
        "responsibleOrganization": "OpenStreetMap contributors",
        "isSynthetic": false,
        "validFrom": "2026-05-06",
        "sourceIdentifier": "osm-way-296135045"
      }
    },
    {
      "type": "Feature",
      "geometry": {
        "type": "Point",
        "coordinates": [
          34.4530809,
          31.5388896
        ]
      },
      "properties": {
        "id": "osm-damage-way-296135047",
        "featureType": "critical_infrastructure",
        "infrastructureType": "building_damage_assessment",
        "status": "osm_destroyed",
        "name": "Destroyed (OSM)",
        "responsibleOrganization": "OpenStreetMap contributors",
        "isSynthetic": false,
        "validFrom": "2026-05-06",
        "sourceIdentifier": "osm-way-296135047"
      }
    },
    {
      "type": "Feature",
      "geometry": {
        "type": "Point",
        "coordinates": [
          34.4541557,
          31.5371744
        ]
      },
      "properties": {
        "id": "osm-damage-way-296135054",
        "featureType": "critical_infrastructure",
        "infrastructureType": "building_damage_assessment",
        "status": "osm_damaged",
        "name": "Damaged (OSM)",
        "responsibleOrganization": "OpenStreetMap contributors",
        "isSynthetic": false,
        "validFrom": "2026-05-06",
        "sourceIdentifier": "osm-way-296135054"
      }
    },
    {
      "type": "Feature",
      "geometry": {
        "type": "Point",
        "coordinates": [
          34.4551405,
          31.5376755
        ]
      },
      "properties": {
        "id": "osm-damage-way-296135055",
        "featureType": "critical_infrastructure",
        "infrastructureType": "building_damage_assessment",
        "status": "osm_damaged",
        "name": "Damaged (OSM)",
        "responsibleOrganization": "OpenStreetMap contributors",
        "isSynthetic": false,
        "validFrom": "2026-05-06",
        "sourceIdentifier": "osm-way-296135055"
      }
    },
    {
      "type": "Feature",
      "geometry": {
        "type": "Point",
        "coordinates": [
          34.4539092,
          31.5393098
        ]
      },
      "properties": {
        "id": "osm-damage-way-296135056",
        "featureType": "critical_infrastructure",
        "infrastructureType": "building_damage_assessment",
        "status": "osm_destroyed",
        "name": "Destroyed (OSM)",
        "responsibleOrganization": "OpenStreetMap contributors",
        "isSynthetic": false,
        "validFrom": "2026-05-06",
        "sourceIdentifier": "osm-way-296135056"
      }
    },
    {
      "type": "Feature",
      "geometry": {
        "type": "Point",
        "coordinates": [
          34.4555829,
          31.5400777
        ]
      },
      "properties": {
        "id": "osm-damage-way-296135057",
        "featureType": "critical_infrastructure",
        "infrastructureType": "building_damage_assessment",
        "status": "osm_destroyed",
        "name": "Destroyed (OSM)",
        "responsibleOrganization": "OpenStreetMap contributors",
        "isSynthetic": false,
        "validFrom": "2026-05-06",
        "sourceIdentifier": "osm-way-296135057"
      }
    },
    {
      "type": "Feature",
      "geometry": {
        "type": "Point",
        "coordinates": [
          34.453619,
          31.5374205
        ]
      },
      "properties": {
        "id": "osm-damage-way-296135060",
        "featureType": "critical_infrastructure",
        "infrastructureType": "building_damage_assessment",
        "status": "osm_damaged",
        "name": "Damaged (OSM)",
        "responsibleOrganization": "OpenStreetMap contributors",
        "isSynthetic": false,
        "validFrom": "2026-05-06",
        "sourceIdentifier": "osm-way-296135060"
      }
    },
    {
      "type": "Feature",
      "geometry": {
        "type": "Point",
        "coordinates": [
          34.4543609,
          31.5370012
        ]
      },
      "properties": {
        "id": "osm-damage-way-296135061",
        "featureType": "critical_infrastructure",
        "infrastructureType": "building_damage_assessment",
        "status": "osm_damaged",
        "name": "Damaged (OSM)",
        "responsibleOrganization": "OpenStreetMap contributors",
        "isSynthetic": false,
        "validFrom": "2026-05-06",
        "sourceIdentifier": "osm-way-296135061"
      }
    },
    {
      "type": "Feature",
      "geometry": {
        "type": "Point",
        "coordinates": [
          34.4537828,
          31.5377482
        ]
      },
      "properties": {
        "id": "osm-damage-way-296135064",
        "featureType": "critical_infrastructure",
        "infrastructureType": "building_damage_assessment",
        "status": "osm_damaged",
        "name": "Damaged (OSM)",
        "responsibleOrganization": "OpenStreetMap contributors",
        "isSynthetic": false,
        "validFrom": "2026-05-06",
        "sourceIdentifier": "osm-way-296135064"
      }
    },
    {
      "type": "Feature",
      "geometry": {
        "type": "Point",
        "coordinates": [
          34.4535794,
          31.537199
        ]
      },
      "properties": {
        "id": "osm-damage-way-296135065",
        "featureType": "critical_infrastructure",
        "infrastructureType": "building_damage_assessment",
        "status": "osm_damaged",
        "name": "Damaged (OSM)",
        "responsibleOrganization": "OpenStreetMap contributors",
        "isSynthetic": false,
        "validFrom": "2026-05-06",
        "sourceIdentifier": "osm-way-296135065"
      }
    },
    {
      "type": "Feature",
      "geometry": {
        "type": "Point",
        "coordinates": [
          34.4548435,
          31.5401631
        ]
      },
      "properties": {
        "id": "osm-damage-way-296135066",
        "featureType": "critical_infrastructure",
        "infrastructureType": "building_damage_assessment",
        "status": "osm_destroyed",
        "name": "Destroyed (OSM)",
        "responsibleOrganization": "OpenStreetMap contributors",
        "isSynthetic": false,
        "validFrom": "2026-05-06",
        "sourceIdentifier": "osm-way-296135066"
      }
    },
    {
      "type": "Feature",
      "geometry": {
        "type": "Point",
        "coordinates": [
          34.4561643,
          31.5393353
        ]
      },
      "properties": {
        "id": "osm-damage-way-296136895",
        "featureType": "critical_infrastructure",
        "infrastructureType": "building_damage_assessment",
        "status": "osm_destroyed",
        "name": "Destroyed (OSM)",
        "responsibleOrganization": "OpenStreetMap contributors",
        "isSynthetic": false,
        "validFrom": "2026-05-06",
        "sourceIdentifier": "osm-way-296136895"
      }
    },
    {
      "type": "Feature",
      "geometry": {
        "type": "Point",
        "coordinates": [
          34.4553825,
          31.538662
        ]
      },
      "properties": {
        "id": "osm-damage-way-296136898",
        "featureType": "critical_infrastructure",
        "infrastructureType": "building_damage_assessment",
        "status": "osm_damaged",
        "name": "Damaged (OSM)",
        "responsibleOrganization": "OpenStreetMap contributors",
        "isSynthetic": false,
        "validFrom": "2026-05-06",
        "sourceIdentifier": "osm-way-296136898"
      }
    },
    {
      "type": "Feature",
      "geometry": {
        "type": "Point",
        "coordinates": [
          34.4566812,
          31.5390146
        ]
      },
      "properties": {
        "id": "osm-damage-way-296136902",
        "featureType": "critical_infrastructure",
        "infrastructureType": "building_damage_assessment",
        "status": "osm_damaged",
        "name": "Damaged (OSM)",
        "responsibleOrganization": "OpenStreetMap contributors",
        "isSynthetic": false,
        "validFrom": "2026-05-06",
        "sourceIdentifier": "osm-way-296136902"
      }
    },
    {
      "type": "Feature",
      "geometry": {
        "type": "Point",
        "coordinates": [
          34.4557673,
          31.5394527
        ]
      },
      "properties": {
        "id": "osm-damage-way-296136909",
        "featureType": "critical_infrastructure",
        "infrastructureType": "building_damage_assessment",
        "status": "osm_destroyed",
        "name": "Destroyed (OSM)",
        "responsibleOrganization": "OpenStreetMap contributors",
        "isSynthetic": false,
        "validFrom": "2026-05-06",
        "sourceIdentifier": "osm-way-296136909"
      }
    },
    {
      "type": "Feature",
      "geometry": {
        "type": "Point",
        "coordinates": [
          34.4556351,
          31.5388811
        ]
      },
      "properties": {
        "id": "osm-damage-way-296136911",
        "featureType": "critical_infrastructure",
        "infrastructureType": "building_damage_assessment",
        "status": "osm_damaged",
        "name": "Damaged (OSM)",
        "responsibleOrganization": "OpenStreetMap contributors",
        "isSynthetic": false,
        "validFrom": "2026-05-06",
        "sourceIdentifier": "osm-way-296136911"
      }
    },
    {
      "type": "Feature",
      "geometry": {
        "type": "Point",
        "coordinates": [
          34.4560137,
          31.5396762
        ]
      },
      "properties": {
        "id": "osm-damage-way-296136914",
        "featureType": "critical_infrastructure",
        "infrastructureType": "building_damage_assessment",
        "status": "osm_destroyed",
        "name": "Destroyed (OSM)",
        "responsibleOrganization": "OpenStreetMap contributors",
        "isSynthetic": false,
        "validFrom": "2026-05-06",
        "sourceIdentifier": "osm-way-296136914"
      }
    },
    {
      "type": "Feature",
      "geometry": {
        "type": "Point",
        "coordinates": [
          34.4568107,
          31.5391218
        ]
      },
      "properties": {
        "id": "osm-damage-way-296136916",
        "featureType": "critical_infrastructure",
        "infrastructureType": "building_damage_assessment",
        "status": "osm_damaged",
        "name": "Damaged (OSM)",
        "responsibleOrganization": "OpenStreetMap contributors",
        "isSynthetic": false,
        "validFrom": "2026-05-06",
        "sourceIdentifier": "osm-way-296136916"
      }
    },
    {
      "type": "Feature",
      "geometry": {
        "type": "Point",
        "coordinates": [
          34.4553499,
          31.539101
        ]
      },
      "properties": {
        "id": "osm-damage-way-296136921",
        "featureType": "critical_infrastructure",
        "infrastructureType": "building_damage_assessment",
        "status": "osm_damaged",
        "name": "Damaged (OSM)",
        "responsibleOrganization": "OpenStreetMap contributors",
        "isSynthetic": false,
        "validFrom": "2026-05-06",
        "sourceIdentifier": "osm-way-296136921"
      }
    },
    {
      "type": "Feature",
      "geometry": {
        "type": "Point",
        "coordinates": [
          34.4562522,
          31.5397005
        ]
      },
      "properties": {
        "id": "osm-damage-way-296136925",
        "featureType": "critical_infrastructure",
        "infrastructureType": "building_damage_assessment",
        "status": "osm_destroyed",
        "name": "Destroyed (OSM)",
        "responsibleOrganization": "OpenStreetMap contributors",
        "isSynthetic": false,
        "validFrom": "2026-05-06",
        "sourceIdentifier": "osm-way-296136925"
      }
    },
    {
      "type": "Feature",
      "geometry": {
        "type": "Point",
        "coordinates": [
          34.4565075,
          31.5388678
        ]
      },
      "properties": {
        "id": "osm-damage-way-296136926",
        "featureType": "critical_infrastructure",
        "infrastructureType": "building_damage_assessment",
        "status": "osm_damaged",
        "name": "Damaged (OSM)",
        "responsibleOrganization": "OpenStreetMap contributors",
        "isSynthetic": false,
        "validFrom": "2026-05-06",
        "sourceIdentifier": "osm-way-296136926"
      }
    },
    {
      "type": "Feature",
      "geometry": {
        "type": "Point",
        "coordinates": [
          34.4559578,
          31.5395056
        ]
      },
      "properties": {
        "id": "osm-damage-way-296136933",
        "featureType": "critical_infrastructure",
        "infrastructureType": "building_damage_assessment",
        "status": "osm_destroyed",
        "name": "Destroyed (OSM)",
        "responsibleOrganization": "OpenStreetMap contributors",
        "isSynthetic": false,
        "validFrom": "2026-05-06",
        "sourceIdentifier": "osm-way-296136933"
      }
    },
    {
      "type": "Feature",
      "geometry": {
        "type": "Point",
        "coordinates": [
          34.4552623,
          31.5389312
        ]
      },
      "properties": {
        "id": "osm-damage-way-296136937",
        "featureType": "critical_infrastructure",
        "infrastructureType": "building_damage_assessment",
        "status": "osm_damaged",
        "name": "Damaged (OSM)",
        "responsibleOrganization": "OpenStreetMap contributors",
        "isSynthetic": false,
        "validFrom": "2026-05-06",
        "sourceIdentifier": "osm-way-296136937"
      }
    },
    {
      "type": "Feature",
      "geometry": {
        "type": "Point",
        "coordinates": [
          34.4561309,
          31.5397785
        ]
      },
      "properties": {
        "id": "osm-damage-way-296136938",
        "featureType": "critical_infrastructure",
        "infrastructureType": "building_damage_assessment",
        "status": "osm_destroyed",
        "name": "Destroyed (OSM)",
        "responsibleOrganization": "OpenStreetMap contributors",
        "isSynthetic": false,
        "validFrom": "2026-05-06",
        "sourceIdentifier": "osm-way-296136938"
      }
    },
    {
      "type": "Feature",
      "geometry": {
        "type": "Point",
        "coordinates": [
          34.4563613,
          31.5390595
        ]
      },
      "properties": {
        "id": "osm-damage-way-296136939",
        "featureType": "critical_infrastructure",
        "infrastructureType": "building_damage_assessment",
        "status": "osm_damaged",
        "name": "Damaged (OSM)",
        "responsibleOrganization": "OpenStreetMap contributors",
        "isSynthetic": false,
        "validFrom": "2026-05-06",
        "sourceIdentifier": "osm-way-296136939"
      }
    },
    {
      "type": "Feature",
      "geometry": {
        "type": "Point",
        "coordinates": [
          34.4556166,
          31.5393494
        ]
      },
      "properties": {
        "id": "osm-damage-way-296136942",
        "featureType": "critical_infrastructure",
        "infrastructureType": "building_damage_assessment",
        "status": "osm_destroyed",
        "name": "Destroyed (OSM) \u2014 \u0645\u0646\u0632\u0644 \u0627\u0644\u0645\u0631\u062d\u0648\u0645 : \u0627\u0628\u0648 \u0627\u064a\u0645\u0646 \u0634\u0627\u0647\u064a\u0646",
        "responsibleOrganization": "OpenStreetMap contributors",
        "isSynthetic": false,
        "validFrom": "2026-05-06",
        "sourceIdentifier": "osm-way-296136942"
      }
    },
    {
      "type": "Feature",
      "geometry": {
        "type": "Point",
        "coordinates": [
          34.4549675,
          31.5385416
        ]
      },
      "properties": {
        "id": "osm-damage-way-296136943",
        "featureType": "critical_infrastructure",
        "infrastructureType": "building_damage_assessment",
        "status": "osm_damaged",
        "name": "Damaged (OSM)",
        "responsibleOrganization": "OpenStreetMap contributors",
        "isSynthetic": false,
        "validFrom": "2026-05-06",
        "sourceIdentifier": "osm-way-296136943"
      }
    },
    {
      "type": "Feature",
      "geometry": {
        "type": "Point",
        "coordinates": [
          34.4561226,
          31.5395749
        ]
      },
      "properties": {
        "id": "osm-damage-way-296136946",
        "featureType": "critical_infrastructure",
        "infrastructureType": "building_damage_assessment",
        "status": "osm_destroyed",
        "name": "Destroyed (OSM)",
        "responsibleOrganization": "OpenStreetMap contributors",
        "isSynthetic": false,
        "validFrom": "2026-05-06",
        "sourceIdentifier": "osm-way-296136946"
      }
    },
    {
      "type": "Feature",
      "geometry": {
        "type": "Point",
        "coordinates": [
          34.4549512,
          31.538634
        ]
      },
      "properties": {
        "id": "osm-damage-way-296136948",
        "featureType": "critical_infrastructure",
        "infrastructureType": "building_damage_assessment",
        "status": "osm_damaged",
        "name": "Damaged (OSM)",
        "responsibleOrganization": "OpenStreetMap contributors",
        "isSynthetic": false,
        "validFrom": "2026-05-06",
        "sourceIdentifier": "osm-way-296136948"
      }
    },
    {
      "type": "Feature",
      "geometry": {
        "type": "Point",
        "coordinates": [
          34.455535,
          31.5381063
        ]
      },
      "properties": {
        "id": "osm-damage-way-296136950",
        "featureType": "critical_infrastructure",
        "infrastructureType": "building_damage_assessment",
        "status": "osm_destroyed",
        "name": "Destroyed (OSM)",
        "responsibleOrganization": "OpenStreetMap contributors",
        "isSynthetic": false,
        "validFrom": "2026-05-06",
        "sourceIdentifier": "osm-way-296136950"
      }
    },
    {
      "type": "Feature",
      "geometry": {
        "type": "Point",
        "coordinates": [
          34.4559774,
          31.5392669
        ]
      },
      "properties": {
        "id": "osm-damage-way-296136953",
        "featureType": "critical_infrastructure",
        "infrastructureType": "building_damage_assessment",
        "status": "osm_destroyed",
        "name": "Destroyed (OSM)",
        "responsibleOrganization": "OpenStreetMap contributors",
        "isSynthetic": false,
        "validFrom": "2026-05-06",
        "sourceIdentifier": "osm-way-296136953"
      }
    },
    {
      "type": "Feature",
      "geometry": {
        "type": "Point",
        "coordinates": [
          34.4549395,
          31.5387876
        ]
      },
      "properties": {
        "id": "osm-damage-way-296136956",
        "featureType": "critical_infrastructure",
        "infrastructureType": "building_damage_assessment",
        "status": "osm_damaged",
        "name": "Damaged (OSM)",
        "responsibleOrganization": "OpenStreetMap contributors",
        "isSynthetic": false,
        "validFrom": "2026-05-06",
        "sourceIdentifier": "osm-way-296136956"
      }
    },
    {
      "type": "Feature",
      "geometry": {
        "type": "Point",
        "coordinates": [
          34.4562902,
          31.5394288
        ]
      },
      "properties": {
        "id": "osm-damage-way-296136957",
        "featureType": "critical_infrastructure",
        "infrastructureType": "building_damage_assessment",
        "status": "osm_destroyed",
        "name": "Destroyed (OSM)",
        "responsibleOrganization": "OpenStreetMap contributors",
        "isSynthetic": false,
        "validFrom": "2026-05-06",
        "sourceIdentifier": "osm-way-296136957"
      }
    },
    {
      "type": "Feature",
      "geometry": {
        "type": "Point",
        "coordinates": [
          34.4557757,
          31.5382421
        ]
      },
      "properties": {
        "id": "osm-damage-way-296136959",
        "featureType": "critical_infrastructure",
        "infrastructureType": "building_damage_assessment",
        "status": "osm_destroyed",
        "name": "Destroyed (OSM)",
        "responsibleOrganization": "OpenStreetMap contributors",
        "isSynthetic": false,
        "validFrom": "2026-05-06",
        "sourceIdentifier": "osm-way-296136959"
      }
    },
    {
      "type": "Feature",
      "geometry": {
        "type": "Point",
        "coordinates": [
          34.4552547,
          31.5385409
        ]
      },
      "properties": {
        "id": "osm-damage-way-296136960",
        "featureType": "critical_infrastructure",
        "infrastructureType": "building_damage_assessment",
        "status": "osm_damaged",
        "name": "Damaged (OSM)",
        "responsibleOrganization": "OpenStreetMap contributors",
        "isSynthetic": false,
        "validFrom": "2026-05-06",
        "sourceIdentifier": "osm-way-296136960"
      }
    },
    {
      "type": "Feature",
      "geometry": {
        "type": "Point",
        "coordinates": [
          34.4565088,
          31.5391618
        ]
      },
      "properties": {
        "id": "osm-damage-way-296136962",
        "featureType": "critical_infrastructure",
        "infrastructureType": "building_damage_assessment",
        "status": "osm_damaged",
        "name": "Damaged (OSM)",
        "responsibleOrganization": "OpenStreetMap contributors",
        "isSynthetic": false,
        "validFrom": "2026-05-06",
        "sourceIdentifier": "osm-way-296136962"
      }
    },
    {
      "type": "Feature",
      "geometry": {
        "type": "Point",
        "coordinates": [
          34.4557323,
          31.5392509
        ]
      },
      "properties": {
        "id": "osm-damage-way-296136967",
        "featureType": "critical_infrastructure",
        "infrastructureType": "building_damage_assessment",
        "status": "osm_destroyed",
        "name": "Destroyed (OSM)",
        "responsibleOrganization": "OpenStreetMap contributors",
        "isSynthetic": false,
        "validFrom": "2026-05-06",
        "sourceIdentifier": "osm-way-296136967"
      }
    },
    {
      "type": "Feature",
      "geometry": {
        "type": "Point",
        "coordinates": [
          34.4550721,
          31.5388835
        ]
      },
      "properties": {
        "id": "osm-damage-way-296136971",
        "featureType": "critical_infrastructure",
        "infrastructureType": "building_damage_assessment",
        "status": "osm_damaged",
        "name": "Damaged (OSM)",
        "responsibleOrganization": "OpenStreetMap contributors",
        "isSynthetic": false,
        "validFrom": "2026-05-06",
        "sourceIdentifier": "osm-way-296136971"
      }
    },
    {
      "type": "Feature",
      "geometry": {
        "type": "Point",
        "coordinates": [
          34.4564936,
          31.5395112
        ]
      },
      "properties": {
        "id": "osm-damage-way-296136974",
        "featureType": "critical_infrastructure",
        "infrastructureType": "building_damage_assessment",
        "status": "osm_destroyed",
        "name": "Destroyed (OSM)",
        "responsibleOrganization": "OpenStreetMap contributors",
        "isSynthetic": false,
        "validFrom": "2026-05-06",
        "sourceIdentifier": "osm-way-296136974"
      }
    },
    {
      "type": "Feature",
      "geometry": {
        "type": "Point",
        "coordinates": [
          34.4551879,
          31.5387862
        ]
      },
      "properties": {
        "id": "osm-damage-way-296136977",
        "featureType": "critical_infrastructure",
        "infrastructureType": "building_damage_assessment",
        "status": "osm_damaged",
        "name": "Damaged (OSM)",
        "responsibleOrganization": "OpenStreetMap contributors",
        "isSynthetic": false,
        "validFrom": "2026-05-06",
        "sourceIdentifier": "osm-way-296136977"
      }
    },
    {
      "type": "Feature",
      "geometry": {
        "type": "Point",
        "coordinates": [
          34.4556231,
          31.5380352
        ]
      },
      "properties": {
        "id": "osm-damage-way-296136980",
        "featureType": "critical_infrastructure",
        "infrastructureType": "building_damage_assessment",
        "status": "osm_destroyed",
        "name": "Destroyed (OSM)",
        "responsibleOrganization": "OpenStreetMap contributors",
        "isSynthetic": false,
        "validFrom": "2026-05-06",
        "sourceIdentifier": "osm-way-296136980"
      }
    },
    {
      "type": "Feature",
      "geometry": {
        "type": "Point",
        "coordinates": [
          34.4553686,
          31.5382828
        ]
      },
      "properties": {
        "id": "osm-damage-way-296136981",
        "featureType": "critical_infrastructure",
        "infrastructureType": "building_damage_assessment",
        "status": "osm_destroyed",
        "name": "Destroyed (OSM)",
        "responsibleOrganization": "OpenStreetMap contributors",
        "isSynthetic": false,
        "validFrom": "2026-05-06",
        "sourceIdentifier": "osm-way-296136981"
      }
    },
    {
      "type": "Feature",
      "geometry": {
        "type": "Point",
        "coordinates": [
          34.4548099,
          31.5386662
        ]
      },
      "properties": {
        "id": "osm-damage-way-296136988",
        "featureType": "critical_infrastructure",
        "infrastructureType": "building_damage_assessment",
        "status": "osm_damaged",
        "name": "Damaged (OSM)",
        "responsibleOrganization": "OpenStreetMap contributors",
        "isSynthetic": false,
        "validFrom": "2026-05-06",
        "sourceIdentifier": "osm-way-296136988"
      }
    },
    {
      "type": "Feature",
      "geometry": {
        "type": "Point",
        "coordinates": [
          34.4563748,
          31.5395999
        ]
      },
      "properties": {
        "id": "osm-damage-way-296136989",
        "featureType": "critical_infrastructure",
        "infrastructureType": "building_damage_assessment",
        "status": "osm_destroyed",
        "name": "Destroyed (OSM)",
        "responsibleOrganization": "OpenStreetMap contributors",
        "isSynthetic": false,
        "validFrom": "2026-05-06",
        "sourceIdentifier": "osm-way-296136989"
      }
    },
    {
      "type": "Feature",
      "geometry": {
        "type": "Point",
        "coordinates": [
          34.4554536,
          31.5381832
        ]
      },
      "properties": {
        "id": "osm-damage-way-296136991",
        "featureType": "critical_infrastructure",
        "infrastructureType": "building_damage_assessment",
        "status": "osm_destroyed",
        "name": "Destroyed (OSM)",
        "responsibleOrganization": "OpenStreetMap contributors",
        "isSynthetic": false,
        "validFrom": "2026-05-06",
        "sourceIdentifier": "osm-way-296136991"
      }
    },
    {
      "type": "Feature",
      "geometry": {
        "type": "Point",
        "coordinates": [
          34.4554641,
          31.5390168
        ]
      },
      "properties": {
        "id": "osm-damage-way-296136992",
        "featureType": "critical_infrastructure",
        "infrastructureType": "building_damage_assessment",
        "status": "osm_damaged",
        "name": "Damaged (OSM)",
        "responsibleOrganization": "OpenStreetMap contributors",
        "isSynthetic": false,
        "validFrom": "2026-05-06",
        "sourceIdentifier": "osm-way-296136992"
      }
    },
    {
      "type": "Feature",
      "geometry": {
        "type": "Point",
        "coordinates": [
          34.4559148,
          31.5391043
        ]
      },
      "properties": {
        "id": "osm-damage-way-296136995",
        "featureType": "critical_infrastructure",
        "infrastructureType": "building_damage_assessment",
        "status": "osm_destroyed",
        "name": "Destroyed (OSM)",
        "responsibleOrganization": "OpenStreetMap contributors",
        "isSynthetic": false,
        "validFrom": "2026-05-06",
        "sourceIdentifier": "osm-way-296136995"
      }
    },
    {
      "type": "Feature",
      "geometry": {
        "type": "Point",
        "coordinates": [
          34.4551084,
          31.5371783
        ]
      },
      "properties": {
        "id": "osm-damage-way-296137444",
        "featureType": "critical_infrastructure",
        "infrastructureType": "building_damage_assessment",
        "status": "osm_damaged",
        "name": "Damaged (OSM)",
        "responsibleOrganization": "OpenStreetMap contributors",
        "isSynthetic": false,
        "validFrom": "2026-05-06",
        "sourceIdentifier": "osm-way-296137444"
      }
    },
    {
      "type": "Feature",
      "geometry": {
        "type": "Point",
        "coordinates": [
          34.4552053,
          31.5370937
        ]
      },
      "properties": {
        "id": "osm-damage-way-296137448",
        "featureType": "critical_infrastructure",
        "infrastructureType": "building_damage_assessment",
        "status": "osm_damaged",
        "name": "Damaged (OSM)",
        "responsibleOrganization": "OpenStreetMap contributors",
        "isSynthetic": false,
        "validFrom": "2026-05-06",
        "sourceIdentifier": "osm-way-296137448"
      }
    },
    {
      "type": "Feature",
      "geometry": {
        "type": "Point",
        "coordinates": [
          34.4553772,
          31.5374301
        ]
      },
      "properties": {
        "id": "osm-damage-way-296137455",
        "featureType": "critical_infrastructure",
        "infrastructureType": "building_damage_assessment",
        "status": "osm_damaged",
        "name": "Damaged (OSM)",
        "responsibleOrganization": "OpenStreetMap contributors",
        "isSynthetic": false,
        "validFrom": "2026-05-06",
        "sourceIdentifier": "osm-way-296137455"
      }
    },
    {
      "type": "Feature",
      "geometry": {
        "type": "Point",
        "coordinates": [
          34.4552475,
          31.5372463
        ]
      },
      "properties": {
        "id": "osm-damage-way-296137459",
        "featureType": "critical_infrastructure",
        "infrastructureType": "building_damage_assessment",
        "status": "osm_damaged",
        "name": "Damaged (OSM)",
        "responsibleOrganization": "OpenStreetMap contributors",
        "isSynthetic": false,
        "validFrom": "2026-05-06",
        "sourceIdentifier": "osm-way-296137459"
      }
    },
    {
      "type": "Feature",
      "geometry": {
        "type": "Point",
        "coordinates": [
          34.4556158,
          31.5375246
        ]
      },
      "properties": {
        "id": "osm-damage-way-296137462",
        "featureType": "critical_infrastructure",
        "infrastructureType": "building_damage_assessment",
        "status": "osm_damaged",
        "name": "Damaged (OSM)",
        "responsibleOrganization": "OpenStreetMap contributors",
        "isSynthetic": false,
        "validFrom": "2026-05-06",
        "sourceIdentifier": "osm-way-296137462"
      }
    },
    {
      "type": "Feature",
      "geometry": {
        "type": "Point",
        "coordinates": [
          34.456481,
          31.5378678
        ]
      },
      "properties": {
        "id": "osm-damage-way-296139875",
        "featureType": "critical_infrastructure",
        "infrastructureType": "building_damage_assessment",
        "status": "osm_destroyed",
        "name": "Destroyed (OSM)",
        "responsibleOrganization": "OpenStreetMap contributors",
        "isSynthetic": false,
        "validFrom": "2026-05-06",
        "sourceIdentifier": "osm-way-296139875"
      }
    },
    {
      "type": "Feature",
      "geometry": {
        "type": "Point",
        "coordinates": [
          34.456701,
          31.5376986
        ]
      },
      "properties": {
        "id": "osm-damage-way-296139881",
        "featureType": "critical_infrastructure",
        "infrastructureType": "building_damage_assessment",
        "status": "osm_destroyed",
        "name": "Destroyed (OSM)",
        "responsibleOrganization": "OpenStreetMap contributors",
        "isSynthetic": false,
        "validFrom": "2026-05-06",
        "sourceIdentifier": "osm-way-296139881"
      }
    },
    {
      "type": "Feature",
      "geometry": {
        "type": "Point",
        "coordinates": [
          34.4560742,
          31.5379557
        ]
      },
      "properties": {
        "id": "osm-damage-way-296139894",
        "featureType": "critical_infrastructure",
        "infrastructureType": "building_damage_assessment",
        "status": "osm_destroyed",
        "name": "Destroyed (OSM)",
        "responsibleOrganization": "OpenStreetMap contributors",
        "isSynthetic": false,
        "validFrom": "2026-05-06",
        "sourceIdentifier": "osm-way-296139894"
      }
    },
    {
      "type": "Feature",
      "geometry": {
        "type": "Point",
        "coordinates": [
          34.4562488,
          31.5380864
        ]
      },
      "properties": {
        "id": "osm-damage-way-296139899",
        "featureType": "critical_infrastructure",
        "infrastructureType": "building_damage_assessment",
        "status": "osm_destroyed",
        "name": "Destroyed (OSM)",
        "responsibleOrganization": "OpenStreetMap contributors",
        "isSynthetic": false,
        "validFrom": "2026-05-06",
        "sourceIdentifier": "osm-way-296139899"
      }
    },
    {
      "type": "Feature",
      "geometry": {
        "type": "Point",
        "coordinates": [
          34.4568667,
          31.5378273
        ]
      },
      "properties": {
        "id": "osm-damage-way-296139901",
        "featureType": "critical_infrastructure",
        "infrastructureType": "building_damage_assessment",
        "status": "osm_destroyed",
        "name": "Destroyed (OSM)",
        "responsibleOrganization": "OpenStreetMap contributors",
        "isSynthetic": false,
        "validFrom": "2026-05-06",
        "sourceIdentifier": "osm-way-296139901"
      }
    },
    {
      "type": "Feature",
      "geometry": {
        "type": "Point",
        "coordinates": [
          34.4570505,
          31.5376396
        ]
      },
      "properties": {
        "id": "osm-damage-way-296139903",
        "featureType": "critical_infrastructure",
        "infrastructureType": "building_damage_assessment",
        "status": "osm_destroyed",
        "name": "Destroyed (OSM)",
        "responsibleOrganization": "OpenStreetMap contributors",
        "isSynthetic": false,
        "validFrom": "2026-05-06",
        "sourceIdentifier": "osm-way-296139903"
      }
    },
    {
      "type": "Feature",
      "geometry": {
        "type": "Point",
        "coordinates": [
          34.4565402,
          31.5380791
        ]
      },
      "properties": {
        "id": "osm-damage-way-296139922",
        "featureType": "critical_infrastructure",
        "infrastructureType": "building_damage_assessment",
        "status": "osm_destroyed",
        "name": "Destroyed (OSM)",
        "responsibleOrganization": "OpenStreetMap contributors",
        "isSynthetic": false,
        "validFrom": "2026-05-06",
        "sourceIdentifier": "osm-way-296139922"
      }
    },
    {
      "type": "Feature",
      "geometry": {
        "type": "Point",
        "coordinates": [
          34.4300679,
          31.5181082
        ]
      },
      "properties": {
        "id": "osm-damage-way-296154148",
        "featureType": "critical_infrastructure",
        "infrastructureType": "building_damage_assessment",
        "status": "osm_damaged",
        "name": "Damaged (OSM)",
        "responsibleOrganization": "OpenStreetMap contributors",
        "isSynthetic": false,
        "validFrom": "2026-05-06",
        "sourceIdentifier": "osm-way-296154148"
      }
    },
    {
      "type": "Feature",
      "geometry": {
        "type": "Point",
        "coordinates": [
          34.4298955,
          31.518382
        ]
      },
      "properties": {
        "id": "osm-damage-way-296154161",
        "featureType": "critical_infrastructure",
        "infrastructureType": "building_damage_assessment",
        "status": "osm_damaged",
        "name": "Damaged (OSM)",
        "responsibleOrganization": "OpenStreetMap contributors",
        "isSynthetic": false,
        "validFrom": "2026-05-06",
        "sourceIdentifier": "osm-way-296154161"
      }
    },
    {
      "type": "Feature",
      "geometry": {
        "type": "Point",
        "coordinates": [
          34.4307252,
          31.5182925
        ]
      },
      "properties": {
        "id": "osm-damage-way-296154165",
        "featureType": "critical_infrastructure",
        "infrastructureType": "building_damage_assessment",
        "status": "osm_damaged",
        "name": "Damaged (OSM)",
        "responsibleOrganization": "OpenStreetMap contributors",
        "isSynthetic": false,
        "validFrom": "2026-05-06",
        "sourceIdentifier": "osm-way-296154165"
      }
    },
    {
      "type": "Feature",
      "geometry": {
        "type": "Point",
        "coordinates": [
          34.4345077,
          31.5185516
        ]
      },
      "properties": {
        "id": "osm-damage-way-296154182",
        "featureType": "critical_infrastructure",
        "infrastructureType": "building_damage_assessment",
        "status": "osm_damaged",
        "name": "Damaged (OSM)",
        "responsibleOrganization": "OpenStreetMap contributors",
        "isSynthetic": false,
        "validFrom": "2026-05-06",
        "sourceIdentifier": "osm-way-296154182"
      }
    },
    {
      "type": "Feature",
      "geometry": {
        "type": "Point",
        "coordinates": [
          34.4346597,
          31.5184263
        ]
      },
      "properties": {
        "id": "osm-damage-way-296154221",
        "featureType": "critical_infrastructure",
        "infrastructureType": "building_damage_assessment",
        "status": "osm_damaged",
        "name": "Damaged (OSM)",
        "responsibleOrganization": "OpenStreetMap contributors",
        "isSynthetic": false,
        "validFrom": "2026-05-06",
        "sourceIdentifier": "osm-way-296154221"
      }
    },
    {
      "type": "Feature",
      "geometry": {
        "type": "Point",
        "coordinates": [
          34.4346413,
          31.5189616
        ]
      },
      "properties": {
        "id": "osm-damage-way-296154258",
        "featureType": "critical_infrastructure",
        "infrastructureType": "building_damage_assessment",
        "status": "osm_damaged",
        "name": "Damaged (OSM)",
        "responsibleOrganization": "OpenStreetMap contributors",
        "isSynthetic": false,
        "validFrom": "2026-05-06",
        "sourceIdentifier": "osm-way-296154258"
      }
    },
    {
      "type": "Feature",
      "geometry": {
        "type": "Point",
        "coordinates": [
          34.4301444,
          31.5183963
        ]
      },
      "properties": {
        "id": "osm-damage-way-296154260",
        "featureType": "critical_infrastructure",
        "infrastructureType": "building_damage_assessment",
        "status": "osm_damaged",
        "name": "Damaged (OSM)",
        "responsibleOrganization": "OpenStreetMap contributors",
        "isSynthetic": false,
        "validFrom": "2026-05-06",
        "sourceIdentifier": "osm-way-296154260"
      }
    },
    {
      "type": "Feature",
      "geometry": {
        "type": "Point",
        "coordinates": [
          34.4343149,
          31.5187679
        ]
      },
      "properties": {
        "id": "osm-damage-way-296154261",
        "featureType": "critical_infrastructure",
        "infrastructureType": "building_damage_assessment",
        "status": "osm_damaged",
        "name": "Damaged (OSM)",
        "responsibleOrganization": "OpenStreetMap contributors",
        "isSynthetic": false,
        "validFrom": "2026-05-06",
        "sourceIdentifier": "osm-way-296154261"
      }
    },
    {
      "type": "Feature",
      "geometry": {
        "type": "Point",
        "coordinates": [
          34.4299128,
          31.5172264
        ]
      },
      "properties": {
        "id": "osm-damage-way-296299339",
        "featureType": "critical_infrastructure",
        "infrastructureType": "building_damage_assessment",
        "status": "osm_damaged",
        "name": "Damaged (OSM)",
        "responsibleOrganization": "OpenStreetMap contributors",
        "isSynthetic": false,
        "validFrom": "2026-05-06",
        "sourceIdentifier": "osm-way-296299339"
      }
    },
    {
      "type": "Feature",
      "geometry": {
        "type": "Point",
        "coordinates": [
          34.4296575,
          31.5175686
        ]
      },
      "properties": {
        "id": "osm-damage-way-296299456",
        "featureType": "critical_infrastructure",
        "infrastructureType": "building_damage_assessment",
        "status": "osm_damaged",
        "name": "Damaged (OSM)",
        "responsibleOrganization": "OpenStreetMap contributors",
        "isSynthetic": false,
        "validFrom": "2026-05-06",
        "sourceIdentifier": "osm-way-296299456"
      }
    },
    {
      "type": "Feature",
      "geometry": {
        "type": "Point",
        "coordinates": [
          34.4503785,
          31.5377107
        ]
      },
      "properties": {
        "id": "osm-damage-way-296343009",
        "featureType": "critical_infrastructure",
        "infrastructureType": "building_damage_assessment",
        "status": "osm_damaged",
        "name": "Damaged (OSM)",
        "responsibleOrganization": "OpenStreetMap contributors",
        "isSynthetic": false,
        "validFrom": "2026-05-06",
        "sourceIdentifier": "osm-way-296343009"
      }
    },
    {
      "type": "Feature",
      "geometry": {
        "type": "Point",
        "coordinates": [
          34.4505949,
          31.5378645
        ]
      },
      "properties": {
        "id": "osm-damage-way-296343017",
        "featureType": "critical_infrastructure",
        "infrastructureType": "building_damage_assessment",
        "status": "osm_damaged",
        "name": "Damaged (OSM)",
        "responsibleOrganization": "OpenStreetMap contributors",
        "isSynthetic": false,
        "validFrom": "2026-05-06",
        "sourceIdentifier": "osm-way-296343017"
      }
    },
    {
      "type": "Feature",
      "geometry": {
        "type": "Point",
        "coordinates": [
          34.4504551,
          31.5378247
        ]
      },
      "properties": {
        "id": "osm-damage-way-296343018",
        "featureType": "critical_infrastructure",
        "infrastructureType": "building_damage_assessment",
        "status": "osm_damaged",
        "name": "Damaged (OSM)",
        "responsibleOrganization": "OpenStreetMap contributors",
        "isSynthetic": false,
        "validFrom": "2026-05-06",
        "sourceIdentifier": "osm-way-296343018"
      }
    },
    {
      "type": "Feature",
      "geometry": {
        "type": "Point",
        "coordinates": [
          34.4504203,
          31.5386497
        ]
      },
      "properties": {
        "id": "osm-damage-way-296346964",
        "featureType": "critical_infrastructure",
        "infrastructureType": "building_damage_assessment",
        "status": "osm_damaged",
        "name": "Damaged (OSM)",
        "responsibleOrganization": "OpenStreetMap contributors",
        "isSynthetic": false,
        "validFrom": "2026-05-06",
        "sourceIdentifier": "osm-way-296346964"
      }
    },
    {
      "type": "Feature",
      "geometry": {
        "type": "Point",
        "coordinates": [
          34.450958,
          31.5382523
        ]
      },
      "properties": {
        "id": "osm-damage-way-296346965",
        "featureType": "critical_infrastructure",
        "infrastructureType": "building_damage_assessment",
        "status": "osm_damaged",
        "name": "Damaged (OSM)",
        "responsibleOrganization": "OpenStreetMap contributors",
        "isSynthetic": false,
        "validFrom": "2026-05-06",
        "sourceIdentifier": "osm-way-296346965"
      }
    },
    {
      "type": "Feature",
      "geometry": {
        "type": "Point",
        "coordinates": [
          34.4506276,
          31.538298
        ]
      },
      "properties": {
        "id": "osm-damage-way-296346967",
        "featureType": "critical_infrastructure",
        "infrastructureType": "building_damage_assessment",
        "status": "osm_damaged",
        "name": "Damaged (OSM)",
        "responsibleOrganization": "OpenStreetMap contributors",
        "isSynthetic": false,
        "validFrom": "2026-05-06",
        "sourceIdentifier": "osm-way-296346967"
      }
    },
    {
      "type": "Feature",
      "geometry": {
        "type": "Point",
        "coordinates": [
          34.4504089,
          31.5388323
        ]
      },
      "properties": {
        "id": "osm-damage-way-296346969",
        "featureType": "critical_infrastructure",
        "infrastructureType": "building_damage_assessment",
        "status": "osm_damaged",
        "name": "Damaged (OSM)",
        "responsibleOrganization": "OpenStreetMap contributors",
        "isSynthetic": false,
        "validFrom": "2026-05-06",
        "sourceIdentifier": "osm-way-296346969"
      }
    },
    {
      "type": "Feature",
      "geometry": {
        "type": "Point",
        "coordinates": [
          34.4506282,
          31.5386826
        ]
      },
      "properties": {
        "id": "osm-damage-way-296346970",
        "featureType": "critical_infrastructure",
        "infrastructureType": "building_damage_assessment",
        "status": "osm_damaged",
        "name": "Damaged (OSM)",
        "responsibleOrganization": "OpenStreetMap contributors",
        "isSynthetic": false,
        "validFrom": "2026-05-06",
        "sourceIdentifier": "osm-way-296346970"
      }
    },
    {
      "type": "Feature",
      "geometry": {
        "type": "Point",
        "coordinates": [
          34.4507282,
          31.5380291
        ]
      },
      "properties": {
        "id": "osm-damage-way-296346971",
        "featureType": "critical_infrastructure",
        "infrastructureType": "building_damage_assessment",
        "status": "osm_damaged",
        "name": "Damaged (OSM)",
        "responsibleOrganization": "OpenStreetMap contributors",
        "isSynthetic": false,
        "validFrom": "2026-05-06",
        "sourceIdentifier": "osm-way-296346971"
      }
    },
    {
      "type": "Feature",
      "geometry": {
        "type": "Point",
        "coordinates": [
          34.4506286,
          31.5381204
        ]
      },
      "properties": {
        "id": "osm-damage-way-296346972",
        "featureType": "critical_infrastructure",
        "infrastructureType": "building_damage_assessment",
        "status": "osm_damaged",
        "name": "Damaged (OSM)",
        "responsibleOrganization": "OpenStreetMap contributors",
        "isSynthetic": false,
        "validFrom": "2026-05-06",
        "sourceIdentifier": "osm-way-296346972"
      }
    },
    {
      "type": "Feature",
      "geometry": {
        "type": "Point",
        "coordinates": [
          34.4508535,
          31.5384977
        ]
      },
      "properties": {
        "id": "osm-damage-way-296346973",
        "featureType": "critical_infrastructure",
        "infrastructureType": "building_damage_assessment",
        "status": "osm_damaged",
        "name": "Damaged (OSM)",
        "responsibleOrganization": "OpenStreetMap contributors",
        "isSynthetic": false,
        "validFrom": "2026-05-06",
        "sourceIdentifier": "osm-way-296346973"
      }
    },
    {
      "type": "Feature",
      "geometry": {
        "type": "Point",
        "coordinates": [
          34.4505857,
          31.5385182
        ]
      },
      "properties": {
        "id": "osm-damage-way-296346976",
        "featureType": "critical_infrastructure",
        "infrastructureType": "building_damage_assessment",
        "status": "osm_damaged",
        "name": "Damaged (OSM)",
        "responsibleOrganization": "OpenStreetMap contributors",
        "isSynthetic": false,
        "validFrom": "2026-05-06",
        "sourceIdentifier": "osm-way-296346976"
      }
    },
    {
      "type": "Feature",
      "geometry": {
        "type": "Point",
        "coordinates": [
          34.4507048,
          31.5386041
        ]
      },
      "properties": {
        "id": "osm-damage-way-296346977",
        "featureType": "critical_infrastructure",
        "infrastructureType": "building_damage_assessment",
        "status": "osm_damaged",
        "name": "Damaged (OSM)",
        "responsibleOrganization": "OpenStreetMap contributors",
        "isSynthetic": false,
        "validFrom": "2026-05-06",
        "sourceIdentifier": "osm-way-296346977"
      }
    },
    {
      "type": "Feature",
      "geometry": {
        "type": "Point",
        "coordinates": [
          34.4508353,
          31.5381323
        ]
      },
      "properties": {
        "id": "osm-damage-way-296346978",
        "featureType": "critical_infrastructure",
        "infrastructureType": "building_damage_assessment",
        "status": "osm_damaged",
        "name": "Damaged (OSM)",
        "responsibleOrganization": "OpenStreetMap contributors",
        "isSynthetic": false,
        "validFrom": "2026-05-06",
        "sourceIdentifier": "osm-way-296346978"
      }
    },
    {
      "type": "Feature",
      "geometry": {
        "type": "Point",
        "coordinates": [
          34.4504663,
          31.5383059
        ]
      },
      "properties": {
        "id": "osm-damage-way-296346980",
        "featureType": "critical_infrastructure",
        "infrastructureType": "building_damage_assessment",
        "status": "osm_damaged",
        "name": "Damaged (OSM)",
        "responsibleOrganization": "OpenStreetMap contributors",
        "isSynthetic": false,
        "validFrom": "2026-05-06",
        "sourceIdentifier": "osm-way-296346980"
      }
    },
    {
      "type": "Feature",
      "geometry": {
        "type": "Point",
        "coordinates": [
          34.450911,
          31.5382069
        ]
      },
      "properties": {
        "id": "osm-damage-way-296346982",
        "featureType": "critical_infrastructure",
        "infrastructureType": "building_damage_assessment",
        "status": "osm_damaged",
        "name": "Damaged (OSM)",
        "responsibleOrganization": "OpenStreetMap contributors",
        "isSynthetic": false,
        "validFrom": "2026-05-06",
        "sourceIdentifier": "osm-way-296346982"
      }
    },
    {
      "type": "Feature",
      "geometry": {
        "type": "Point",
        "coordinates": [
          34.4505377,
          31.5381861
        ]
      },
      "properties": {
        "id": "osm-damage-way-296346983",
        "featureType": "critical_infrastructure",
        "infrastructureType": "building_damage_assessment",
        "status": "osm_damaged",
        "name": "Damaged (OSM)",
        "responsibleOrganization": "OpenStreetMap contributors",
        "isSynthetic": false,
        "validFrom": "2026-05-06",
        "sourceIdentifier": "osm-way-296346983"
      }
    },
    {
      "type": "Feature",
      "geometry": {
        "type": "Point",
        "coordinates": [
          34.4510384,
          31.5383348
        ]
      },
      "properties": {
        "id": "osm-damage-way-296346984",
        "featureType": "critical_infrastructure",
        "infrastructureType": "building_damage_assessment",
        "status": "osm_damaged",
        "name": "Damaged (OSM)",
        "responsibleOrganization": "OpenStreetMap contributors",
        "isSynthetic": false,
        "validFrom": "2026-05-06",
        "sourceIdentifier": "osm-way-296346984"
      }
    },
    {
      "type": "Feature",
      "geometry": {
        "type": "Point",
        "coordinates": [
          34.4507845,
          31.5383571
        ]
      },
      "properties": {
        "id": "osm-damage-way-296346986",
        "featureType": "critical_infrastructure",
        "infrastructureType": "building_damage_assessment",
        "status": "osm_damaged",
        "name": "Damaged (OSM)",
        "responsibleOrganization": "OpenStreetMap contributors",
        "isSynthetic": false,
        "validFrom": "2026-05-06",
        "sourceIdentifier": "osm-way-296346986"
      }
    },
    {
      "type": "Feature",
      "geometry": {
        "type": "Point",
        "coordinates": [
          34.4503861,
          31.5383857
        ]
      },
      "properties": {
        "id": "osm-damage-way-296346989",
        "featureType": "critical_infrastructure",
        "infrastructureType": "building_damage_assessment",
        "status": "osm_damaged",
        "name": "Damaged (OSM)",
        "responsibleOrganization": "OpenStreetMap contributors",
        "isSynthetic": false,
        "validFrom": "2026-05-06",
        "sourceIdentifier": "osm-way-296346989"
      }
    },
    {
      "type": "Feature",
      "geometry": {
        "type": "Point",
        "coordinates": [
          34.4543522,
          31.5390143
        ]
      },
      "properties": {
        "id": "osm-damage-way-296392133",
        "featureType": "critical_infrastructure",
        "infrastructureType": "building_damage_assessment",
        "status": "osm_destroyed",
        "name": "Destroyed (OSM)",
        "responsibleOrganization": "OpenStreetMap contributors",
        "isSynthetic": false,
        "validFrom": "2026-05-06",
        "sourceIdentifier": "osm-way-296392133"
      }
    },
    {
      "type": "Feature",
      "geometry": {
        "type": "Point",
        "coordinates": [
          34.4551694,
          31.5392392
        ]
      },
      "properties": {
        "id": "osm-damage-way-296392135",
        "featureType": "critical_infrastructure",
        "infrastructureType": "building_damage_assessment",
        "status": "osm_destroyed",
        "name": "Destroyed (OSM)",
        "responsibleOrganization": "OpenStreetMap contributors",
        "isSynthetic": false,
        "validFrom": "2026-05-06",
        "sourceIdentifier": "osm-way-296392135"
      }
    },
    {
      "type": "Feature",
      "geometry": {
        "type": "Point",
        "coordinates": [
          34.455157,
          31.5393464
        ]
      },
      "properties": {
        "id": "osm-damage-way-296392136",
        "featureType": "critical_infrastructure",
        "infrastructureType": "building_damage_assessment",
        "status": "osm_destroyed",
        "name": "Destroyed (OSM)",
        "responsibleOrganization": "OpenStreetMap contributors",
        "isSynthetic": false,
        "validFrom": "2026-05-06",
        "sourceIdentifier": "osm-way-296392136"
      }
    },
    {
      "type": "Feature",
      "geometry": {
        "type": "Point",
        "coordinates": [
          34.4547161,
          31.5391438
        ]
      },
      "properties": {
        "id": "osm-damage-way-296392149",
        "featureType": "critical_infrastructure",
        "infrastructureType": "building_damage_assessment",
        "status": "osm_destroyed",
        "name": "Destroyed (OSM)",
        "responsibleOrganization": "OpenStreetMap contributors",
        "isSynthetic": false,
        "validFrom": "2026-05-06",
        "sourceIdentifier": "osm-way-296392149"
      }
    },
    {
      "type": "Feature",
      "geometry": {
        "type": "Point",
        "coordinates": [
          34.4544953,
          31.5382885
        ]
      },
      "properties": {
        "id": "osm-damage-way-296392212",
        "featureType": "critical_infrastructure",
        "infrastructureType": "building_damage_assessment",
        "status": "osm_damaged",
        "name": "Damaged (OSM)",
        "responsibleOrganization": "OpenStreetMap contributors",
        "isSynthetic": false,
        "validFrom": "2026-05-06",
        "sourceIdentifier": "osm-way-296392212"
      }
    },
    {
      "type": "Feature",
      "geometry": {
        "type": "Point",
        "coordinates": [
          34.4544193,
          31.5379801
        ]
      },
      "properties": {
        "id": "osm-damage-way-296392213",
        "featureType": "critical_infrastructure",
        "infrastructureType": "building_damage_assessment",
        "status": "osm_damaged",
        "name": "Damaged (OSM) \u2014 AlSaddaqa Sport Center",
        "responsibleOrganization": "OpenStreetMap contributors",
        "isSynthetic": false,
        "validFrom": "2026-05-06",
        "sourceIdentifier": "osm-way-296392213"
      }
    },
    {
      "type": "Feature",
      "geometry": {
        "type": "Point",
        "coordinates": [
          34.4532236,
          31.5393793
        ]
      },
      "properties": {
        "id": "osm-damage-way-296392262",
        "featureType": "critical_infrastructure",
        "infrastructureType": "building_damage_assessment",
        "status": "osm_damaged",
        "name": "Damaged (OSM)",
        "responsibleOrganization": "OpenStreetMap contributors",
        "isSynthetic": false,
        "validFrom": "2026-05-06",
        "sourceIdentifier": "osm-way-296392262"
      }
    },
    {
      "type": "Feature",
      "geometry": {
        "type": "Point",
        "coordinates": [
          34.4420946,
          31.532363
        ]
      },
      "properties": {
        "id": "osm-damage-way-296668800",
        "featureType": "critical_infrastructure",
        "infrastructureType": "building_damage_assessment",
        "status": "osm_damaged",
        "name": "Damaged (OSM)",
        "responsibleOrganization": "OpenStreetMap contributors",
        "isSynthetic": false,
        "validFrom": "2026-05-06",
        "sourceIdentifier": "osm-way-296668800"
      }
    },
    {
      "type": "Feature",
      "geometry": {
        "type": "Point",
        "coordinates": [
          34.4584432,
          31.508153
        ]
      },
      "properties": {
        "id": "osm-damage-way-296733882",
        "featureType": "critical_infrastructure",
        "infrastructureType": "building_damage_assessment",
        "status": "osm_destroyed",
        "name": "Destroyed (OSM)",
        "responsibleOrganization": "OpenStreetMap contributors",
        "isSynthetic": false,
        "validFrom": "2026-05-06",
        "sourceIdentifier": "osm-way-296733882"
      }
    },
    {
      "type": "Feature",
      "geometry": {
        "type": "Point",
        "coordinates": [
          34.4608318,
          31.5215695
        ]
      },
      "properties": {
        "id": "osm-damage-way-296899040",
        "featureType": "critical_infrastructure",
        "infrastructureType": "building_damage_assessment",
        "status": "osm_destroyed",
        "name": "Destroyed (OSM)",
        "responsibleOrganization": "OpenStreetMap contributors",
        "isSynthetic": false,
        "validFrom": "2026-05-06",
        "sourceIdentifier": "osm-way-296899040"
      }
    },
    {
      "type": "Feature",
      "geometry": {
        "type": "Point",
        "coordinates": [
          34.4605278,
          31.5215471
        ]
      },
      "properties": {
        "id": "osm-damage-way-296899073",
        "featureType": "critical_infrastructure",
        "infrastructureType": "building_damage_assessment",
        "status": "osm_destroyed",
        "name": "Destroyed (OSM)",
        "responsibleOrganization": "OpenStreetMap contributors",
        "isSynthetic": false,
        "validFrom": "2026-05-06",
        "sourceIdentifier": "osm-way-296899073"
      }
    },
    {
      "type": "Feature",
      "geometry": {
        "type": "Point",
        "coordinates": [
          34.4600416,
          31.5214649
        ]
      },
      "properties": {
        "id": "osm-damage-way-296899117",
        "featureType": "critical_infrastructure",
        "infrastructureType": "building_damage_assessment",
        "status": "osm_destroyed",
        "name": "Destroyed (OSM)",
        "responsibleOrganization": "OpenStreetMap contributors",
        "isSynthetic": false,
        "validFrom": "2026-05-06",
        "sourceIdentifier": "osm-way-296899117"
      }
    },
    {
      "type": "Feature",
      "geometry": {
        "type": "Point",
        "coordinates": [
          34.46029,
          31.5212372
        ]
      },
      "properties": {
        "id": "osm-damage-way-296899129",
        "featureType": "critical_infrastructure",
        "infrastructureType": "building_damage_assessment",
        "status": "osm_destroyed",
        "name": "Destroyed (OSM)",
        "responsibleOrganization": "OpenStreetMap contributors",
        "isSynthetic": false,
        "validFrom": "2026-05-06",
        "sourceIdentifier": "osm-way-296899129"
      }
    },
    {
      "type": "Feature",
      "geometry": {
        "type": "Point",
        "coordinates": [
          34.4609607,
          31.5214567
        ]
      },
      "properties": {
        "id": "osm-damage-way-296899131",
        "featureType": "critical_infrastructure",
        "infrastructureType": "building_damage_assessment",
        "status": "osm_destroyed",
        "name": "Destroyed (OSM)",
        "responsibleOrganization": "OpenStreetMap contributors",
        "isSynthetic": false,
        "validFrom": "2026-05-06",
        "sourceIdentifier": "osm-way-296899131"
      }
    },
    {
      "type": "Feature",
      "geometry": {
        "type": "Point",
        "coordinates": [
          34.4599532,
          31.5212978
        ]
      },
      "properties": {
        "id": "osm-damage-way-296899133",
        "featureType": "critical_infrastructure",
        "infrastructureType": "building_damage_assessment",
        "status": "osm_destroyed",
        "name": "Destroyed (OSM)",
        "responsibleOrganization": "OpenStreetMap contributors",
        "isSynthetic": false,
        "validFrom": "2026-05-06",
        "sourceIdentifier": "osm-way-296899133"
      }
    },
    {
      "type": "Feature",
      "geometry": {
        "type": "Point",
        "coordinates": [
          34.460161,
          31.5211098
        ]
      },
      "properties": {
        "id": "osm-damage-way-296899138",
        "featureType": "critical_infrastructure",
        "infrastructureType": "building_damage_assessment",
        "status": "osm_destroyed",
        "name": "Destroyed (OSM)",
        "responsibleOrganization": "OpenStreetMap contributors",
        "isSynthetic": false,
        "validFrom": "2026-05-06",
        "sourceIdentifier": "osm-way-296899138"
      }
    },
    {
      "type": "Feature",
      "geometry": {
        "type": "Point",
        "coordinates": [
          34.4606954,
          31.5213538
        ]
      },
      "properties": {
        "id": "osm-damage-way-296899139",
        "featureType": "critical_infrastructure",
        "infrastructureType": "building_damage_assessment",
        "status": "osm_destroyed",
        "name": "Destroyed (OSM)",
        "responsibleOrganization": "OpenStreetMap contributors",
        "isSynthetic": false,
        "validFrom": "2026-05-06",
        "sourceIdentifier": "osm-way-296899139"
      }
    },
    {
      "type": "Feature",
      "geometry": {
        "type": "Point",
        "coordinates": [
          34.4606493,
          31.5212628
        ]
      },
      "properties": {
        "id": "osm-damage-way-296899171",
        "featureType": "critical_infrastructure",
        "infrastructureType": "building_damage_assessment",
        "status": "osm_destroyed",
        "name": "Destroyed (OSM)",
        "responsibleOrganization": "OpenStreetMap contributors",
        "isSynthetic": false,
        "validFrom": "2026-05-06",
        "sourceIdentifier": "osm-way-296899171"
      }
    },
    {
      "type": "Feature",
      "geometry": {
        "type": "Point",
        "coordinates": [
          34.4599557,
          31.5210652
        ]
      },
      "properties": {
        "id": "osm-damage-way-296901546",
        "featureType": "critical_infrastructure",
        "infrastructureType": "building_damage_assessment",
        "status": "osm_destroyed",
        "name": "Destroyed (OSM)",
        "responsibleOrganization": "OpenStreetMap contributors",
        "isSynthetic": false,
        "validFrom": "2026-05-06",
        "sourceIdentifier": "osm-way-296901546"
      }
    },
    {
      "type": "Feature",
      "geometry": {
        "type": "Point",
        "coordinates": [
          34.4602561,
          31.5208054
        ]
      },
      "properties": {
        "id": "osm-damage-way-296901587",
        "featureType": "critical_infrastructure",
        "infrastructureType": "building_damage_assessment",
        "status": "osm_destroyed",
        "name": "Destroyed (OSM)",
        "responsibleOrganization": "OpenStreetMap contributors",
        "isSynthetic": false,
        "validFrom": "2026-05-06",
        "sourceIdentifier": "osm-way-296901587"
      }
    },
    {
      "type": "Feature",
      "geometry": {
        "type": "Point",
        "coordinates": [
          34.4583492,
          31.5069511
        ]
      },
      "properties": {
        "id": "osm-damage-way-296947866",
        "featureType": "critical_infrastructure",
        "infrastructureType": "building_damage_assessment",
        "status": "osm_destroyed",
        "name": "Destroyed (OSM)",
        "responsibleOrganization": "OpenStreetMap contributors",
        "isSynthetic": false,
        "validFrom": "2026-05-06",
        "sourceIdentifier": "osm-way-296947866"
      }
    },
    {
      "type": "Feature",
      "geometry": {
        "type": "Point",
        "coordinates": [
          34.4591199,
          31.5074277
        ]
      },
      "properties": {
        "id": "osm-damage-way-296947868",
        "featureType": "critical_infrastructure",
        "infrastructureType": "building_damage_assessment",
        "status": "osm_destroyed",
        "name": "Destroyed (OSM)",
        "responsibleOrganization": "OpenStreetMap contributors",
        "isSynthetic": false,
        "validFrom": "2026-05-06",
        "sourceIdentifier": "osm-way-296947868"
      }
    },
    {
      "type": "Feature",
      "geometry": {
        "type": "Point",
        "coordinates": [
          34.4407934,
          31.5301665
        ]
      },
      "properties": {
        "id": "osm-damage-way-296948388",
        "featureType": "critical_infrastructure",
        "infrastructureType": "building_damage_assessment",
        "status": "osm_damaged",
        "name": "Damaged (OSM)",
        "responsibleOrganization": "OpenStreetMap contributors",
        "isSynthetic": false,
        "validFrom": "2026-05-06",
        "sourceIdentifier": "osm-way-296948388"
      }
    },
    {
      "type": "Feature",
      "geometry": {
        "type": "Point",
        "coordinates": [
          34.4408539,
          31.529836
        ]
      },
      "properties": {
        "id": "osm-damage-way-296948390",
        "featureType": "critical_infrastructure",
        "infrastructureType": "building_damage_assessment",
        "status": "osm_damaged",
        "name": "Damaged (OSM)",
        "responsibleOrganization": "OpenStreetMap contributors",
        "isSynthetic": false,
        "validFrom": "2026-05-06",
        "sourceIdentifier": "osm-way-296948390"
      }
    },
    {
      "type": "Feature",
      "geometry": {
        "type": "Point",
        "coordinates": [
          34.4407424,
          31.5300995
        ]
      },
      "properties": {
        "id": "osm-damage-way-296949219",
        "featureType": "critical_infrastructure",
        "infrastructureType": "building_damage_assessment",
        "status": "osm_damaged",
        "name": "Damaged (OSM)",
        "responsibleOrganization": "OpenStreetMap contributors",
        "isSynthetic": false,
        "validFrom": "2026-05-06",
        "sourceIdentifier": "osm-way-296949219"
      }
    },
    {
      "type": "Feature",
      "geometry": {
        "type": "Point",
        "coordinates": [
          34.4409627,
          31.5295387
        ]
      },
      "properties": {
        "id": "osm-damage-way-296949220",
        "featureType": "critical_infrastructure",
        "infrastructureType": "building_damage_assessment",
        "status": "osm_damaged",
        "name": "Damaged (OSM)",
        "responsibleOrganization": "OpenStreetMap contributors",
        "isSynthetic": false,
        "validFrom": "2026-05-06",
        "sourceIdentifier": "osm-way-296949220"
      }
    },
    {
      "type": "Feature",
      "geometry": {
        "type": "Point",
        "coordinates": [
          34.4406101,
          31.5300925
        ]
      },
      "properties": {
        "id": "osm-damage-way-296949221",
        "featureType": "critical_infrastructure",
        "infrastructureType": "building_damage_assessment",
        "status": "osm_damaged",
        "name": "Damaged (OSM)",
        "responsibleOrganization": "OpenStreetMap contributors",
        "isSynthetic": false,
        "validFrom": "2026-05-06",
        "sourceIdentifier": "osm-way-296949221"
      }
    },
    {
      "type": "Feature",
      "geometry": {
        "type": "Point",
        "coordinates": [
          34.4404766,
          31.5300168
        ]
      },
      "properties": {
        "id": "osm-damage-way-296949222",
        "featureType": "critical_infrastructure",
        "infrastructureType": "building_damage_assessment",
        "status": "osm_damaged",
        "name": "Damaged (OSM)",
        "responsibleOrganization": "OpenStreetMap contributors",
        "isSynthetic": false,
        "validFrom": "2026-05-06",
        "sourceIdentifier": "osm-way-296949222"
      }
    },
    {
      "type": "Feature",
      "geometry": {
        "type": "Point",
        "coordinates": [
          34.4407296,
          31.5300092
        ]
      },
      "properties": {
        "id": "osm-damage-way-296949223",
        "featureType": "critical_infrastructure",
        "infrastructureType": "building_damage_assessment",
        "status": "osm_damaged",
        "name": "Damaged (OSM)",
        "responsibleOrganization": "OpenStreetMap contributors",
        "isSynthetic": false,
        "validFrom": "2026-05-06",
        "sourceIdentifier": "osm-way-296949223"
      }
    },
    {
      "type": "Feature",
      "geometry": {
        "type": "Point",
        "coordinates": [
          34.4403998,
          31.5299902
        ]
      },
      "properties": {
        "id": "osm-damage-way-296949224",
        "featureType": "critical_infrastructure",
        "infrastructureType": "building_damage_assessment",
        "status": "osm_damaged",
        "name": "Damaged (OSM)",
        "responsibleOrganization": "OpenStreetMap contributors",
        "isSynthetic": false,
        "validFrom": "2026-05-06",
        "sourceIdentifier": "osm-way-296949224"
      }
    },
    {
      "type": "Feature",
      "geometry": {
        "type": "Point",
        "coordinates": [
          34.4407609,
          31.5296791
        ]
      },
      "properties": {
        "id": "osm-damage-way-296949225",
        "featureType": "critical_infrastructure",
        "infrastructureType": "building_damage_assessment",
        "status": "osm_damaged",
        "name": "Damaged (OSM)",
        "responsibleOrganization": "OpenStreetMap contributors",
        "isSynthetic": false,
        "validFrom": "2026-05-06",
        "sourceIdentifier": "osm-way-296949225"
      }
    },
    {
      "type": "Feature",
      "geometry": {
        "type": "Point",
        "coordinates": [
          34.4410581,
          31.5299033
        ]
      },
      "properties": {
        "id": "osm-damage-way-296949226",
        "featureType": "critical_infrastructure",
        "infrastructureType": "building_damage_assessment",
        "status": "osm_damaged",
        "name": "Damaged (OSM)",
        "responsibleOrganization": "OpenStreetMap contributors",
        "isSynthetic": false,
        "validFrom": "2026-05-06",
        "sourceIdentifier": "osm-way-296949226"
      }
    },
    {
      "type": "Feature",
      "geometry": {
        "type": "Point",
        "coordinates": [
          34.4408306,
          31.5297409
        ]
      },
      "properties": {
        "id": "osm-damage-way-296949230",
        "featureType": "critical_infrastructure",
        "infrastructureType": "building_damage_assessment",
        "status": "osm_damaged",
        "name": "Damaged (OSM)",
        "responsibleOrganization": "OpenStreetMap contributors",
        "isSynthetic": false,
        "validFrom": "2026-05-06",
        "sourceIdentifier": "osm-way-296949230"
      }
    },
    {
      "type": "Feature",
      "geometry": {
        "type": "Point",
        "coordinates": [
          34.4407072,
          31.5297764
        ]
      },
      "properties": {
        "id": "osm-damage-way-296950345",
        "featureType": "critical_infrastructure",
        "infrastructureType": "building_damage_assessment",
        "status": "osm_damaged",
        "name": "Damaged (OSM)",
        "responsibleOrganization": "OpenStreetMap contributors",
        "isSynthetic": false,
        "validFrom": "2026-05-06",
        "sourceIdentifier": "osm-way-296950345"
      }
    },
    {
      "type": "Feature",
      "geometry": {
        "type": "Point",
        "coordinates": [
          34.4666558,
          31.5025784
        ]
      },
      "properties": {
        "id": "osm-damage-way-297039578",
        "featureType": "critical_infrastructure",
        "infrastructureType": "building_damage_assessment",
        "status": "osm_destroyed",
        "name": "Destroyed (OSM)",
        "responsibleOrganization": "OpenStreetMap contributors",
        "isSynthetic": false,
        "validFrom": "2026-05-06",
        "sourceIdentifier": "osm-way-297039578"
      }
    },
    {
      "type": "Feature",
      "geometry": {
        "type": "Point",
        "coordinates": [
          34.4667117,
          31.5031125
        ]
      },
      "properties": {
        "id": "osm-damage-way-297039589",
        "featureType": "critical_infrastructure",
        "infrastructureType": "building_damage_assessment",
        "status": "osm_destroyed",
        "name": "Destroyed (OSM)",
        "responsibleOrganization": "OpenStreetMap contributors",
        "isSynthetic": false,
        "validFrom": "2026-05-06",
        "sourceIdentifier": "osm-way-297039589"
      }
    },
    {
      "type": "Feature",
      "geometry": {
        "type": "Point",
        "coordinates": [
          34.4657408,
          31.5011308
        ]
      },
      "properties": {
        "id": "osm-damage-way-297039606",
        "featureType": "critical_infrastructure",
        "infrastructureType": "building_damage_assessment",
        "status": "osm_destroyed",
        "name": "Destroyed (OSM)",
        "responsibleOrganization": "OpenStreetMap contributors",
        "isSynthetic": false,
        "validFrom": "2026-05-06",
        "sourceIdentifier": "osm-way-297039606"
      }
    },
    {
      "type": "Feature",
      "geometry": {
        "type": "Point",
        "coordinates": [
          34.4660494,
          31.5015512
        ]
      },
      "properties": {
        "id": "osm-damage-way-297039613",
        "featureType": "critical_infrastructure",
        "infrastructureType": "building_damage_assessment",
        "status": "osm_destroyed",
        "name": "Destroyed (OSM)",
        "responsibleOrganization": "OpenStreetMap contributors",
        "isSynthetic": false,
        "validFrom": "2026-05-06",
        "sourceIdentifier": "osm-way-297039613"
      }
    },
    {
      "type": "Feature",
      "geometry": {
        "type": "Point",
        "coordinates": [
          34.4659952,
          31.5017059
        ]
      },
      "properties": {
        "id": "osm-damage-way-297039618",
        "featureType": "critical_infrastructure",
        "infrastructureType": "building_damage_assessment",
        "status": "osm_destroyed",
        "name": "Destroyed (OSM)",
        "responsibleOrganization": "OpenStreetMap contributors",
        "isSynthetic": false,
        "validFrom": "2026-05-06",
        "sourceIdentifier": "osm-way-297039618"
      }
    },
    {
      "type": "Feature",
      "geometry": {
        "type": "Point",
        "coordinates": [
          34.4658977,
          31.5030206
        ]
      },
      "properties": {
        "id": "osm-damage-way-297039622",
        "featureType": "critical_infrastructure",
        "infrastructureType": "building_damage_assessment",
        "status": "osm_destroyed",
        "name": "Destroyed (OSM)",
        "responsibleOrganization": "OpenStreetMap contributors",
        "isSynthetic": false,
        "validFrom": "2026-05-06",
        "sourceIdentifier": "osm-way-297039622"
      }
    },
    {
      "type": "Feature",
      "geometry": {
        "type": "Point",
        "coordinates": [
          34.4656107,
          31.5013385
        ]
      },
      "properties": {
        "id": "osm-damage-way-297039633",
        "featureType": "critical_infrastructure",
        "infrastructureType": "building_damage_assessment",
        "status": "osm_destroyed",
        "name": "Destroyed (OSM)",
        "responsibleOrganization": "OpenStreetMap contributors",
        "isSynthetic": false,
        "validFrom": "2026-05-06",
        "sourceIdentifier": "osm-way-297039633"
      }
    },
    {
      "type": "Feature",
      "geometry": {
        "type": "Point",
        "coordinates": [
          34.4657986,
          31.5013172
        ]
      },
      "properties": {
        "id": "osm-damage-way-297039647",
        "featureType": "critical_infrastructure",
        "infrastructureType": "building_damage_assessment",
        "status": "osm_destroyed",
        "name": "Destroyed (OSM)",
        "responsibleOrganization": "OpenStreetMap contributors",
        "isSynthetic": false,
        "validFrom": "2026-05-06",
        "sourceIdentifier": "osm-way-297039647"
      }
    },
    {
      "type": "Feature",
      "geometry": {
        "type": "Point",
        "coordinates": [
          34.4656379,
          31.5015199
        ]
      },
      "properties": {
        "id": "osm-damage-way-297039657",
        "featureType": "critical_infrastructure",
        "infrastructureType": "building_damage_assessment",
        "status": "osm_destroyed",
        "name": "Destroyed (OSM)",
        "responsibleOrganization": "OpenStreetMap contributors",
        "isSynthetic": false,
        "validFrom": "2026-05-06",
        "sourceIdentifier": "osm-way-297039657"
      }
    },
    {
      "type": "Feature",
      "geometry": {
        "type": "Point",
        "coordinates": [
          34.4652753,
          31.5015745
        ]
      },
      "properties": {
        "id": "osm-damage-way-297039659",
        "featureType": "critical_infrastructure",
        "infrastructureType": "building_damage_assessment",
        "status": "osm_destroyed",
        "name": "Destroyed (OSM)",
        "responsibleOrganization": "OpenStreetMap contributors",
        "isSynthetic": false,
        "validFrom": "2026-05-06",
        "sourceIdentifier": "osm-way-297039659"
      }
    },
    {
      "type": "Feature",
      "geometry": {
        "type": "Point",
        "coordinates": [
          34.4654464,
          31.5024526
        ]
      },
      "properties": {
        "id": "osm-damage-way-297039672",
        "featureType": "critical_infrastructure",
        "infrastructureType": "building_damage_assessment",
        "status": "osm_destroyed",
        "name": "Destroyed (OSM)",
        "responsibleOrganization": "OpenStreetMap contributors",
        "isSynthetic": false,
        "validFrom": "2026-05-06",
        "sourceIdentifier": "osm-way-297039672"
      }
    },
    {
      "type": "Feature",
      "geometry": {
        "type": "Point",
        "coordinates": [
          34.4660873,
          31.5030931
        ]
      },
      "properties": {
        "id": "osm-damage-way-297039680",
        "featureType": "critical_infrastructure",
        "infrastructureType": "building_damage_assessment",
        "status": "osm_destroyed",
        "name": "Destroyed (OSM)",
        "responsibleOrganization": "OpenStreetMap contributors",
        "isSynthetic": false,
        "validFrom": "2026-05-06",
        "sourceIdentifier": "osm-way-297039680"
      }
    },
    {
      "type": "Feature",
      "geometry": {
        "type": "Point",
        "coordinates": [
          34.4667999,
          31.5028043
        ]
      },
      "properties": {
        "id": "osm-damage-way-297039691",
        "featureType": "critical_infrastructure",
        "infrastructureType": "building_damage_assessment",
        "status": "osm_destroyed",
        "name": "Destroyed (OSM)",
        "responsibleOrganization": "OpenStreetMap contributors",
        "isSynthetic": false,
        "validFrom": "2026-05-06",
        "sourceIdentifier": "osm-way-297039691"
      }
    },
    {
      "type": "Feature",
      "geometry": {
        "type": "Point",
        "coordinates": [
          34.4663497,
          31.5030647
        ]
      },
      "properties": {
        "id": "osm-damage-way-297039692",
        "featureType": "critical_infrastructure",
        "infrastructureType": "building_damage_assessment",
        "status": "osm_destroyed",
        "name": "Destroyed (OSM)",
        "responsibleOrganization": "OpenStreetMap contributors",
        "isSynthetic": false,
        "validFrom": "2026-05-06",
        "sourceIdentifier": "osm-way-297039692"
      }
    },
    {
      "type": "Feature",
      "geometry": {
        "type": "Point",
        "coordinates": [
          34.4653414,
          31.5013682
        ]
      },
      "properties": {
        "id": "osm-damage-way-297039697",
        "featureType": "critical_infrastructure",
        "infrastructureType": "building_damage_assessment",
        "status": "osm_destroyed",
        "name": "Destroyed (OSM)",
        "responsibleOrganization": "OpenStreetMap contributors",
        "isSynthetic": false,
        "validFrom": "2026-05-06",
        "sourceIdentifier": "osm-way-297039697"
      }
    },
    {
      "type": "Feature",
      "geometry": {
        "type": "Point",
        "coordinates": [
          34.4667239,
          31.5037665
        ]
      },
      "properties": {
        "id": "osm-damage-way-297044998",
        "featureType": "critical_infrastructure",
        "infrastructureType": "building_damage_assessment",
        "status": "osm_destroyed",
        "name": "Destroyed (OSM)",
        "responsibleOrganization": "OpenStreetMap contributors",
        "isSynthetic": false,
        "validFrom": "2026-05-06",
        "sourceIdentifier": "osm-way-297044998"
      }
    },
    {
      "type": "Feature",
      "geometry": {
        "type": "Point",
        "coordinates": [
          34.4578902,
          31.5078692
        ]
      },
      "properties": {
        "id": "osm-damage-way-297119848",
        "featureType": "critical_infrastructure",
        "infrastructureType": "building_damage_assessment",
        "status": "osm_destroyed",
        "name": "Destroyed (OSM)",
        "responsibleOrganization": "OpenStreetMap contributors",
        "isSynthetic": false,
        "validFrom": "2026-05-06",
        "sourceIdentifier": "osm-way-297119848"
      }
    },
    {
      "type": "Feature",
      "geometry": {
        "type": "Point",
        "coordinates": [
          34.4668144,
          31.503938
        ]
      },
      "properties": {
        "id": "osm-damage-way-297286864",
        "featureType": "critical_infrastructure",
        "infrastructureType": "building_damage_assessment",
        "status": "osm_destroyed",
        "name": "Destroyed (OSM)",
        "responsibleOrganization": "OpenStreetMap contributors",
        "isSynthetic": false,
        "validFrom": "2026-05-06",
        "sourceIdentifier": "osm-way-297286864"
      }
    },
    {
      "type": "Feature",
      "geometry": {
        "type": "Point",
        "coordinates": [
          34.4669048,
          31.5038162
        ]
      },
      "properties": {
        "id": "osm-damage-way-297286927",
        "featureType": "critical_infrastructure",
        "infrastructureType": "building_damage_assessment",
        "status": "osm_destroyed",
        "name": "Destroyed (OSM)",
        "responsibleOrganization": "OpenStreetMap contributors",
        "isSynthetic": false,
        "validFrom": "2026-05-06",
        "sourceIdentifier": "osm-way-297286927"
      }
    },
    {
      "type": "Feature",
      "geometry": {
        "type": "Point",
        "coordinates": [
          34.4396749,
          31.5280887
        ]
      },
      "properties": {
        "id": "osm-damage-way-297503048",
        "featureType": "critical_infrastructure",
        "infrastructureType": "building_damage_assessment",
        "status": "osm_destroyed",
        "name": "Destroyed (OSM)",
        "responsibleOrganization": "OpenStreetMap contributors",
        "isSynthetic": false,
        "validFrom": "2026-05-06",
        "sourceIdentifier": "osm-way-297503048"
      }
    },
    {
      "type": "Feature",
      "geometry": {
        "type": "Point",
        "coordinates": [
          34.423684,
          31.5119523
        ]
      },
      "properties": {
        "id": "osm-damage-way-297540889",
        "featureType": "critical_infrastructure",
        "infrastructureType": "building_damage_assessment",
        "status": "osm_damaged",
        "name": "Damaged (OSM)",
        "responsibleOrganization": "OpenStreetMap contributors",
        "isSynthetic": false,
        "validFrom": "2026-05-06",
        "sourceIdentifier": "osm-way-297540889"
      }
    },
    {
      "type": "Feature",
      "geometry": {
        "type": "Point",
        "coordinates": [
          34.4398949,
          31.4805374
        ]
      },
      "properties": {
        "id": "osm-damage-way-297652027",
        "featureType": "critical_infrastructure",
        "infrastructureType": "building_damage_assessment",
        "status": "osm_destroyed",
        "name": "Destroyed (OSM)",
        "responsibleOrganization": "OpenStreetMap contributors",
        "isSynthetic": false,
        "validFrom": "2026-05-06",
        "sourceIdentifier": "osm-way-297652027"
      }
    },
    {
      "type": "Feature",
      "geometry": {
        "type": "Point",
        "coordinates": [
          34.4354094,
          31.4743726
        ]
      },
      "properties": {
        "id": "osm-damage-way-297652029",
        "featureType": "critical_infrastructure",
        "infrastructureType": "building_damage_assessment",
        "status": "osm_destroyed",
        "name": "Destroyed (OSM)",
        "responsibleOrganization": "OpenStreetMap contributors",
        "isSynthetic": false,
        "validFrom": "2026-05-06",
        "sourceIdentifier": "osm-way-297652029"
      }
    },
    {
      "type": "Feature",
      "geometry": {
        "type": "Point",
        "coordinates": [
          34.4359057,
          31.4742476
        ]
      },
      "properties": {
        "id": "osm-damage-way-297652030",
        "featureType": "critical_infrastructure",
        "infrastructureType": "building_damage_assessment",
        "status": "osm_destroyed",
        "name": "Destroyed (OSM)",
        "responsibleOrganization": "OpenStreetMap contributors",
        "isSynthetic": false,
        "validFrom": "2026-05-06",
        "sourceIdentifier": "osm-way-297652030"
      }
    },
    {
      "type": "Feature",
      "geometry": {
        "type": "Point",
        "coordinates": [
          34.4361099,
          31.4764266
        ]
      },
      "properties": {
        "id": "osm-damage-way-297652033",
        "featureType": "critical_infrastructure",
        "infrastructureType": "building_damage_assessment",
        "status": "osm_damaged",
        "name": "Damaged (OSM)",
        "responsibleOrganization": "OpenStreetMap contributors",
        "isSynthetic": false,
        "validFrom": "2026-05-06",
        "sourceIdentifier": "osm-way-297652033"
      }
    },
    {
      "type": "Feature",
      "geometry": {
        "type": "Point",
        "coordinates": [
          34.4395942,
          31.4797565
        ]
      },
      "properties": {
        "id": "osm-damage-way-297652034",
        "featureType": "critical_infrastructure",
        "infrastructureType": "building_damage_assessment",
        "status": "osm_destroyed",
        "name": "Destroyed (OSM)",
        "responsibleOrganization": "OpenStreetMap contributors",
        "isSynthetic": false,
        "validFrom": "2026-05-06",
        "sourceIdentifier": "osm-way-297652034"
      }
    },
    {
      "type": "Feature",
      "geometry": {
        "type": "Point",
        "coordinates": [
          34.435834,
          31.4740933
        ]
      },
      "properties": {
        "id": "osm-damage-way-297652035",
        "featureType": "critical_infrastructure",
        "infrastructureType": "building_damage_assessment",
        "status": "osm_destroyed",
        "name": "Destroyed (OSM)",
        "responsibleOrganization": "OpenStreetMap contributors",
        "isSynthetic": false,
        "validFrom": "2026-05-06",
        "sourceIdentifier": "osm-way-297652035"
      }
    },
    {
      "type": "Feature",
      "geometry": {
        "type": "Point",
        "coordinates": [
          34.4362349,
          31.4765252
        ]
      },
      "properties": {
        "id": "osm-damage-way-297652037",
        "featureType": "critical_infrastructure",
        "infrastructureType": "building_damage_assessment",
        "status": "osm_damaged",
        "name": "Damaged (OSM)",
        "responsibleOrganization": "OpenStreetMap contributors",
        "isSynthetic": false,
        "validFrom": "2026-05-06",
        "sourceIdentifier": "osm-way-297652037"
      }
    },
    {
      "type": "Feature",
      "geometry": {
        "type": "Point",
        "coordinates": [
          34.4363078,
          31.474482
        ]
      },
      "properties": {
        "id": "osm-damage-way-297652038",
        "featureType": "critical_infrastructure",
        "infrastructureType": "building_damage_assessment",
        "status": "osm_destroyed",
        "name": "Destroyed (OSM)",
        "responsibleOrganization": "OpenStreetMap contributors",
        "isSynthetic": false,
        "validFrom": "2026-05-06",
        "sourceIdentifier": "osm-way-297652038"
      }
    },
    {
      "type": "Feature",
      "geometry": {
        "type": "Point",
        "coordinates": [
          34.4375765,
          31.4755918
        ]
      },
      "properties": {
        "id": "osm-damage-way-297652039",
        "featureType": "critical_infrastructure",
        "infrastructureType": "building_damage_assessment",
        "status": "osm_destroyed",
        "name": "Destroyed (OSM)",
        "responsibleOrganization": "OpenStreetMap contributors",
        "isSynthetic": false,
        "validFrom": "2026-05-06",
        "sourceIdentifier": "osm-way-297652039"
      }
    },
    {
      "type": "Feature",
      "geometry": {
        "type": "Point",
        "coordinates": [
          34.4364909,
          31.4767421
        ]
      },
      "properties": {
        "id": "osm-damage-way-297652041",
        "featureType": "critical_infrastructure",
        "infrastructureType": "building_damage_assessment",
        "status": "osm_damaged",
        "name": "Damaged (OSM)",
        "responsibleOrganization": "OpenStreetMap contributors",
        "isSynthetic": false,
        "validFrom": "2026-05-06",
        "sourceIdentifier": "osm-way-297652041"
      }
    },
    {
      "type": "Feature",
      "geometry": {
        "type": "Point",
        "coordinates": [
          34.4387557,
          31.4798548
        ]
      },
      "properties": {
        "id": "osm-damage-way-297652045",
        "featureType": "critical_infrastructure",
        "infrastructureType": "building_damage_assessment",
        "status": "osm_destroyed",
        "name": "Destroyed (OSM)",
        "responsibleOrganization": "OpenStreetMap contributors",
        "isSynthetic": false,
        "validFrom": "2026-05-06",
        "sourceIdentifier": "osm-way-297652045"
      }
    },
    {
      "type": "Feature",
      "geometry": {
        "type": "Point",
        "coordinates": [
          34.438886,
          31.479763
        ]
      },
      "properties": {
        "id": "osm-damage-way-297652047",
        "featureType": "critical_infrastructure",
        "infrastructureType": "building_damage_assessment",
        "status": "osm_destroyed",
        "name": "Destroyed (OSM)",
        "responsibleOrganization": "OpenStreetMap contributors",
        "isSynthetic": false,
        "validFrom": "2026-05-06",
        "sourceIdentifier": "osm-way-297652047"
      }
    },
    {
      "type": "Feature",
      "geometry": {
        "type": "Point",
        "coordinates": [
          34.4358833,
          31.4747534
        ]
      },
      "properties": {
        "id": "osm-damage-way-297652050",
        "featureType": "critical_infrastructure",
        "infrastructureType": "building_damage_assessment",
        "status": "osm_destroyed",
        "name": "Destroyed (OSM)",
        "responsibleOrganization": "OpenStreetMap contributors",
        "isSynthetic": false,
        "validFrom": "2026-05-06",
        "sourceIdentifier": "osm-way-297652050"
      }
    },
    {
      "type": "Feature",
      "geometry": {
        "type": "Point",
        "coordinates": [
          34.435986,
          31.4763128
        ]
      },
      "properties": {
        "id": "osm-damage-way-297652051",
        "featureType": "critical_infrastructure",
        "infrastructureType": "building_damage_assessment",
        "status": "osm_damaged",
        "name": "Damaged (OSM)",
        "responsibleOrganization": "OpenStreetMap contributors",
        "isSynthetic": false,
        "validFrom": "2026-05-06",
        "sourceIdentifier": "osm-way-297652051"
      }
    },
    {
      "type": "Feature",
      "geometry": {
        "type": "Point",
        "coordinates": [
          34.4377532,
          31.4757555
        ]
      },
      "properties": {
        "id": "osm-damage-way-297652053",
        "featureType": "critical_infrastructure",
        "infrastructureType": "building_damage_assessment",
        "status": "osm_destroyed",
        "name": "Destroyed (OSM)",
        "responsibleOrganization": "OpenStreetMap contributors",
        "isSynthetic": false,
        "validFrom": "2026-05-06",
        "sourceIdentifier": "osm-way-297652053"
      }
    },
    {
      "type": "Feature",
      "geometry": {
        "type": "Point",
        "coordinates": [
          34.4363685,
          31.476604
        ]
      },
      "properties": {
        "id": "osm-damage-way-297652054",
        "featureType": "critical_infrastructure",
        "infrastructureType": "building_damage_assessment",
        "status": "osm_damaged",
        "name": "Damaged (OSM)",
        "responsibleOrganization": "OpenStreetMap contributors",
        "isSynthetic": false,
        "validFrom": "2026-05-06",
        "sourceIdentifier": "osm-way-297652054"
      }
    },
    {
      "type": "Feature",
      "geometry": {
        "type": "Point",
        "coordinates": [
          34.4376121,
          31.4796778
        ]
      },
      "properties": {
        "id": "osm-damage-way-297652057",
        "featureType": "critical_infrastructure",
        "infrastructureType": "building_damage_assessment",
        "status": "osm_destroyed",
        "name": "Destroyed (OSM)",
        "responsibleOrganization": "OpenStreetMap contributors",
        "isSynthetic": false,
        "validFrom": "2026-05-06",
        "sourceIdentifier": "osm-way-297652057"
      }
    },
    {
      "type": "Feature",
      "geometry": {
        "type": "Point",
        "coordinates": [
          34.4377127,
          31.4795852
        ]
      },
      "properties": {
        "id": "osm-damage-way-297652061",
        "featureType": "critical_infrastructure",
        "infrastructureType": "building_damage_assessment",
        "status": "osm_destroyed",
        "name": "Destroyed (OSM)",
        "responsibleOrganization": "OpenStreetMap contributors",
        "isSynthetic": false,
        "validFrom": "2026-05-06",
        "sourceIdentifier": "osm-way-297652061"
      }
    },
    {
      "type": "Feature",
      "geometry": {
        "type": "Point",
        "coordinates": [
          34.421356,
          31.5064815
        ]
      },
      "properties": {
        "id": "osm-damage-way-297666802",
        "featureType": "critical_infrastructure",
        "infrastructureType": "building_damage_assessment",
        "status": "osm_damaged",
        "name": "Damaged (OSM)",
        "responsibleOrganization": "OpenStreetMap contributors",
        "isSynthetic": false,
        "validFrom": "2026-05-06",
        "sourceIdentifier": "osm-way-297666802"
      }
    },
    {
      "type": "Feature",
      "geometry": {
        "type": "Point",
        "coordinates": [
          34.4210309,
          31.5061536
        ]
      },
      "properties": {
        "id": "osm-damage-way-297666805",
        "featureType": "critical_infrastructure",
        "infrastructureType": "building_damage_assessment",
        "status": "osm_damaged",
        "name": "Damaged (OSM)",
        "responsibleOrganization": "OpenStreetMap contributors",
        "isSynthetic": false,
        "validFrom": "2026-05-06",
        "sourceIdentifier": "osm-way-297666805"
      }
    },
    {
      "type": "Feature",
      "geometry": {
        "type": "Point",
        "coordinates": [
          34.423975,
          31.5037996
        ]
      },
      "properties": {
        "id": "osm-damage-way-297666806",
        "featureType": "critical_infrastructure",
        "infrastructureType": "building_damage_assessment",
        "status": "osm_damaged",
        "name": "Damaged (OSM)",
        "responsibleOrganization": "OpenStreetMap contributors",
        "isSynthetic": false,
        "validFrom": "2026-05-06",
        "sourceIdentifier": "osm-way-297666806"
      }
    },
    {
      "type": "Feature",
      "geometry": {
        "type": "Point",
        "coordinates": [
          34.4217776,
          31.5059865
        ]
      },
      "properties": {
        "id": "osm-damage-way-297666808",
        "featureType": "critical_infrastructure",
        "infrastructureType": "building_damage_assessment",
        "status": "osm_damaged",
        "name": "Damaged (OSM)",
        "responsibleOrganization": "OpenStreetMap contributors",
        "isSynthetic": false,
        "validFrom": "2026-05-06",
        "sourceIdentifier": "osm-way-297666808"
      }
    },
    {
      "type": "Feature",
      "geometry": {
        "type": "Point",
        "coordinates": [
          34.4207679,
          31.5065442
        ]
      },
      "properties": {
        "id": "osm-damage-way-297666809",
        "featureType": "critical_infrastructure",
        "infrastructureType": "building_damage_assessment",
        "status": "osm_damaged",
        "name": "Damaged (OSM)",
        "responsibleOrganization": "OpenStreetMap contributors",
        "isSynthetic": false,
        "validFrom": "2026-05-06",
        "sourceIdentifier": "osm-way-297666809"
      }
    },
    {
      "type": "Feature",
      "geometry": {
        "type": "Point",
        "coordinates": [
          34.424675,
          31.5037546
        ]
      },
      "properties": {
        "id": "osm-damage-way-297666811",
        "featureType": "critical_infrastructure",
        "infrastructureType": "building_damage_assessment",
        "status": "osm_damaged",
        "name": "Damaged (OSM)",
        "responsibleOrganization": "OpenStreetMap contributors",
        "isSynthetic": false,
        "validFrom": "2026-05-06",
        "sourceIdentifier": "osm-way-297666811"
      }
    },
    {
      "type": "Feature",
      "geometry": {
        "type": "Point",
        "coordinates": [
          34.42064,
          31.5067774
        ]
      },
      "properties": {
        "id": "osm-damage-way-297666814",
        "featureType": "critical_infrastructure",
        "infrastructureType": "building_damage_assessment",
        "status": "osm_damaged",
        "name": "Damaged (OSM)",
        "responsibleOrganization": "OpenStreetMap contributors",
        "isSynthetic": false,
        "validFrom": "2026-05-06",
        "sourceIdentifier": "osm-way-297666814"
      }
    },
    {
      "type": "Feature",
      "geometry": {
        "type": "Point",
        "coordinates": [
          34.4247191,
          31.504092
        ]
      },
      "properties": {
        "id": "osm-damage-way-297666815",
        "featureType": "critical_infrastructure",
        "infrastructureType": "building_damage_assessment",
        "status": "osm_damaged",
        "name": "Damaged (OSM)",
        "responsibleOrganization": "OpenStreetMap contributors",
        "isSynthetic": false,
        "validFrom": "2026-05-06",
        "sourceIdentifier": "osm-way-297666815"
      }
    },
    {
      "type": "Feature",
      "geometry": {
        "type": "Point",
        "coordinates": [
          34.4229641,
          31.5044172
        ]
      },
      "properties": {
        "id": "osm-damage-way-297666818",
        "featureType": "critical_infrastructure",
        "infrastructureType": "building_damage_assessment",
        "status": "osm_destroyed",
        "name": "Destroyed (OSM)",
        "responsibleOrganization": "OpenStreetMap contributors",
        "isSynthetic": false,
        "validFrom": "2026-05-06",
        "sourceIdentifier": "osm-way-297666818"
      }
    },
    {
      "type": "Feature",
      "geometry": {
        "type": "Point",
        "coordinates": [
          34.4218087,
          31.5061939
        ]
      },
      "properties": {
        "id": "osm-damage-way-297666819",
        "featureType": "critical_infrastructure",
        "infrastructureType": "building_damage_assessment",
        "status": "osm_damaged",
        "name": "Damaged (OSM)",
        "responsibleOrganization": "OpenStreetMap contributors",
        "isSynthetic": false,
        "validFrom": "2026-05-06",
        "sourceIdentifier": "osm-way-297666819"
      }
    },
    {
      "type": "Feature",
      "geometry": {
        "type": "Point",
        "coordinates": [
          34.4203343,
          31.5036524
        ]
      },
      "properties": {
        "id": "osm-damage-way-297666823",
        "featureType": "critical_infrastructure",
        "infrastructureType": "building_damage_assessment",
        "status": "osm_destroyed",
        "name": "Destroyed (OSM)",
        "responsibleOrganization": "OpenStreetMap contributors",
        "isSynthetic": false,
        "validFrom": "2026-05-06",
        "sourceIdentifier": "osm-way-297666823"
      }
    },
    {
      "type": "Feature",
      "geometry": {
        "type": "Point",
        "coordinates": [
          34.4246304,
          31.5039812
        ]
      },
      "properties": {
        "id": "osm-damage-way-297666825",
        "featureType": "critical_infrastructure",
        "infrastructureType": "building_damage_assessment",
        "status": "osm_damaged",
        "name": "Damaged (OSM)",
        "responsibleOrganization": "OpenStreetMap contributors",
        "isSynthetic": false,
        "validFrom": "2026-05-06",
        "sourceIdentifier": "osm-way-297666825"
      }
    },
    {
      "type": "Feature",
      "geometry": {
        "type": "Point",
        "coordinates": [
          34.421538,
          31.5042282
        ]
      },
      "properties": {
        "id": "osm-damage-way-297666826",
        "featureType": "critical_infrastructure",
        "infrastructureType": "building_damage_assessment",
        "status": "osm_destroyed",
        "name": "Destroyed (OSM)",
        "responsibleOrganization": "OpenStreetMap contributors",
        "isSynthetic": false,
        "validFrom": "2026-05-06",
        "sourceIdentifier": "osm-way-297666826"
      }
    },
    {
      "type": "Feature",
      "geometry": {
        "type": "Point",
        "coordinates": [
          34.4228058,
          31.5045427
        ]
      },
      "properties": {
        "id": "osm-damage-way-297666829",
        "featureType": "critical_infrastructure",
        "infrastructureType": "building_damage_assessment",
        "status": "osm_destroyed",
        "name": "Destroyed (OSM)",
        "responsibleOrganization": "OpenStreetMap contributors",
        "isSynthetic": false,
        "validFrom": "2026-05-06",
        "sourceIdentifier": "osm-way-297666829"
      }
    },
    {
      "type": "Feature",
      "geometry": {
        "type": "Point",
        "coordinates": [
          34.4243094,
          31.5038335
        ]
      },
      "properties": {
        "id": "osm-damage-way-297666831",
        "featureType": "critical_infrastructure",
        "infrastructureType": "building_damage_assessment",
        "status": "osm_damaged",
        "name": "Damaged (OSM)",
        "responsibleOrganization": "OpenStreetMap contributors",
        "isSynthetic": false,
        "validFrom": "2026-05-06",
        "sourceIdentifier": "osm-way-297666831"
      }
    },
    {
      "type": "Feature",
      "geometry": {
        "type": "Point",
        "coordinates": [
          34.4208785,
          31.5070282
        ]
      },
      "properties": {
        "id": "osm-damage-way-297666833",
        "featureType": "critical_infrastructure",
        "infrastructureType": "building_damage_assessment",
        "status": "osm_damaged",
        "name": "Damaged (OSM)",
        "responsibleOrganization": "OpenStreetMap contributors",
        "isSynthetic": false,
        "validFrom": "2026-05-06",
        "sourceIdentifier": "osm-way-297666833"
      }
    },
    {
      "type": "Feature",
      "geometry": {
        "type": "Point",
        "coordinates": [
          34.422801,
          31.5048067
        ]
      },
      "properties": {
        "id": "osm-damage-way-297666834",
        "featureType": "critical_infrastructure",
        "infrastructureType": "building_damage_assessment",
        "status": "osm_destroyed",
        "name": "Destroyed (OSM)",
        "responsibleOrganization": "OpenStreetMap contributors",
        "isSynthetic": false,
        "validFrom": "2026-05-06",
        "sourceIdentifier": "osm-way-297666834"
      }
    },
    {
      "type": "Feature",
      "geometry": {
        "type": "Point",
        "coordinates": [
          34.4216196,
          31.503827
        ]
      },
      "properties": {
        "id": "osm-damage-way-297666835",
        "featureType": "critical_infrastructure",
        "infrastructureType": "building_damage_assessment",
        "status": "osm_destroyed",
        "name": "Destroyed (OSM)",
        "responsibleOrganization": "OpenStreetMap contributors",
        "isSynthetic": false,
        "validFrom": "2026-05-06",
        "sourceIdentifier": "osm-way-297666835"
      }
    },
    {
      "type": "Feature",
      "geometry": {
        "type": "Point",
        "coordinates": [
          34.4235458,
          31.5042859
        ]
      },
      "properties": {
        "id": "osm-damage-way-297666836",
        "featureType": "critical_infrastructure",
        "infrastructureType": "building_damage_assessment",
        "status": "osm_damaged",
        "name": "Damaged (OSM)",
        "responsibleOrganization": "OpenStreetMap contributors",
        "isSynthetic": false,
        "validFrom": "2026-05-06",
        "sourceIdentifier": "osm-way-297666836"
      }
    },
    {
      "type": "Feature",
      "geometry": {
        "type": "Point",
        "coordinates": [
          34.4213824,
          31.5060863
        ]
      },
      "properties": {
        "id": "osm-damage-way-297666847",
        "featureType": "critical_infrastructure",
        "infrastructureType": "building_damage_assessment",
        "status": "osm_damaged",
        "name": "Damaged (OSM)",
        "responsibleOrganization": "OpenStreetMap contributors",
        "isSynthetic": false,
        "validFrom": "2026-05-06",
        "sourceIdentifier": "osm-way-297666847"
      }
    },
    {
      "type": "Feature",
      "geometry": {
        "type": "Point",
        "coordinates": [
          34.4225682,
          31.5039765
        ]
      },
      "properties": {
        "id": "osm-damage-way-297666850",
        "featureType": "critical_infrastructure",
        "infrastructureType": "building_damage_assessment",
        "status": "osm_destroyed",
        "name": "Destroyed (OSM)",
        "responsibleOrganization": "OpenStreetMap contributors",
        "isSynthetic": false,
        "validFrom": "2026-05-06",
        "sourceIdentifier": "osm-way-297666850"
      }
    },
    {
      "type": "Feature",
      "geometry": {
        "type": "Point",
        "coordinates": [
          34.4242708,
          31.5036002
        ]
      },
      "properties": {
        "id": "osm-damage-way-297666851",
        "featureType": "critical_infrastructure",
        "infrastructureType": "building_damage_assessment",
        "status": "osm_damaged",
        "name": "Damaged (OSM)",
        "responsibleOrganization": "OpenStreetMap contributors",
        "isSynthetic": false,
        "validFrom": "2026-05-06",
        "sourceIdentifier": "osm-way-297666851"
      }
    },
    {
      "type": "Feature",
      "geometry": {
        "type": "Point",
        "coordinates": [
          34.4227198,
          31.5043491
        ]
      },
      "properties": {
        "id": "osm-damage-way-297666852",
        "featureType": "critical_infrastructure",
        "infrastructureType": "building_damage_assessment",
        "status": "osm_destroyed",
        "name": "Destroyed (OSM)",
        "responsibleOrganization": "OpenStreetMap contributors",
        "isSynthetic": false,
        "validFrom": "2026-05-06",
        "sourceIdentifier": "osm-way-297666852"
      }
    },
    {
      "type": "Feature",
      "geometry": {
        "type": "Point",
        "coordinates": [
          34.4204987,
          31.5069572
        ]
      },
      "properties": {
        "id": "osm-damage-way-297666856",
        "featureType": "critical_infrastructure",
        "infrastructureType": "building_damage_assessment",
        "status": "osm_damaged",
        "name": "Damaged (OSM)",
        "responsibleOrganization": "OpenStreetMap contributors",
        "isSynthetic": false,
        "validFrom": "2026-05-06",
        "sourceIdentifier": "osm-way-297666856"
      }
    },
    {
      "type": "Feature",
      "geometry": {
        "type": "Point",
        "coordinates": [
          34.4218623,
          31.5041657
        ]
      },
      "properties": {
        "id": "osm-damage-way-297666858",
        "featureType": "critical_infrastructure",
        "infrastructureType": "building_damage_assessment",
        "status": "osm_destroyed",
        "name": "Destroyed (OSM)",
        "responsibleOrganization": "OpenStreetMap contributors",
        "isSynthetic": false,
        "validFrom": "2026-05-06",
        "sourceIdentifier": "osm-way-297666858"
      }
    },
    {
      "type": "Feature",
      "geometry": {
        "type": "Point",
        "coordinates": [
          34.4225506,
          31.504809
        ]
      },
      "properties": {
        "id": "osm-damage-way-297666861",
        "featureType": "critical_infrastructure",
        "infrastructureType": "building_damage_assessment",
        "status": "osm_destroyed",
        "name": "Destroyed (OSM)",
        "responsibleOrganization": "OpenStreetMap contributors",
        "isSynthetic": false,
        "validFrom": "2026-05-06",
        "sourceIdentifier": "osm-way-297666861"
      }
    },
    {
      "type": "Feature",
      "geometry": {
        "type": "Point",
        "coordinates": [
          34.4249011,
          31.5037622
        ]
      },
      "properties": {
        "id": "osm-damage-way-297666862",
        "featureType": "critical_infrastructure",
        "infrastructureType": "building_damage_assessment",
        "status": "osm_damaged",
        "name": "Damaged (OSM)",
        "responsibleOrganization": "OpenStreetMap contributors",
        "isSynthetic": false,
        "validFrom": "2026-05-06",
        "sourceIdentifier": "osm-way-297666862"
      }
    },
    {
      "type": "Feature",
      "geometry": {
        "type": "Point",
        "coordinates": [
          34.4233256,
          31.5039331
        ]
      },
      "properties": {
        "id": "osm-damage-way-297666863",
        "featureType": "critical_infrastructure",
        "infrastructureType": "building_damage_assessment",
        "status": "osm_damaged",
        "name": "Damaged (OSM)",
        "responsibleOrganization": "OpenStreetMap contributors",
        "isSynthetic": false,
        "validFrom": "2026-05-06",
        "sourceIdentifier": "osm-way-297666863"
      }
    },
    {
      "type": "Feature",
      "geometry": {
        "type": "Point",
        "coordinates": [
          34.4204999,
          31.5042115
        ]
      },
      "properties": {
        "id": "osm-damage-way-297666867",
        "featureType": "critical_infrastructure",
        "infrastructureType": "building_damage_assessment",
        "status": "osm_destroyed",
        "name": "Destroyed (OSM)",
        "responsibleOrganization": "OpenStreetMap contributors",
        "isSynthetic": false,
        "validFrom": "2026-05-06",
        "sourceIdentifier": "osm-way-297666867"
      }
    },
    {
      "type": "Feature",
      "geometry": {
        "type": "Point",
        "coordinates": [
          34.4223284,
          31.5045402
        ]
      },
      "properties": {
        "id": "osm-damage-way-297666868",
        "featureType": "critical_infrastructure",
        "infrastructureType": "building_damage_assessment",
        "status": "osm_destroyed",
        "name": "Destroyed (OSM)",
        "responsibleOrganization": "OpenStreetMap contributors",
        "isSynthetic": false,
        "validFrom": "2026-05-06",
        "sourceIdentifier": "osm-way-297666868"
      }
    },
    {
      "type": "Feature",
      "geometry": {
        "type": "Point",
        "coordinates": [
          34.4211975,
          31.5061208
        ]
      },
      "properties": {
        "id": "osm-damage-way-297666870",
        "featureType": "critical_infrastructure",
        "infrastructureType": "building_damage_assessment",
        "status": "osm_damaged",
        "name": "Damaged (OSM)",
        "responsibleOrganization": "OpenStreetMap contributors",
        "isSynthetic": false,
        "validFrom": "2026-05-06",
        "sourceIdentifier": "osm-way-297666870"
      }
    },
    {
      "type": "Feature",
      "geometry": {
        "type": "Point",
        "coordinates": [
          34.4216069,
          31.5040257
        ]
      },
      "properties": {
        "id": "osm-damage-way-297666871",
        "featureType": "critical_infrastructure",
        "infrastructureType": "building_damage_assessment",
        "status": "osm_destroyed",
        "name": "Destroyed (OSM)",
        "responsibleOrganization": "OpenStreetMap contributors",
        "isSynthetic": false,
        "validFrom": "2026-05-06",
        "sourceIdentifier": "osm-way-297666871"
      }
    },
    {
      "type": "Feature",
      "geometry": {
        "type": "Point",
        "coordinates": [
          34.4205355,
          31.5066447
        ]
      },
      "properties": {
        "id": "osm-damage-way-297666873",
        "featureType": "critical_infrastructure",
        "infrastructureType": "building_damage_assessment",
        "status": "osm_damaged",
        "name": "Damaged (OSM)",
        "responsibleOrganization": "OpenStreetMap contributors",
        "isSynthetic": false,
        "validFrom": "2026-05-06",
        "sourceIdentifier": "osm-way-297666873"
      }
    },
    {
      "type": "Feature",
      "geometry": {
        "type": "Point",
        "coordinates": [
          34.4241564,
          31.5038196
        ]
      },
      "properties": {
        "id": "osm-damage-way-297666874",
        "featureType": "critical_infrastructure",
        "infrastructureType": "building_damage_assessment",
        "status": "osm_damaged",
        "name": "Damaged (OSM)",
        "responsibleOrganization": "OpenStreetMap contributors",
        "isSynthetic": false,
        "validFrom": "2026-05-06",
        "sourceIdentifier": "osm-way-297666874"
      }
    },
    {
      "type": "Feature",
      "geometry": {
        "type": "Point",
        "coordinates": [
          34.4227147,
          31.504829
        ]
      },
      "properties": {
        "id": "osm-damage-way-297666879",
        "featureType": "critical_infrastructure",
        "infrastructureType": "building_damage_assessment",
        "status": "osm_destroyed",
        "name": "Destroyed (OSM)",
        "responsibleOrganization": "OpenStreetMap contributors",
        "isSynthetic": false,
        "validFrom": "2026-05-06",
        "sourceIdentifier": "osm-way-297666879"
      }
    },
    {
      "type": "Feature",
      "geometry": {
        "type": "Point",
        "coordinates": [
          34.4246177,
          31.5036135
        ]
      },
      "properties": {
        "id": "osm-damage-way-297666881",
        "featureType": "critical_infrastructure",
        "infrastructureType": "building_damage_assessment",
        "status": "osm_damaged",
        "name": "Damaged (OSM)",
        "responsibleOrganization": "OpenStreetMap contributors",
        "isSynthetic": false,
        "validFrom": "2026-05-06",
        "sourceIdentifier": "osm-way-297666881"
      }
    },
    {
      "type": "Feature",
      "geometry": {
        "type": "Point",
        "coordinates": [
          34.4207151,
          31.5068578
        ]
      },
      "properties": {
        "id": "osm-damage-way-297666882",
        "featureType": "critical_infrastructure",
        "infrastructureType": "building_damage_assessment",
        "status": "osm_damaged",
        "name": "Damaged (OSM)",
        "responsibleOrganization": "OpenStreetMap contributors",
        "isSynthetic": false,
        "validFrom": "2026-05-06",
        "sourceIdentifier": "osm-way-297666882"
      }
    },
    {
      "type": "Feature",
      "geometry": {
        "type": "Point",
        "coordinates": [
          34.4235737,
          31.503796
        ]
      },
      "properties": {
        "id": "osm-damage-way-297666883",
        "featureType": "critical_infrastructure",
        "infrastructureType": "building_damage_assessment",
        "status": "osm_damaged",
        "name": "Damaged (OSM)",
        "responsibleOrganization": "OpenStreetMap contributors",
        "isSynthetic": false,
        "validFrom": "2026-05-06",
        "sourceIdentifier": "osm-way-297666883"
      }
    },
    {
      "type": "Feature",
      "geometry": {
        "type": "Point",
        "coordinates": [
          34.4220258,
          31.5048024
        ]
      },
      "properties": {
        "id": "osm-damage-way-297666887",
        "featureType": "critical_infrastructure",
        "infrastructureType": "building_damage_assessment",
        "status": "osm_destroyed",
        "name": "Destroyed (OSM)",
        "responsibleOrganization": "OpenStreetMap contributors",
        "isSynthetic": false,
        "validFrom": "2026-05-06",
        "sourceIdentifier": "osm-way-297666887"
      }
    },
    {
      "type": "Feature",
      "geometry": {
        "type": "Point",
        "coordinates": [
          34.4211213,
          31.5039139
        ]
      },
      "properties": {
        "id": "osm-damage-way-297666889",
        "featureType": "critical_infrastructure",
        "infrastructureType": "building_damage_assessment",
        "status": "osm_destroyed",
        "name": "Destroyed (OSM)",
        "responsibleOrganization": "OpenStreetMap contributors",
        "isSynthetic": false,
        "validFrom": "2026-05-06",
        "sourceIdentifier": "osm-way-297666889"
      }
    },
    {
      "type": "Feature",
      "geometry": {
        "type": "Point",
        "coordinates": [
          34.4250593,
          31.50378
        ]
      },
      "properties": {
        "id": "osm-damage-way-297666895",
        "featureType": "critical_infrastructure",
        "infrastructureType": "building_damage_assessment",
        "status": "osm_damaged",
        "name": "Damaged (OSM)",
        "responsibleOrganization": "OpenStreetMap contributors",
        "isSynthetic": false,
        "validFrom": "2026-05-06",
        "sourceIdentifier": "osm-way-297666895"
      }
    },
    {
      "type": "Feature",
      "geometry": {
        "type": "Point",
        "coordinates": [
          34.4217572,
          31.5064485
        ]
      },
      "properties": {
        "id": "osm-damage-way-297666897",
        "featureType": "critical_infrastructure",
        "infrastructureType": "building_damage_assessment",
        "status": "osm_damaged",
        "name": "Damaged (OSM)",
        "responsibleOrganization": "OpenStreetMap contributors",
        "isSynthetic": false,
        "validFrom": "2026-05-06",
        "sourceIdentifier": "osm-way-297666897"
      }
    },
    {
      "type": "Feature",
      "geometry": {
        "type": "Point",
        "coordinates": [
          34.4231341,
          31.5041924
        ]
      },
      "properties": {
        "id": "osm-damage-way-297666901",
        "featureType": "critical_infrastructure",
        "infrastructureType": "building_damage_assessment",
        "status": "osm_destroyed",
        "name": "Destroyed (OSM)",
        "responsibleOrganization": "OpenStreetMap contributors",
        "isSynthetic": false,
        "validFrom": "2026-05-06",
        "sourceIdentifier": "osm-way-297666901"
      }
    },
    {
      "type": "Feature",
      "geometry": {
        "type": "Point",
        "coordinates": [
          34.4229179,
          31.5042835
        ]
      },
      "properties": {
        "id": "osm-damage-way-297666902",
        "featureType": "critical_infrastructure",
        "infrastructureType": "building_damage_assessment",
        "status": "osm_destroyed",
        "name": "Destroyed (OSM)",
        "responsibleOrganization": "OpenStreetMap contributors",
        "isSynthetic": false,
        "validFrom": "2026-05-06",
        "sourceIdentifier": "osm-way-297666902"
      }
    },
    {
      "type": "Feature",
      "geometry": {
        "type": "Point",
        "coordinates": [
          34.4217084,
          31.5043366
        ]
      },
      "properties": {
        "id": "osm-damage-way-297666904",
        "featureType": "critical_infrastructure",
        "infrastructureType": "building_damage_assessment",
        "status": "osm_destroyed",
        "name": "Destroyed (OSM)",
        "responsibleOrganization": "OpenStreetMap contributors",
        "isSynthetic": false,
        "validFrom": "2026-05-06",
        "sourceIdentifier": "osm-way-297666904"
      }
    },
    {
      "type": "Feature",
      "geometry": {
        "type": "Point",
        "coordinates": [
          34.4222177,
          31.5036542
        ]
      },
      "properties": {
        "id": "osm-damage-way-297666905",
        "featureType": "critical_infrastructure",
        "infrastructureType": "building_damage_assessment",
        "status": "osm_destroyed",
        "name": "Destroyed (OSM)",
        "responsibleOrganization": "OpenStreetMap contributors",
        "isSynthetic": false,
        "validFrom": "2026-05-06",
        "sourceIdentifier": "osm-way-297666905"
      }
    },
    {
      "type": "Feature",
      "geometry": {
        "type": "Point",
        "coordinates": [
          34.4203552,
          31.5063193
        ]
      },
      "properties": {
        "id": "osm-damage-way-297666907",
        "featureType": "critical_infrastructure",
        "infrastructureType": "building_damage_assessment",
        "status": "osm_damaged",
        "name": "Damaged (OSM)",
        "responsibleOrganization": "OpenStreetMap contributors",
        "isSynthetic": false,
        "validFrom": "2026-05-06",
        "sourceIdentifier": "osm-way-297666907"
      }
    },
    {
      "type": "Feature",
      "geometry": {
        "type": "Point",
        "coordinates": [
          34.4206344,
          31.5042283
        ]
      },
      "properties": {
        "id": "osm-damage-way-297666909",
        "featureType": "critical_infrastructure",
        "infrastructureType": "building_damage_assessment",
        "status": "osm_destroyed",
        "name": "Destroyed (OSM)",
        "responsibleOrganization": "OpenStreetMap contributors",
        "isSynthetic": false,
        "validFrom": "2026-05-06",
        "sourceIdentifier": "osm-way-297666909"
      }
    },
    {
      "type": "Feature",
      "geometry": {
        "type": "Point",
        "coordinates": [
          34.4207823,
          31.5069319
        ]
      },
      "properties": {
        "id": "osm-damage-way-297666910",
        "featureType": "critical_infrastructure",
        "infrastructureType": "building_damage_assessment",
        "status": "osm_damaged",
        "name": "Damaged (OSM)",
        "responsibleOrganization": "OpenStreetMap contributors",
        "isSynthetic": false,
        "validFrom": "2026-05-06",
        "sourceIdentifier": "osm-way-297666910"
      }
    },
    {
      "type": "Feature",
      "geometry": {
        "type": "Point",
        "coordinates": [
          34.422571,
          31.5046194
        ]
      },
      "properties": {
        "id": "osm-damage-way-297666911",
        "featureType": "critical_infrastructure",
        "infrastructureType": "building_damage_assessment",
        "status": "osm_destroyed",
        "name": "Destroyed (OSM)",
        "responsibleOrganization": "OpenStreetMap contributors",
        "isSynthetic": false,
        "validFrom": "2026-05-06",
        "sourceIdentifier": "osm-way-297666911"
      }
    },
    {
      "type": "Feature",
      "geometry": {
        "type": "Point",
        "coordinates": [
          34.422022,
          31.5037055
        ]
      },
      "properties": {
        "id": "osm-damage-way-297666912",
        "featureType": "critical_infrastructure",
        "infrastructureType": "building_damage_assessment",
        "status": "osm_destroyed",
        "name": "Destroyed (OSM)",
        "responsibleOrganization": "OpenStreetMap contributors",
        "isSynthetic": false,
        "validFrom": "2026-05-06",
        "sourceIdentifier": "osm-way-297666912"
      }
    },
    {
      "type": "Feature",
      "geometry": {
        "type": "Point",
        "coordinates": [
          34.4220337,
          31.5042455
        ]
      },
      "properties": {
        "id": "osm-damage-way-297666913",
        "featureType": "critical_infrastructure",
        "infrastructureType": "building_damage_assessment",
        "status": "osm_destroyed",
        "name": "Destroyed (OSM)",
        "responsibleOrganization": "OpenStreetMap contributors",
        "isSynthetic": false,
        "validFrom": "2026-05-06",
        "sourceIdentifier": "osm-way-297666913"
      }
    },
    {
      "type": "Feature",
      "geometry": {
        "type": "Point",
        "coordinates": [
          34.421342,
          31.5038545
        ]
      },
      "properties": {
        "id": "osm-damage-way-297666914",
        "featureType": "critical_infrastructure",
        "infrastructureType": "building_damage_assessment",
        "status": "osm_destroyed",
        "name": "Destroyed (OSM)",
        "responsibleOrganization": "OpenStreetMap contributors",
        "isSynthetic": false,
        "validFrom": "2026-05-06",
        "sourceIdentifier": "osm-way-297666914"
      }
    },
    {
      "type": "Feature",
      "geometry": {
        "type": "Point",
        "coordinates": [
          34.4229263,
          31.5039959
        ]
      },
      "properties": {
        "id": "osm-damage-way-297666916",
        "featureType": "critical_infrastructure",
        "infrastructureType": "building_damage_assessment",
        "status": "osm_destroyed",
        "name": "Destroyed (OSM)",
        "responsibleOrganization": "OpenStreetMap contributors",
        "isSynthetic": false,
        "validFrom": "2026-05-06",
        "sourceIdentifier": "osm-way-297666916"
      }
    },
    {
      "type": "Feature",
      "geometry": {
        "type": "Point",
        "coordinates": [
          34.4237856,
          31.503806
        ]
      },
      "properties": {
        "id": "osm-damage-way-297666921",
        "featureType": "critical_infrastructure",
        "infrastructureType": "building_damage_assessment",
        "status": "osm_damaged",
        "name": "Damaged (OSM)",
        "responsibleOrganization": "OpenStreetMap contributors",
        "isSynthetic": false,
        "validFrom": "2026-05-06",
        "sourceIdentifier": "osm-way-297666921"
      }
    },
    {
      "type": "Feature",
      "geometry": {
        "type": "Point",
        "coordinates": [
          34.4233356,
          31.5045608
        ]
      },
      "properties": {
        "id": "osm-damage-way-297666923",
        "featureType": "critical_infrastructure",
        "infrastructureType": "building_damage_assessment",
        "status": "osm_destroyed",
        "name": "Destroyed (OSM)",
        "responsibleOrganization": "OpenStreetMap contributors",
        "isSynthetic": false,
        "validFrom": "2026-05-06",
        "sourceIdentifier": "osm-way-297666923"
      }
    },
    {
      "type": "Feature",
      "geometry": {
        "type": "Point",
        "coordinates": [
          34.4217499,
          31.5045767
        ]
      },
      "properties": {
        "id": "osm-damage-way-297666924",
        "featureType": "critical_infrastructure",
        "infrastructureType": "building_damage_assessment",
        "status": "osm_destroyed",
        "name": "Destroyed (OSM)",
        "responsibleOrganization": "OpenStreetMap contributors",
        "isSynthetic": false,
        "validFrom": "2026-05-06",
        "sourceIdentifier": "osm-way-297666924"
      }
    },
    {
      "type": "Feature",
      "geometry": {
        "type": "Point",
        "coordinates": [
          34.4223895,
          31.5035702
        ]
      },
      "properties": {
        "id": "osm-damage-way-297666925",
        "featureType": "critical_infrastructure",
        "infrastructureType": "building_damage_assessment",
        "status": "osm_destroyed",
        "name": "Destroyed (OSM)",
        "responsibleOrganization": "OpenStreetMap contributors",
        "isSynthetic": false,
        "validFrom": "2026-05-06",
        "sourceIdentifier": "osm-way-297666925"
      }
    },
    {
      "type": "Feature",
      "geometry": {
        "type": "Point",
        "coordinates": [
          34.4243666,
          31.5037
        ]
      },
      "properties": {
        "id": "osm-damage-way-297666933",
        "featureType": "critical_infrastructure",
        "infrastructureType": "building_damage_assessment",
        "status": "osm_damaged",
        "name": "Damaged (OSM)",
        "responsibleOrganization": "OpenStreetMap contributors",
        "isSynthetic": false,
        "validFrom": "2026-05-06",
        "sourceIdentifier": "osm-way-297666933"
      }
    },
    {
      "type": "Feature",
      "geometry": {
        "type": "Point",
        "coordinates": [
          34.4222882,
          31.5048008
        ]
      },
      "properties": {
        "id": "osm-damage-way-297666935",
        "featureType": "critical_infrastructure",
        "infrastructureType": "building_damage_assessment",
        "status": "osm_destroyed",
        "name": "Destroyed (OSM)",
        "responsibleOrganization": "OpenStreetMap contributors",
        "isSynthetic": false,
        "validFrom": "2026-05-06",
        "sourceIdentifier": "osm-way-297666935"
      }
    },
    {
      "type": "Feature",
      "geometry": {
        "type": "Point",
        "coordinates": [
          34.4204524,
          31.5040723
        ]
      },
      "properties": {
        "id": "osm-damage-way-297666936",
        "featureType": "critical_infrastructure",
        "infrastructureType": "building_damage_assessment",
        "status": "osm_destroyed",
        "name": "Destroyed (OSM)",
        "responsibleOrganization": "OpenStreetMap contributors",
        "isSynthetic": false,
        "validFrom": "2026-05-06",
        "sourceIdentifier": "osm-way-297666936"
      }
    },
    {
      "type": "Feature",
      "geometry": {
        "type": "Point",
        "coordinates": [
          34.4221763,
          31.5043936
        ]
      },
      "properties": {
        "id": "osm-damage-way-297666937",
        "featureType": "critical_infrastructure",
        "infrastructureType": "building_damage_assessment",
        "status": "osm_destroyed",
        "name": "Destroyed (OSM)",
        "responsibleOrganization": "OpenStreetMap contributors",
        "isSynthetic": false,
        "validFrom": "2026-05-06",
        "sourceIdentifier": "osm-way-297666937"
      }
    },
    {
      "type": "Feature",
      "geometry": {
        "type": "Point",
        "coordinates": [
          34.4233994,
          31.5038147
        ]
      },
      "properties": {
        "id": "osm-damage-way-297666938",
        "featureType": "critical_infrastructure",
        "infrastructureType": "building_damage_assessment",
        "status": "osm_damaged",
        "name": "Damaged (OSM)",
        "responsibleOrganization": "OpenStreetMap contributors",
        "isSynthetic": false,
        "validFrom": "2026-05-06",
        "sourceIdentifier": "osm-way-297666938"
      }
    },
    {
      "type": "Feature",
      "geometry": {
        "type": "Point",
        "coordinates": [
          34.4215936,
          31.5051213
        ]
      },
      "properties": {
        "id": "osm-damage-way-297666939",
        "featureType": "critical_infrastructure",
        "infrastructureType": "building_damage_assessment",
        "status": "osm_destroyed",
        "name": "Destroyed (OSM)",
        "responsibleOrganization": "OpenStreetMap contributors",
        "isSynthetic": false,
        "validFrom": "2026-05-06",
        "sourceIdentifier": "osm-way-297666939"
      }
    },
    {
      "type": "Feature",
      "geometry": {
        "type": "Point",
        "coordinates": [
          34.4231226,
          31.504584
        ]
      },
      "properties": {
        "id": "osm-damage-way-297666944",
        "featureType": "critical_infrastructure",
        "infrastructureType": "building_damage_assessment",
        "status": "osm_destroyed",
        "name": "Destroyed (OSM)",
        "responsibleOrganization": "OpenStreetMap contributors",
        "isSynthetic": false,
        "validFrom": "2026-05-06",
        "sourceIdentifier": "osm-way-297666944"
      }
    },
    {
      "type": "Feature",
      "geometry": {
        "type": "Point",
        "coordinates": [
          34.4232166,
          31.5037174
        ]
      },
      "properties": {
        "id": "osm-damage-way-297666946",
        "featureType": "critical_infrastructure",
        "infrastructureType": "building_damage_assessment",
        "status": "osm_damaged",
        "name": "Damaged (OSM)",
        "responsibleOrganization": "OpenStreetMap contributors",
        "isSynthetic": false,
        "validFrom": "2026-05-06",
        "sourceIdentifier": "osm-way-297666946"
      }
    },
    {
      "type": "Feature",
      "geometry": {
        "type": "Point",
        "coordinates": [
          34.42437,
          31.5039563
        ]
      },
      "properties": {
        "id": "osm-damage-way-297666948",
        "featureType": "critical_infrastructure",
        "infrastructureType": "building_damage_assessment",
        "status": "osm_damaged",
        "name": "Damaged (OSM)",
        "responsibleOrganization": "OpenStreetMap contributors",
        "isSynthetic": false,
        "validFrom": "2026-05-06",
        "sourceIdentifier": "osm-way-297666948"
      }
    },
    {
      "type": "Feature",
      "geometry": {
        "type": "Point",
        "coordinates": [
          34.4250136,
          31.5120952
        ]
      },
      "properties": {
        "id": "osm-damage-way-297774178",
        "featureType": "critical_infrastructure",
        "infrastructureType": "building_damage_assessment",
        "status": "osm_damaged",
        "name": "Damaged (OSM)",
        "responsibleOrganization": "OpenStreetMap contributors",
        "isSynthetic": false,
        "validFrom": "2026-05-06",
        "sourceIdentifier": "osm-way-297774178"
      }
    },
    {
      "type": "Feature",
      "geometry": {
        "type": "Point",
        "coordinates": [
          34.4435106,
          31.4713696
        ]
      },
      "properties": {
        "id": "osm-damage-way-297928402",
        "featureType": "critical_infrastructure",
        "infrastructureType": "building_damage_assessment",
        "status": "osm_destroyed",
        "name": "Destroyed (OSM)",
        "responsibleOrganization": "OpenStreetMap contributors",
        "isSynthetic": false,
        "validFrom": "2026-05-06",
        "sourceIdentifier": "osm-way-297928402"
      }
    },
    {
      "type": "Feature",
      "geometry": {
        "type": "Point",
        "coordinates": [
          34.4441788,
          31.4708122
        ]
      },
      "properties": {
        "id": "osm-damage-way-297928403",
        "featureType": "critical_infrastructure",
        "infrastructureType": "building_damage_assessment",
        "status": "osm_destroyed",
        "name": "Destroyed (OSM)",
        "responsibleOrganization": "OpenStreetMap contributors",
        "isSynthetic": false,
        "validFrom": "2026-05-06",
        "sourceIdentifier": "osm-way-297928403"
      }
    },
    {
      "type": "Feature",
      "geometry": {
        "type": "Point",
        "coordinates": [
          34.4437386,
          31.4714643
        ]
      },
      "properties": {
        "id": "osm-damage-way-297928412",
        "featureType": "critical_infrastructure",
        "infrastructureType": "building_damage_assessment",
        "status": "osm_destroyed",
        "name": "Destroyed (OSM)",
        "responsibleOrganization": "OpenStreetMap contributors",
        "isSynthetic": false,
        "validFrom": "2026-05-06",
        "sourceIdentifier": "osm-way-297928412"
      }
    },
    {
      "type": "Feature",
      "geometry": {
        "type": "Point",
        "coordinates": [
          34.443884,
          31.4712085
        ]
      },
      "properties": {
        "id": "osm-damage-way-297928413",
        "featureType": "critical_infrastructure",
        "infrastructureType": "building_damage_assessment",
        "status": "osm_destroyed",
        "name": "Destroyed (OSM)",
        "responsibleOrganization": "OpenStreetMap contributors",
        "isSynthetic": false,
        "validFrom": "2026-05-06",
        "sourceIdentifier": "osm-way-297928413"
      }
    },
    {
      "type": "Feature",
      "geometry": {
        "type": "Point",
        "coordinates": [
          34.4647819,
          31.5011706
        ]
      },
      "properties": {
        "id": "osm-damage-way-297970293",
        "featureType": "critical_infrastructure",
        "infrastructureType": "building_damage_assessment",
        "status": "osm_destroyed",
        "name": "Destroyed (OSM)",
        "responsibleOrganization": "OpenStreetMap contributors",
        "isSynthetic": false,
        "validFrom": "2026-05-06",
        "sourceIdentifier": "osm-way-297970293"
      }
    },
    {
      "type": "Feature",
      "geometry": {
        "type": "Point",
        "coordinates": [
          34.4650981,
          31.5013075
        ]
      },
      "properties": {
        "id": "osm-damage-way-297970294",
        "featureType": "critical_infrastructure",
        "infrastructureType": "building_damage_assessment",
        "status": "osm_destroyed",
        "name": "Destroyed (OSM)",
        "responsibleOrganization": "OpenStreetMap contributors",
        "isSynthetic": false,
        "validFrom": "2026-05-06",
        "sourceIdentifier": "osm-way-297970294"
      }
    },
    {
      "type": "Feature",
      "geometry": {
        "type": "Point",
        "coordinates": [
          34.4652981,
          31.5009758
        ]
      },
      "properties": {
        "id": "osm-damage-way-297970295",
        "featureType": "critical_infrastructure",
        "infrastructureType": "building_damage_assessment",
        "status": "osm_destroyed",
        "name": "Destroyed (OSM)",
        "responsibleOrganization": "OpenStreetMap contributors",
        "isSynthetic": false,
        "validFrom": "2026-05-06",
        "sourceIdentifier": "osm-way-297970295"
      }
    },
    {
      "type": "Feature",
      "geometry": {
        "type": "Point",
        "coordinates": [
          34.420074,
          31.5033509
        ]
      },
      "properties": {
        "id": "osm-damage-way-298009818",
        "featureType": "critical_infrastructure",
        "infrastructureType": "building_damage_assessment",
        "status": "osm_destroyed",
        "name": "Destroyed (OSM)",
        "responsibleOrganization": "OpenStreetMap contributors",
        "isSynthetic": false,
        "validFrom": "2026-05-06",
        "sourceIdentifier": "osm-way-298009818"
      }
    },
    {
      "type": "Feature",
      "geometry": {
        "type": "Point",
        "coordinates": [
          34.4684586,
          31.5016124
        ]
      },
      "properties": {
        "id": "osm-damage-way-298172608",
        "featureType": "critical_infrastructure",
        "infrastructureType": "building_damage_assessment",
        "status": "osm_destroyed",
        "name": "Destroyed (OSM)",
        "responsibleOrganization": "OpenStreetMap contributors",
        "isSynthetic": false,
        "validFrom": "2026-05-06",
        "sourceIdentifier": "osm-way-298172608"
      }
    },
    {
      "type": "Feature",
      "geometry": {
        "type": "Point",
        "coordinates": [
          34.4686333,
          31.5015084
        ]
      },
      "properties": {
        "id": "osm-damage-way-298172609",
        "featureType": "critical_infrastructure",
        "infrastructureType": "building_damage_assessment",
        "status": "osm_destroyed",
        "name": "Destroyed (OSM)",
        "responsibleOrganization": "OpenStreetMap contributors",
        "isSynthetic": false,
        "validFrom": "2026-05-06",
        "sourceIdentifier": "osm-way-298172609"
      }
    },
    {
      "type": "Feature",
      "geometry": {
        "type": "Point",
        "coordinates": [
          34.468498,
          31.5013858
        ]
      },
      "properties": {
        "id": "osm-damage-way-298172610",
        "featureType": "critical_infrastructure",
        "infrastructureType": "building_damage_assessment",
        "status": "osm_destroyed",
        "name": "Destroyed (OSM)",
        "responsibleOrganization": "OpenStreetMap contributors",
        "isSynthetic": false,
        "validFrom": "2026-05-06",
        "sourceIdentifier": "osm-way-298172610"
      }
    },
    {
      "type": "Feature",
      "geometry": {
        "type": "Point",
        "coordinates": [
          34.4687514,
          31.5013338
        ]
      },
      "properties": {
        "id": "osm-damage-way-298172613",
        "featureType": "critical_infrastructure",
        "infrastructureType": "building_damage_assessment",
        "status": "osm_destroyed",
        "name": "Destroyed (OSM)",
        "responsibleOrganization": "OpenStreetMap contributors",
        "isSynthetic": false,
        "validFrom": "2026-05-06",
        "sourceIdentifier": "osm-way-298172613"
      }
    },
    {
      "type": "Feature",
      "geometry": {
        "type": "Point",
        "coordinates": [
          34.4685937,
          31.5012291
        ]
      },
      "properties": {
        "id": "osm-damage-way-298172614",
        "featureType": "critical_infrastructure",
        "infrastructureType": "building_damage_assessment",
        "status": "osm_destroyed",
        "name": "Destroyed (OSM)",
        "responsibleOrganization": "OpenStreetMap contributors",
        "isSynthetic": false,
        "validFrom": "2026-05-06",
        "sourceIdentifier": "osm-way-298172614"
      }
    },
    {
      "type": "Feature",
      "geometry": {
        "type": "Point",
        "coordinates": [
          34.4685693,
          31.5010983
        ]
      },
      "properties": {
        "id": "osm-damage-way-298172616",
        "featureType": "critical_infrastructure",
        "infrastructureType": "building_damage_assessment",
        "status": "osm_destroyed",
        "name": "Destroyed (OSM)",
        "responsibleOrganization": "OpenStreetMap contributors",
        "isSynthetic": false,
        "validFrom": "2026-05-06",
        "sourceIdentifier": "osm-way-298172616"
      }
    },
    {
      "type": "Feature",
      "geometry": {
        "type": "Point",
        "coordinates": [
          34.468586,
          31.5009882
        ]
      },
      "properties": {
        "id": "osm-damage-way-298172617",
        "featureType": "critical_infrastructure",
        "infrastructureType": "building_damage_assessment",
        "status": "osm_destroyed",
        "name": "Destroyed (OSM)",
        "responsibleOrganization": "OpenStreetMap contributors",
        "isSynthetic": false,
        "validFrom": "2026-05-06",
        "sourceIdentifier": "osm-way-298172617"
      }
    },
    {
      "type": "Feature",
      "geometry": {
        "type": "Point",
        "coordinates": [
          34.4683515,
          31.5010808
        ]
      },
      "properties": {
        "id": "osm-damage-way-298172659",
        "featureType": "critical_infrastructure",
        "infrastructureType": "building_damage_assessment",
        "status": "osm_destroyed",
        "name": "Destroyed (OSM)",
        "responsibleOrganization": "OpenStreetMap contributors",
        "isSynthetic": false,
        "validFrom": "2026-05-06",
        "sourceIdentifier": "osm-way-298172659"
      }
    },
    {
      "type": "Feature",
      "geometry": {
        "type": "Point",
        "coordinates": [
          34.4689173,
          31.5012754
        ]
      },
      "properties": {
        "id": "osm-damage-way-298172674",
        "featureType": "critical_infrastructure",
        "infrastructureType": "building_damage_assessment",
        "status": "osm_destroyed",
        "name": "Destroyed (OSM)",
        "responsibleOrganization": "OpenStreetMap contributors",
        "isSynthetic": false,
        "validFrom": "2026-05-06",
        "sourceIdentifier": "osm-way-298172674"
      }
    },
    {
      "type": "Feature",
      "geometry": {
        "type": "Point",
        "coordinates": [
          34.468762,
          31.5011625
        ]
      },
      "properties": {
        "id": "osm-damage-way-298172675",
        "featureType": "critical_infrastructure",
        "infrastructureType": "building_damage_assessment",
        "status": "osm_destroyed",
        "name": "Destroyed (OSM)",
        "responsibleOrganization": "OpenStreetMap contributors",
        "isSynthetic": false,
        "validFrom": "2026-05-06",
        "sourceIdentifier": "osm-way-298172675"
      }
    },
    {
      "type": "Feature",
      "geometry": {
        "type": "Point",
        "coordinates": [
          34.4682498,
          31.5009865
        ]
      },
      "properties": {
        "id": "osm-damage-way-298172695",
        "featureType": "critical_infrastructure",
        "infrastructureType": "building_damage_assessment",
        "status": "osm_destroyed",
        "name": "Destroyed (OSM)",
        "responsibleOrganization": "OpenStreetMap contributors",
        "isSynthetic": false,
        "validFrom": "2026-05-06",
        "sourceIdentifier": "osm-way-298172695"
      }
    },
    {
      "type": "Feature",
      "geometry": {
        "type": "Point",
        "coordinates": [
          34.467957,
          31.5011729
        ]
      },
      "properties": {
        "id": "osm-damage-way-298172696",
        "featureType": "critical_infrastructure",
        "infrastructureType": "building_damage_assessment",
        "status": "osm_destroyed",
        "name": "Destroyed (OSM)",
        "responsibleOrganization": "OpenStreetMap contributors",
        "isSynthetic": false,
        "validFrom": "2026-05-06",
        "sourceIdentifier": "osm-way-298172696"
      }
    },
    {
      "type": "Feature",
      "geometry": {
        "type": "Point",
        "coordinates": [
          34.4683482,
          31.5012864
        ]
      },
      "properties": {
        "id": "osm-damage-way-298172703",
        "featureType": "critical_infrastructure",
        "infrastructureType": "building_damage_assessment",
        "status": "osm_destroyed",
        "name": "Destroyed (OSM)",
        "responsibleOrganization": "OpenStreetMap contributors",
        "isSynthetic": false,
        "validFrom": "2026-05-06",
        "sourceIdentifier": "osm-way-298172703"
      }
    },
    {
      "type": "Feature",
      "geometry": {
        "type": "Point",
        "coordinates": [
          34.4681182,
          31.5012107
        ]
      },
      "properties": {
        "id": "osm-damage-way-298172704",
        "featureType": "critical_infrastructure",
        "infrastructureType": "building_damage_assessment",
        "status": "osm_destroyed",
        "name": "Destroyed (OSM)",
        "responsibleOrganization": "OpenStreetMap contributors",
        "isSynthetic": false,
        "validFrom": "2026-05-06",
        "sourceIdentifier": "osm-way-298172704"
      }
    },
    {
      "type": "Feature",
      "geometry": {
        "type": "Point",
        "coordinates": [
          34.4678651,
          31.5017737
        ]
      },
      "properties": {
        "id": "osm-damage-way-298428245",
        "featureType": "critical_infrastructure",
        "infrastructureType": "building_damage_assessment",
        "status": "osm_destroyed",
        "name": "Destroyed (OSM)",
        "responsibleOrganization": "OpenStreetMap contributors",
        "isSynthetic": false,
        "validFrom": "2026-05-06",
        "sourceIdentifier": "osm-way-298428245"
      }
    },
    {
      "type": "Feature",
      "geometry": {
        "type": "Point",
        "coordinates": [
          34.4679419,
          31.5019005
        ]
      },
      "properties": {
        "id": "osm-damage-way-298428265",
        "featureType": "critical_infrastructure",
        "infrastructureType": "building_damage_assessment",
        "status": "osm_destroyed",
        "name": "Destroyed (OSM)",
        "responsibleOrganization": "OpenStreetMap contributors",
        "isSynthetic": false,
        "validFrom": "2026-05-06",
        "sourceIdentifier": "osm-way-298428265"
      }
    },
    {
      "type": "Feature",
      "geometry": {
        "type": "Point",
        "coordinates": [
          34.4680574,
          31.5018727
        ]
      },
      "properties": {
        "id": "osm-damage-way-298428269",
        "featureType": "critical_infrastructure",
        "infrastructureType": "building_damage_assessment",
        "status": "osm_destroyed",
        "name": "Destroyed (OSM)",
        "responsibleOrganization": "OpenStreetMap contributors",
        "isSynthetic": false,
        "validFrom": "2026-05-06",
        "sourceIdentifier": "osm-way-298428269"
      }
    },
    {
      "type": "Feature",
      "geometry": {
        "type": "Point",
        "coordinates": [
          34.4679245,
          31.5015201
        ]
      },
      "properties": {
        "id": "osm-damage-way-298428280",
        "featureType": "critical_infrastructure",
        "infrastructureType": "building_damage_assessment",
        "status": "osm_destroyed",
        "name": "Destroyed (OSM)",
        "responsibleOrganization": "OpenStreetMap contributors",
        "isSynthetic": false,
        "validFrom": "2026-05-06",
        "sourceIdentifier": "osm-way-298428280"
      }
    },
    {
      "type": "Feature",
      "geometry": {
        "type": "Point",
        "coordinates": [
          34.4680729,
          31.5013497
        ]
      },
      "properties": {
        "id": "osm-damage-way-298428300",
        "featureType": "critical_infrastructure",
        "infrastructureType": "building_damage_assessment",
        "status": "osm_destroyed",
        "name": "Destroyed (OSM)",
        "responsibleOrganization": "OpenStreetMap contributors",
        "isSynthetic": false,
        "validFrom": "2026-05-06",
        "sourceIdentifier": "osm-way-298428300"
      }
    },
    {
      "type": "Feature",
      "geometry": {
        "type": "Point",
        "coordinates": [
          34.4688323,
          31.5016969
        ]
      },
      "properties": {
        "id": "osm-damage-way-298428315",
        "featureType": "critical_infrastructure",
        "infrastructureType": "building_damage_assessment",
        "status": "osm_destroyed",
        "name": "Destroyed (OSM)",
        "responsibleOrganization": "OpenStreetMap contributors",
        "isSynthetic": false,
        "validFrom": "2026-05-06",
        "sourceIdentifier": "osm-way-298428315"
      }
    },
    {
      "type": "Feature",
      "geometry": {
        "type": "Point",
        "coordinates": [
          34.4682382,
          31.5019072
        ]
      },
      "properties": {
        "id": "osm-damage-way-298428321",
        "featureType": "critical_infrastructure",
        "infrastructureType": "building_damage_assessment",
        "status": "osm_destroyed",
        "name": "Destroyed (OSM)",
        "responsibleOrganization": "OpenStreetMap contributors",
        "isSynthetic": false,
        "validFrom": "2026-05-06",
        "sourceIdentifier": "osm-way-298428321"
      }
    },
    {
      "type": "Feature",
      "geometry": {
        "type": "Point",
        "coordinates": [
          34.4677612,
          31.5016877
        ]
      },
      "properties": {
        "id": "osm-damage-way-298428325",
        "featureType": "critical_infrastructure",
        "infrastructureType": "building_damage_assessment",
        "status": "osm_destroyed",
        "name": "Destroyed (OSM)",
        "responsibleOrganization": "OpenStreetMap contributors",
        "isSynthetic": false,
        "validFrom": "2026-05-06",
        "sourceIdentifier": "osm-way-298428325"
      }
    },
    {
      "type": "Feature",
      "geometry": {
        "type": "Point",
        "coordinates": [
          34.4681087,
          31.5018253
        ]
      },
      "properties": {
        "id": "osm-damage-way-298428331",
        "featureType": "critical_infrastructure",
        "infrastructureType": "building_damage_assessment",
        "status": "osm_destroyed",
        "name": "Destroyed (OSM)",
        "responsibleOrganization": "OpenStreetMap contributors",
        "isSynthetic": false,
        "validFrom": "2026-05-06",
        "sourceIdentifier": "osm-way-298428331"
      }
    },
    {
      "type": "Feature",
      "geometry": {
        "type": "Point",
        "coordinates": [
          34.4692141,
          31.5014636
        ]
      },
      "properties": {
        "id": "osm-damage-way-298428333",
        "featureType": "critical_infrastructure",
        "infrastructureType": "building_damage_assessment",
        "status": "osm_destroyed",
        "name": "Destroyed (OSM)",
        "responsibleOrganization": "OpenStreetMap contributors",
        "isSynthetic": false,
        "validFrom": "2026-05-06",
        "sourceIdentifier": "osm-way-298428333"
      }
    },
    {
      "type": "Feature",
      "geometry": {
        "type": "Point",
        "coordinates": [
          34.469326,
          31.5015919
        ]
      },
      "properties": {
        "id": "osm-damage-way-298428334",
        "featureType": "critical_infrastructure",
        "infrastructureType": "building_damage_assessment",
        "status": "osm_destroyed",
        "name": "Destroyed (OSM)",
        "responsibleOrganization": "OpenStreetMap contributors",
        "isSynthetic": false,
        "validFrom": "2026-05-06",
        "sourceIdentifier": "osm-way-298428334"
      }
    },
    {
      "type": "Feature",
      "geometry": {
        "type": "Point",
        "coordinates": [
          34.4676165,
          31.5016464
        ]
      },
      "properties": {
        "id": "osm-damage-way-298428351",
        "featureType": "critical_infrastructure",
        "infrastructureType": "building_damage_assessment",
        "status": "osm_destroyed",
        "name": "Destroyed (OSM)",
        "responsibleOrganization": "OpenStreetMap contributors",
        "isSynthetic": false,
        "validFrom": "2026-05-06",
        "sourceIdentifier": "osm-way-298428351"
      }
    },
    {
      "type": "Feature",
      "geometry": {
        "type": "Point",
        "coordinates": [
          34.4682168,
          31.5013697
        ]
      },
      "properties": {
        "id": "osm-damage-way-298428352",
        "featureType": "critical_infrastructure",
        "infrastructureType": "building_damage_assessment",
        "status": "osm_destroyed",
        "name": "Destroyed (OSM)",
        "responsibleOrganization": "OpenStreetMap contributors",
        "isSynthetic": false,
        "validFrom": "2026-05-06",
        "sourceIdentifier": "osm-way-298428352"
      }
    },
    {
      "type": "Feature",
      "geometry": {
        "type": "Point",
        "coordinates": [
          34.4691783,
          31.5013286
        ]
      },
      "properties": {
        "id": "osm-damage-way-298428353",
        "featureType": "critical_infrastructure",
        "infrastructureType": "building_damage_assessment",
        "status": "osm_destroyed",
        "name": "Destroyed (OSM)",
        "responsibleOrganization": "OpenStreetMap contributors",
        "isSynthetic": false,
        "validFrom": "2026-05-06",
        "sourceIdentifier": "osm-way-298428353"
      }
    },
    {
      "type": "Feature",
      "geometry": {
        "type": "Point",
        "coordinates": [
          34.4681067,
          31.5015263
        ]
      },
      "properties": {
        "id": "osm-damage-way-298428364",
        "featureType": "critical_infrastructure",
        "infrastructureType": "building_damage_assessment",
        "status": "osm_destroyed",
        "name": "Destroyed (OSM)",
        "responsibleOrganization": "OpenStreetMap contributors",
        "isSynthetic": false,
        "validFrom": "2026-05-06",
        "sourceIdentifier": "osm-way-298428364"
      }
    },
    {
      "type": "Feature",
      "geometry": {
        "type": "Point",
        "coordinates": [
          34.4680113,
          31.501739
        ]
      },
      "properties": {
        "id": "osm-damage-way-298428366",
        "featureType": "critical_infrastructure",
        "infrastructureType": "building_damage_assessment",
        "status": "osm_destroyed",
        "name": "Destroyed (OSM)",
        "responsibleOrganization": "OpenStreetMap contributors",
        "isSynthetic": false,
        "validFrom": "2026-05-06",
        "sourceIdentifier": "osm-way-298428366"
      }
    },
    {
      "type": "Feature",
      "geometry": {
        "type": "Point",
        "coordinates": [
          34.4678733,
          31.5015901
        ]
      },
      "properties": {
        "id": "osm-damage-way-298428369",
        "featureType": "critical_infrastructure",
        "infrastructureType": "building_damage_assessment",
        "status": "osm_destroyed",
        "name": "Destroyed (OSM)",
        "responsibleOrganization": "OpenStreetMap contributors",
        "isSynthetic": false,
        "validFrom": "2026-05-06",
        "sourceIdentifier": "osm-way-298428369"
      }
    },
    {
      "type": "Feature",
      "geometry": {
        "type": "Point",
        "coordinates": [
          34.4681957,
          31.5015858
        ]
      },
      "properties": {
        "id": "osm-damage-way-298428375",
        "featureType": "critical_infrastructure",
        "infrastructureType": "building_damage_assessment",
        "status": "osm_destroyed",
        "name": "Destroyed (OSM)",
        "responsibleOrganization": "OpenStreetMap contributors",
        "isSynthetic": false,
        "validFrom": "2026-05-06",
        "sourceIdentifier": "osm-way-298428375"
      }
    },
    {
      "type": "Feature",
      "geometry": {
        "type": "Point",
        "coordinates": [
          34.4683547,
          31.5017903
        ]
      },
      "properties": {
        "id": "osm-damage-way-298428392",
        "featureType": "critical_infrastructure",
        "infrastructureType": "building_damage_assessment",
        "status": "osm_destroyed",
        "name": "Destroyed (OSM)",
        "responsibleOrganization": "OpenStreetMap contributors",
        "isSynthetic": false,
        "validFrom": "2026-05-06",
        "sourceIdentifier": "osm-way-298428392"
      }
    },
    {
      "type": "Feature",
      "geometry": {
        "type": "Point",
        "coordinates": [
          34.4682011,
          31.501254
        ]
      },
      "properties": {
        "id": "osm-damage-way-298428395",
        "featureType": "critical_infrastructure",
        "infrastructureType": "building_damage_assessment",
        "status": "osm_destroyed",
        "name": "Destroyed (OSM)",
        "responsibleOrganization": "OpenStreetMap contributors",
        "isSynthetic": false,
        "validFrom": "2026-05-06",
        "sourceIdentifier": "osm-way-298428395"
      }
    },
    {
      "type": "Feature",
      "geometry": {
        "type": "Point",
        "coordinates": [
          34.4682616,
          31.5016888
        ]
      },
      "properties": {
        "id": "osm-damage-way-298428403",
        "featureType": "critical_infrastructure",
        "infrastructureType": "building_damage_assessment",
        "status": "osm_destroyed",
        "name": "Destroyed (OSM)",
        "responsibleOrganization": "OpenStreetMap contributors",
        "isSynthetic": false,
        "validFrom": "2026-05-06",
        "sourceIdentifier": "osm-way-298428403"
      }
    },
    {
      "type": "Feature",
      "geometry": {
        "type": "Point",
        "coordinates": [
          34.4681042,
          31.5017056
        ]
      },
      "properties": {
        "id": "osm-damage-way-298428430",
        "featureType": "critical_infrastructure",
        "infrastructureType": "building_damage_assessment",
        "status": "osm_destroyed",
        "name": "Destroyed (OSM)",
        "responsibleOrganization": "OpenStreetMap contributors",
        "isSynthetic": false,
        "validFrom": "2026-05-06",
        "sourceIdentifier": "osm-way-298428430"
      }
    },
    {
      "type": "Feature",
      "geometry": {
        "type": "Point",
        "coordinates": [
          34.4691886,
          31.5016837
        ]
      },
      "properties": {
        "id": "osm-damage-way-298428475",
        "featureType": "critical_infrastructure",
        "infrastructureType": "building_damage_assessment",
        "status": "osm_destroyed",
        "name": "Destroyed (OSM)",
        "responsibleOrganization": "OpenStreetMap contributors",
        "isSynthetic": false,
        "validFrom": "2026-05-06",
        "sourceIdentifier": "osm-way-298428475"
      }
    },
    {
      "type": "Feature",
      "geometry": {
        "type": "Point",
        "coordinates": [
          34.4689174,
          31.5016269
        ]
      },
      "properties": {
        "id": "osm-damage-way-298428490",
        "featureType": "critical_infrastructure",
        "infrastructureType": "building_damage_assessment",
        "status": "osm_destroyed",
        "name": "Destroyed (OSM)",
        "responsibleOrganization": "OpenStreetMap contributors",
        "isSynthetic": false,
        "validFrom": "2026-05-06",
        "sourceIdentifier": "osm-way-298428490"
      }
    },
    {
      "type": "Feature",
      "geometry": {
        "type": "Point",
        "coordinates": [
          34.4735888,
          31.5028805
        ]
      },
      "properties": {
        "id": "osm-damage-way-298437040",
        "featureType": "critical_infrastructure",
        "infrastructureType": "building_damage_assessment",
        "status": "osm_destroyed",
        "name": "Destroyed (OSM)",
        "responsibleOrganization": "OpenStreetMap contributors",
        "isSynthetic": false,
        "validFrom": "2026-05-06",
        "sourceIdentifier": "osm-way-298437040"
      }
    },
    {
      "type": "Feature",
      "geometry": {
        "type": "Point",
        "coordinates": [
          34.4734371,
          31.5029768
        ]
      },
      "properties": {
        "id": "osm-damage-way-298437070",
        "featureType": "critical_infrastructure",
        "infrastructureType": "building_damage_assessment",
        "status": "osm_destroyed",
        "name": "Destroyed (OSM)",
        "responsibleOrganization": "OpenStreetMap contributors",
        "isSynthetic": false,
        "validFrom": "2026-05-06",
        "sourceIdentifier": "osm-way-298437070"
      }
    },
    {
      "type": "Feature",
      "geometry": {
        "type": "Point",
        "coordinates": [
          34.4684178,
          31.5020545
        ]
      },
      "properties": {
        "id": "osm-damage-way-298437120",
        "featureType": "critical_infrastructure",
        "infrastructureType": "building_damage_assessment",
        "status": "osm_destroyed",
        "name": "Destroyed (OSM)",
        "responsibleOrganization": "OpenStreetMap contributors",
        "isSynthetic": false,
        "validFrom": "2026-05-06",
        "sourceIdentifier": "osm-way-298437120"
      }
    },
    {
      "type": "Feature",
      "geometry": {
        "type": "Point",
        "coordinates": [
          34.473995,
          31.5031392
        ]
      },
      "properties": {
        "id": "osm-damage-way-298443433",
        "featureType": "critical_infrastructure",
        "infrastructureType": "building_damage_assessment",
        "status": "osm_destroyed",
        "name": "Destroyed (OSM)",
        "responsibleOrganization": "OpenStreetMap contributors",
        "isSynthetic": false,
        "validFrom": "2026-05-06",
        "sourceIdentifier": "osm-way-298443433"
      }
    },
    {
      "type": "Feature",
      "geometry": {
        "type": "Point",
        "coordinates": [
          34.4736951,
          31.5033089
        ]
      },
      "properties": {
        "id": "osm-damage-way-298443435",
        "featureType": "critical_infrastructure",
        "infrastructureType": "building_damage_assessment",
        "status": "osm_destroyed",
        "name": "Destroyed (OSM)",
        "responsibleOrganization": "OpenStreetMap contributors",
        "isSynthetic": false,
        "validFrom": "2026-05-06",
        "sourceIdentifier": "osm-way-298443435"
      }
    },
    {
      "type": "Feature",
      "geometry": {
        "type": "Point",
        "coordinates": [
          34.4737104,
          31.5031348
        ]
      },
      "properties": {
        "id": "osm-damage-way-298443440",
        "featureType": "critical_infrastructure",
        "infrastructureType": "building_damage_assessment",
        "status": "osm_destroyed",
        "name": "Destroyed (OSM)",
        "responsibleOrganization": "OpenStreetMap contributors",
        "isSynthetic": false,
        "validFrom": "2026-05-06",
        "sourceIdentifier": "osm-way-298443440"
      }
    },
    {
      "type": "Feature",
      "geometry": {
        "type": "Point",
        "coordinates": [
          34.4746406,
          31.5030971
        ]
      },
      "properties": {
        "id": "osm-damage-way-298443458",
        "featureType": "critical_infrastructure",
        "infrastructureType": "building_damage_assessment",
        "status": "osm_destroyed",
        "name": "Destroyed (OSM)",
        "responsibleOrganization": "OpenStreetMap contributors",
        "isSynthetic": false,
        "validFrom": "2026-05-06",
        "sourceIdentifier": "osm-way-298443458"
      }
    },
    {
      "type": "Feature",
      "geometry": {
        "type": "Point",
        "coordinates": [
          34.4748091,
          31.503011
        ]
      },
      "properties": {
        "id": "osm-damage-way-298443460",
        "featureType": "critical_infrastructure",
        "infrastructureType": "building_damage_assessment",
        "status": "osm_destroyed",
        "name": "Destroyed (OSM)",
        "responsibleOrganization": "OpenStreetMap contributors",
        "isSynthetic": false,
        "validFrom": "2026-05-06",
        "sourceIdentifier": "osm-way-298443460"
      }
    },
    {
      "type": "Feature",
      "geometry": {
        "type": "Point",
        "coordinates": [
          34.4746016,
          31.5032468
        ]
      },
      "properties": {
        "id": "osm-damage-way-298443467",
        "featureType": "critical_infrastructure",
        "infrastructureType": "building_damage_assessment",
        "status": "osm_destroyed",
        "name": "Destroyed (OSM)",
        "responsibleOrganization": "OpenStreetMap contributors",
        "isSynthetic": false,
        "validFrom": "2026-05-06",
        "sourceIdentifier": "osm-way-298443467"
      }
    },
    {
      "type": "Feature",
      "geometry": {
        "type": "Point",
        "coordinates": [
          34.4747193,
          31.502872
        ]
      },
      "properties": {
        "id": "osm-damage-way-298443470",
        "featureType": "critical_infrastructure",
        "infrastructureType": "building_damage_assessment",
        "status": "osm_destroyed",
        "name": "Destroyed (OSM)",
        "responsibleOrganization": "OpenStreetMap contributors",
        "isSynthetic": false,
        "validFrom": "2026-05-06",
        "sourceIdentifier": "osm-way-298443470"
      }
    },
    {
      "type": "Feature",
      "geometry": {
        "type": "Point",
        "coordinates": [
          34.4747002,
          31.5032133
        ]
      },
      "properties": {
        "id": "osm-damage-way-298443476",
        "featureType": "critical_infrastructure",
        "infrastructureType": "building_damage_assessment",
        "status": "osm_destroyed",
        "name": "Destroyed (OSM)",
        "responsibleOrganization": "OpenStreetMap contributors",
        "isSynthetic": false,
        "validFrom": "2026-05-06",
        "sourceIdentifier": "osm-way-298443476"
      }
    },
    {
      "type": "Feature",
      "geometry": {
        "type": "Point",
        "coordinates": [
          34.474599,
          31.5027562
        ]
      },
      "properties": {
        "id": "osm-damage-way-298443477",
        "featureType": "critical_infrastructure",
        "infrastructureType": "building_damage_assessment",
        "status": "osm_destroyed",
        "name": "Destroyed (OSM)",
        "responsibleOrganization": "OpenStreetMap contributors",
        "isSynthetic": false,
        "validFrom": "2026-05-06",
        "sourceIdentifier": "osm-way-298443477"
      }
    },
    {
      "type": "Feature",
      "geometry": {
        "type": "Point",
        "coordinates": [
          34.4743766,
          31.5033264
        ]
      },
      "properties": {
        "id": "osm-damage-way-298443480",
        "featureType": "critical_infrastructure",
        "infrastructureType": "building_damage_assessment",
        "status": "osm_destroyed",
        "name": "Destroyed (OSM)",
        "responsibleOrganization": "OpenStreetMap contributors",
        "isSynthetic": false,
        "validFrom": "2026-05-06",
        "sourceIdentifier": "osm-way-298443480"
      }
    },
    {
      "type": "Feature",
      "geometry": {
        "type": "Point",
        "coordinates": [
          34.4739285,
          31.5030336
        ]
      },
      "properties": {
        "id": "osm-damage-way-298443481",
        "featureType": "critical_infrastructure",
        "infrastructureType": "building_damage_assessment",
        "status": "osm_destroyed",
        "name": "Destroyed (OSM)",
        "responsibleOrganization": "OpenStreetMap contributors",
        "isSynthetic": false,
        "validFrom": "2026-05-06",
        "sourceIdentifier": "osm-way-298443481"
      }
    },
    {
      "type": "Feature",
      "geometry": {
        "type": "Point",
        "coordinates": [
          34.4744972,
          31.5029663
        ]
      },
      "properties": {
        "id": "osm-damage-way-298443483",
        "featureType": "critical_infrastructure",
        "infrastructureType": "building_damage_assessment",
        "status": "osm_destroyed",
        "name": "Destroyed (OSM)",
        "responsibleOrganization": "OpenStreetMap contributors",
        "isSynthetic": false,
        "validFrom": "2026-05-06",
        "sourceIdentifier": "osm-way-298443483"
      }
    },
    {
      "type": "Feature",
      "geometry": {
        "type": "Point",
        "coordinates": [
          34.4741683,
          31.5034591
        ]
      },
      "properties": {
        "id": "osm-damage-way-298443489",
        "featureType": "critical_infrastructure",
        "infrastructureType": "building_damage_assessment",
        "status": "osm_destroyed",
        "name": "Destroyed (OSM)",
        "responsibleOrganization": "OpenStreetMap contributors",
        "isSynthetic": false,
        "validFrom": "2026-05-06",
        "sourceIdentifier": "osm-way-298443489"
      }
    },
    {
      "type": "Feature",
      "geometry": {
        "type": "Point",
        "coordinates": [
          34.4748482,
          31.5028445
        ]
      },
      "properties": {
        "id": "osm-damage-way-298443491",
        "featureType": "critical_infrastructure",
        "infrastructureType": "building_damage_assessment",
        "status": "osm_destroyed",
        "name": "Destroyed (OSM)",
        "responsibleOrganization": "OpenStreetMap contributors",
        "isSynthetic": false,
        "validFrom": "2026-05-06",
        "sourceIdentifier": "osm-way-298443491"
      }
    },
    {
      "type": "Feature",
      "geometry": {
        "type": "Point",
        "coordinates": [
          34.4743316,
          31.5028663
        ]
      },
      "properties": {
        "id": "osm-damage-way-298443494",
        "featureType": "critical_infrastructure",
        "infrastructureType": "building_damage_assessment",
        "status": "osm_destroyed",
        "name": "Destroyed (OSM)",
        "responsibleOrganization": "OpenStreetMap contributors",
        "isSynthetic": false,
        "validFrom": "2026-05-06",
        "sourceIdentifier": "osm-way-298443494"
      }
    },
    {
      "type": "Feature",
      "geometry": {
        "type": "Point",
        "coordinates": [
          34.4747777,
          31.5031557
        ]
      },
      "properties": {
        "id": "osm-damage-way-298443497",
        "featureType": "critical_infrastructure",
        "infrastructureType": "building_damage_assessment",
        "status": "osm_destroyed",
        "name": "Destroyed (OSM)",
        "responsibleOrganization": "OpenStreetMap contributors",
        "isSynthetic": false,
        "validFrom": "2026-05-06",
        "sourceIdentifier": "osm-way-298443497"
      }
    },
    {
      "type": "Feature",
      "geometry": {
        "type": "Point",
        "coordinates": [
          34.474461,
          31.5032651
        ]
      },
      "properties": {
        "id": "osm-damage-way-298443499",
        "featureType": "critical_infrastructure",
        "infrastructureType": "building_damage_assessment",
        "status": "osm_destroyed",
        "name": "Destroyed (OSM)",
        "responsibleOrganization": "OpenStreetMap contributors",
        "isSynthetic": false,
        "validFrom": "2026-05-06",
        "sourceIdentifier": "osm-way-298443499"
      }
    },
    {
      "type": "Feature",
      "geometry": {
        "type": "Point",
        "coordinates": [
          34.4740832,
          31.5033329
        ]
      },
      "properties": {
        "id": "osm-damage-way-298443504",
        "featureType": "critical_infrastructure",
        "infrastructureType": "building_damage_assessment",
        "status": "osm_destroyed",
        "name": "Destroyed (OSM)",
        "responsibleOrganization": "OpenStreetMap contributors",
        "isSynthetic": false,
        "validFrom": "2026-05-06",
        "sourceIdentifier": "osm-way-298443504"
      }
    },
    {
      "type": "Feature",
      "geometry": {
        "type": "Point",
        "coordinates": [
          34.4750254,
          31.5030791
        ]
      },
      "properties": {
        "id": "osm-damage-way-298443507",
        "featureType": "critical_infrastructure",
        "infrastructureType": "building_damage_assessment",
        "status": "osm_destroyed",
        "name": "Destroyed (OSM)",
        "responsibleOrganization": "OpenStreetMap contributors",
        "isSynthetic": false,
        "validFrom": "2026-05-06",
        "sourceIdentifier": "osm-way-298443507"
      }
    },
    {
      "type": "Feature",
      "geometry": {
        "type": "Point",
        "coordinates": [
          34.4744547,
          31.5028117
        ]
      },
      "properties": {
        "id": "osm-damage-way-298443508",
        "featureType": "critical_infrastructure",
        "infrastructureType": "building_damage_assessment",
        "status": "osm_destroyed",
        "name": "Destroyed (OSM)",
        "responsibleOrganization": "OpenStreetMap contributors",
        "isSynthetic": false,
        "validFrom": "2026-05-06",
        "sourceIdentifier": "osm-way-298443508"
      }
    },
    {
      "type": "Feature",
      "geometry": {
        "type": "Point",
        "coordinates": [
          34.4745144,
          31.5031642
        ]
      },
      "properties": {
        "id": "osm-damage-way-298443510",
        "featureType": "critical_infrastructure",
        "infrastructureType": "building_damage_assessment",
        "status": "osm_destroyed",
        "name": "Destroyed (OSM)",
        "responsibleOrganization": "OpenStreetMap contributors",
        "isSynthetic": false,
        "validFrom": "2026-05-06",
        "sourceIdentifier": "osm-way-298443510"
      }
    },
    {
      "type": "Feature",
      "geometry": {
        "type": "Point",
        "coordinates": [
          34.4738665,
          31.5033197
        ]
      },
      "properties": {
        "id": "osm-damage-way-298443511",
        "featureType": "critical_infrastructure",
        "infrastructureType": "building_damage_assessment",
        "status": "osm_destroyed",
        "name": "Destroyed (OSM)",
        "responsibleOrganization": "OpenStreetMap contributors",
        "isSynthetic": false,
        "validFrom": "2026-05-06",
        "sourceIdentifier": "osm-way-298443511"
      }
    },
    {
      "type": "Feature",
      "geometry": {
        "type": "Point",
        "coordinates": [
          34.4748915,
          31.5031362
        ]
      },
      "properties": {
        "id": "osm-damage-way-298443518",
        "featureType": "critical_infrastructure",
        "infrastructureType": "building_damage_assessment",
        "status": "osm_destroyed",
        "name": "Destroyed (OSM)",
        "responsibleOrganization": "OpenStreetMap contributors",
        "isSynthetic": false,
        "validFrom": "2026-05-06",
        "sourceIdentifier": "osm-way-298443518"
      }
    },
    {
      "type": "Feature",
      "geometry": {
        "type": "Point",
        "coordinates": [
          34.4738253,
          31.5035715
        ]
      },
      "properties": {
        "id": "osm-damage-way-298443519",
        "featureType": "critical_infrastructure",
        "infrastructureType": "building_damage_assessment",
        "status": "osm_destroyed",
        "name": "Destroyed (OSM)",
        "responsibleOrganization": "OpenStreetMap contributors",
        "isSynthetic": false,
        "validFrom": "2026-05-06",
        "sourceIdentifier": "osm-way-298443519"
      }
    },
    {
      "type": "Feature",
      "geometry": {
        "type": "Point",
        "coordinates": [
          34.4739867,
          31.5035245
        ]
      },
      "properties": {
        "id": "osm-damage-way-298443525",
        "featureType": "critical_infrastructure",
        "infrastructureType": "building_damage_assessment",
        "status": "osm_destroyed",
        "name": "Destroyed (OSM)",
        "responsibleOrganization": "OpenStreetMap contributors",
        "isSynthetic": false,
        "validFrom": "2026-05-06",
        "sourceIdentifier": "osm-way-298443525"
      }
    },
    {
      "type": "Feature",
      "geometry": {
        "type": "Point",
        "coordinates": [
          34.4742317,
          31.5030814
        ]
      },
      "properties": {
        "id": "osm-damage-way-298443526",
        "featureType": "critical_infrastructure",
        "infrastructureType": "building_damage_assessment",
        "status": "osm_destroyed",
        "name": "Destroyed (OSM)",
        "responsibleOrganization": "OpenStreetMap contributors",
        "isSynthetic": false,
        "validFrom": "2026-05-06",
        "sourceIdentifier": "osm-way-298443526"
      }
    },
    {
      "type": "Feature",
      "geometry": {
        "type": "Point",
        "coordinates": [
          34.4743823,
          31.5030175
        ]
      },
      "properties": {
        "id": "osm-damage-way-298443532",
        "featureType": "critical_infrastructure",
        "infrastructureType": "building_damage_assessment",
        "status": "osm_destroyed",
        "name": "Destroyed (OSM)",
        "responsibleOrganization": "OpenStreetMap contributors",
        "isSynthetic": false,
        "validFrom": "2026-05-06",
        "sourceIdentifier": "osm-way-298443532"
      }
    },
    {
      "type": "Feature",
      "geometry": {
        "type": "Point",
        "coordinates": [
          34.4741528,
          31.5029364
        ]
      },
      "properties": {
        "id": "osm-damage-way-298443536",
        "featureType": "critical_infrastructure",
        "infrastructureType": "building_damage_assessment",
        "status": "osm_destroyed",
        "name": "Destroyed (OSM)",
        "responsibleOrganization": "OpenStreetMap contributors",
        "isSynthetic": false,
        "validFrom": "2026-05-06",
        "sourceIdentifier": "osm-way-298443536"
      }
    },
    {
      "type": "Feature",
      "geometry": {
        "type": "Point",
        "coordinates": [
          34.4735819,
          31.5032023
        ]
      },
      "properties": {
        "id": "osm-damage-way-298443539",
        "featureType": "critical_infrastructure",
        "infrastructureType": "building_damage_assessment",
        "status": "osm_destroyed",
        "name": "Destroyed (OSM)",
        "responsibleOrganization": "OpenStreetMap contributors",
        "isSynthetic": false,
        "validFrom": "2026-05-06",
        "sourceIdentifier": "osm-way-298443539"
      }
    },
    {
      "type": "Feature",
      "geometry": {
        "type": "Point",
        "coordinates": [
          34.4402428,
          31.4851825
        ]
      },
      "properties": {
        "id": "osm-damage-way-298456521",
        "featureType": "critical_infrastructure",
        "infrastructureType": "building_damage_assessment",
        "status": "osm_destroyed",
        "name": "Destroyed (OSM)",
        "responsibleOrganization": "OpenStreetMap contributors",
        "isSynthetic": false,
        "validFrom": "2026-05-06",
        "sourceIdentifier": "osm-way-298456521"
      }
    },
    {
      "type": "Feature",
      "geometry": {
        "type": "Point",
        "coordinates": [
          34.4416708,
          31.486385
        ]
      },
      "properties": {
        "id": "osm-damage-way-298456528",
        "featureType": "critical_infrastructure",
        "infrastructureType": "building_damage_assessment",
        "status": "osm_destroyed",
        "name": "Destroyed (OSM)",
        "responsibleOrganization": "OpenStreetMap contributors",
        "isSynthetic": false,
        "validFrom": "2026-05-06",
        "sourceIdentifier": "osm-way-298456528"
      }
    },
    {
      "type": "Feature",
      "geometry": {
        "type": "Point",
        "coordinates": [
          34.4409869,
          31.4870316
        ]
      },
      "properties": {
        "id": "osm-damage-way-298456575",
        "featureType": "critical_infrastructure",
        "infrastructureType": "building_damage_assessment",
        "status": "osm_destroyed",
        "name": "Destroyed (OSM)",
        "responsibleOrganization": "OpenStreetMap contributors",
        "isSynthetic": false,
        "validFrom": "2026-05-06",
        "sourceIdentifier": "osm-way-298456575"
      }
    },
    {
      "type": "Feature",
      "geometry": {
        "type": "Point",
        "coordinates": [
          34.4420148,
          31.4866838
        ]
      },
      "properties": {
        "id": "osm-damage-way-298456588",
        "featureType": "critical_infrastructure",
        "infrastructureType": "building_damage_assessment",
        "status": "osm_destroyed",
        "name": "Destroyed (OSM)",
        "responsibleOrganization": "OpenStreetMap contributors",
        "isSynthetic": false,
        "validFrom": "2026-05-06",
        "sourceIdentifier": "osm-way-298456588"
      }
    },
    {
      "type": "Feature",
      "geometry": {
        "type": "Point",
        "coordinates": [
          34.4419558,
          31.4858561
        ]
      },
      "properties": {
        "id": "osm-damage-way-298456642",
        "featureType": "critical_infrastructure",
        "infrastructureType": "building_damage_assessment",
        "status": "osm_destroyed",
        "name": "Destroyed (OSM)",
        "responsibleOrganization": "OpenStreetMap contributors",
        "isSynthetic": false,
        "validFrom": "2026-05-06",
        "sourceIdentifier": "osm-way-298456642"
      }
    },
    {
      "type": "Feature",
      "geometry": {
        "type": "Point",
        "coordinates": [
          34.4413708,
          31.4872692
        ]
      },
      "properties": {
        "id": "osm-damage-way-298456718",
        "featureType": "critical_infrastructure",
        "infrastructureType": "building_damage_assessment",
        "status": "osm_destroyed",
        "name": "Destroyed (OSM)",
        "responsibleOrganization": "OpenStreetMap contributors",
        "isSynthetic": false,
        "validFrom": "2026-05-06",
        "sourceIdentifier": "osm-way-298456718"
      }
    },
    {
      "type": "Feature",
      "geometry": {
        "type": "Point",
        "coordinates": [
          34.4525415,
          31.5381191
        ]
      },
      "properties": {
        "id": "osm-damage-way-298694223",
        "featureType": "critical_infrastructure",
        "infrastructureType": "building_damage_assessment",
        "status": "osm_damaged",
        "name": "Damaged (OSM)",
        "responsibleOrganization": "OpenStreetMap contributors",
        "isSynthetic": false,
        "validFrom": "2026-05-06",
        "sourceIdentifier": "osm-way-298694223"
      }
    },
    {
      "type": "Feature",
      "geometry": {
        "type": "Point",
        "coordinates": [
          34.4521308,
          31.5380268
        ]
      },
      "properties": {
        "id": "osm-damage-way-298694224",
        "featureType": "critical_infrastructure",
        "infrastructureType": "building_damage_assessment",
        "status": "osm_damaged",
        "name": "Damaged (OSM)",
        "responsibleOrganization": "OpenStreetMap contributors",
        "isSynthetic": false,
        "validFrom": "2026-05-06",
        "sourceIdentifier": "osm-way-298694224"
      }
    },
    {
      "type": "Feature",
      "geometry": {
        "type": "Point",
        "coordinates": [
          34.4523996,
          31.5385869
        ]
      },
      "properties": {
        "id": "osm-damage-way-298694225",
        "featureType": "critical_infrastructure",
        "infrastructureType": "building_damage_assessment",
        "status": "osm_damaged",
        "name": "Damaged (OSM)",
        "responsibleOrganization": "OpenStreetMap contributors",
        "isSynthetic": false,
        "validFrom": "2026-05-06",
        "sourceIdentifier": "osm-way-298694225"
      }
    },
    {
      "type": "Feature",
      "geometry": {
        "type": "Point",
        "coordinates": [
          34.4513506,
          31.5382991
        ]
      },
      "properties": {
        "id": "osm-damage-way-298694227",
        "featureType": "critical_infrastructure",
        "infrastructureType": "building_damage_assessment",
        "status": "osm_damaged",
        "name": "Damaged (OSM)",
        "responsibleOrganization": "OpenStreetMap contributors",
        "isSynthetic": false,
        "validFrom": "2026-05-06",
        "sourceIdentifier": "osm-way-298694227"
      }
    },
    {
      "type": "Feature",
      "geometry": {
        "type": "Point",
        "coordinates": [
          34.4511308,
          31.5386708
        ]
      },
      "properties": {
        "id": "osm-damage-way-298694228",
        "featureType": "critical_infrastructure",
        "infrastructureType": "building_damage_assessment",
        "status": "osm_damaged",
        "name": "Damaged (OSM)",
        "responsibleOrganization": "OpenStreetMap contributors",
        "isSynthetic": false,
        "validFrom": "2026-05-06",
        "sourceIdentifier": "osm-way-298694228"
      }
    },
    {
      "type": "Feature",
      "geometry": {
        "type": "Point",
        "coordinates": [
          34.4516617,
          31.5385104
        ]
      },
      "properties": {
        "id": "osm-damage-way-298694232",
        "featureType": "critical_infrastructure",
        "infrastructureType": "building_damage_assessment",
        "status": "osm_damaged",
        "name": "Damaged (OSM)",
        "responsibleOrganization": "OpenStreetMap contributors",
        "isSynthetic": false,
        "validFrom": "2026-05-06",
        "sourceIdentifier": "osm-way-298694232"
      }
    },
    {
      "type": "Feature",
      "geometry": {
        "type": "Point",
        "coordinates": [
          34.4518195,
          31.5380731
        ]
      },
      "properties": {
        "id": "osm-damage-way-298694233",
        "featureType": "critical_infrastructure",
        "infrastructureType": "building_damage_assessment",
        "status": "osm_damaged",
        "name": "Damaged (OSM)",
        "responsibleOrganization": "OpenStreetMap contributors",
        "isSynthetic": false,
        "validFrom": "2026-05-06",
        "sourceIdentifier": "osm-way-298694233"
      }
    },
    {
      "type": "Feature",
      "geometry": {
        "type": "Point",
        "coordinates": [
          34.4510128,
          31.5386194
        ]
      },
      "properties": {
        "id": "osm-damage-way-298694234",
        "featureType": "critical_infrastructure",
        "infrastructureType": "building_damage_assessment",
        "status": "osm_damaged",
        "name": "Damaged (OSM)",
        "responsibleOrganization": "OpenStreetMap contributors",
        "isSynthetic": false,
        "validFrom": "2026-05-06",
        "sourceIdentifier": "osm-way-298694234"
      }
    },
    {
      "type": "Feature",
      "geometry": {
        "type": "Point",
        "coordinates": [
          34.4526486,
          31.5380233
        ]
      },
      "properties": {
        "id": "osm-damage-way-298694235",
        "featureType": "critical_infrastructure",
        "infrastructureType": "building_damage_assessment",
        "status": "osm_damaged",
        "name": "Damaged (OSM)",
        "responsibleOrganization": "OpenStreetMap contributors",
        "isSynthetic": false,
        "validFrom": "2026-05-06",
        "sourceIdentifier": "osm-way-298694235"
      }
    },
    {
      "type": "Feature",
      "geometry": {
        "type": "Point",
        "coordinates": [
          34.4522338,
          31.5379697
        ]
      },
      "properties": {
        "id": "osm-damage-way-298694240",
        "featureType": "critical_infrastructure",
        "infrastructureType": "building_damage_assessment",
        "status": "osm_damaged",
        "name": "Damaged (OSM)",
        "responsibleOrganization": "OpenStreetMap contributors",
        "isSynthetic": false,
        "validFrom": "2026-05-06",
        "sourceIdentifier": "osm-way-298694240"
      }
    },
    {
      "type": "Feature",
      "geometry": {
        "type": "Point",
        "coordinates": [
          34.4516744,
          31.538221
        ]
      },
      "properties": {
        "id": "osm-damage-way-298694243",
        "featureType": "critical_infrastructure",
        "infrastructureType": "building_damage_assessment",
        "status": "osm_damaged",
        "name": "Damaged (OSM)",
        "responsibleOrganization": "OpenStreetMap contributors",
        "isSynthetic": false,
        "validFrom": "2026-05-06",
        "sourceIdentifier": "osm-way-298694243"
      }
    },
    {
      "type": "Feature",
      "geometry": {
        "type": "Point",
        "coordinates": [
          34.4520945,
          31.5379041
        ]
      },
      "properties": {
        "id": "osm-damage-way-298694246",
        "featureType": "critical_infrastructure",
        "infrastructureType": "building_damage_assessment",
        "status": "osm_damaged",
        "name": "Damaged (OSM)",
        "responsibleOrganization": "OpenStreetMap contributors",
        "isSynthetic": false,
        "validFrom": "2026-05-06",
        "sourceIdentifier": "osm-way-298694246"
      }
    },
    {
      "type": "Feature",
      "geometry": {
        "type": "Point",
        "coordinates": [
          34.4521872,
          31.5382642
        ]
      },
      "properties": {
        "id": "osm-damage-way-298694247",
        "featureType": "critical_infrastructure",
        "infrastructureType": "building_damage_assessment",
        "status": "osm_damaged",
        "name": "Damaged (OSM)",
        "responsibleOrganization": "OpenStreetMap contributors",
        "isSynthetic": false,
        "validFrom": "2026-05-06",
        "sourceIdentifier": "osm-way-298694247"
      }
    },
    {
      "type": "Feature",
      "geometry": {
        "type": "Point",
        "coordinates": [
          34.4522564,
          31.5381151
        ]
      },
      "properties": {
        "id": "osm-damage-way-298694250",
        "featureType": "critical_infrastructure",
        "infrastructureType": "building_damage_assessment",
        "status": "osm_damaged",
        "name": "Damaged (OSM)",
        "responsibleOrganization": "OpenStreetMap contributors",
        "isSynthetic": false,
        "validFrom": "2026-05-06",
        "sourceIdentifier": "osm-way-298694250"
      }
    },
    {
      "type": "Feature",
      "geometry": {
        "type": "Point",
        "coordinates": [
          34.4525502,
          31.5384683
        ]
      },
      "properties": {
        "id": "osm-damage-way-298694253",
        "featureType": "critical_infrastructure",
        "infrastructureType": "building_damage_assessment",
        "status": "osm_damaged",
        "name": "Damaged (OSM)",
        "responsibleOrganization": "OpenStreetMap contributors",
        "isSynthetic": false,
        "validFrom": "2026-05-06",
        "sourceIdentifier": "osm-way-298694253"
      }
    },
    {
      "type": "Feature",
      "geometry": {
        "type": "Point",
        "coordinates": [
          34.4511909,
          31.5384304
        ]
      },
      "properties": {
        "id": "osm-damage-way-298694254",
        "featureType": "critical_infrastructure",
        "infrastructureType": "building_damage_assessment",
        "status": "osm_damaged",
        "name": "Damaged (OSM)",
        "responsibleOrganization": "OpenStreetMap contributors",
        "isSynthetic": false,
        "validFrom": "2026-05-06",
        "sourceIdentifier": "osm-way-298694254"
      }
    },
    {
      "type": "Feature",
      "geometry": {
        "type": "Point",
        "coordinates": [
          34.452149,
          31.5386087
        ]
      },
      "properties": {
        "id": "osm-damage-way-298694255",
        "featureType": "critical_infrastructure",
        "infrastructureType": "building_damage_assessment",
        "status": "osm_damaged",
        "name": "Damaged (OSM)",
        "responsibleOrganization": "OpenStreetMap contributors",
        "isSynthetic": false,
        "validFrom": "2026-05-06",
        "sourceIdentifier": "osm-way-298694255"
      }
    },
    {
      "type": "Feature",
      "geometry": {
        "type": "Point",
        "coordinates": [
          34.4516718,
          31.5381136
        ]
      },
      "properties": {
        "id": "osm-damage-way-298694256",
        "featureType": "critical_infrastructure",
        "infrastructureType": "building_damage_assessment",
        "status": "osm_damaged",
        "name": "Damaged (OSM)",
        "responsibleOrganization": "OpenStreetMap contributors",
        "isSynthetic": false,
        "validFrom": "2026-05-06",
        "sourceIdentifier": "osm-way-298694256"
      }
    },
    {
      "type": "Feature",
      "geometry": {
        "type": "Point",
        "coordinates": [
          34.4522721,
          31.5385225
        ]
      },
      "properties": {
        "id": "osm-damage-way-298694260",
        "featureType": "critical_infrastructure",
        "infrastructureType": "building_damage_assessment",
        "status": "osm_damaged",
        "name": "Damaged (OSM)",
        "responsibleOrganization": "OpenStreetMap contributors",
        "isSynthetic": false,
        "validFrom": "2026-05-06",
        "sourceIdentifier": "osm-way-298694260"
      }
    },
    {
      "type": "Feature",
      "geometry": {
        "type": "Point",
        "coordinates": [
          34.4528343,
          31.5382383
        ]
      },
      "properties": {
        "id": "osm-damage-way-298694261",
        "featureType": "critical_infrastructure",
        "infrastructureType": "building_damage_assessment",
        "status": "osm_damaged",
        "name": "Damaged (OSM)",
        "responsibleOrganization": "OpenStreetMap contributors",
        "isSynthetic": false,
        "validFrom": "2026-05-06",
        "sourceIdentifier": "osm-way-298694261"
      }
    },
    {
      "type": "Feature",
      "geometry": {
        "type": "Point",
        "coordinates": [
          34.4520194,
          31.538127
        ]
      },
      "properties": {
        "id": "osm-damage-way-298694262",
        "featureType": "critical_infrastructure",
        "infrastructureType": "building_damage_assessment",
        "status": "osm_damaged",
        "name": "Damaged (OSM)",
        "responsibleOrganization": "OpenStreetMap contributors",
        "isSynthetic": false,
        "validFrom": "2026-05-06",
        "sourceIdentifier": "osm-way-298694262"
      }
    },
    {
      "type": "Feature",
      "geometry": {
        "type": "Point",
        "coordinates": [
          34.4520492,
          31.5385108
        ]
      },
      "properties": {
        "id": "osm-damage-way-298694263",
        "featureType": "critical_infrastructure",
        "infrastructureType": "building_damage_assessment",
        "status": "osm_damaged",
        "name": "Damaged (OSM)",
        "responsibleOrganization": "OpenStreetMap contributors",
        "isSynthetic": false,
        "validFrom": "2026-05-06",
        "sourceIdentifier": "osm-way-298694263"
      }
    },
    {
      "type": "Feature",
      "geometry": {
        "type": "Point",
        "coordinates": [
          34.4524926,
          31.53784
        ]
      },
      "properties": {
        "id": "osm-damage-way-298694268",
        "featureType": "critical_infrastructure",
        "infrastructureType": "building_damage_assessment",
        "status": "osm_damaged",
        "name": "Damaged (OSM)",
        "responsibleOrganization": "OpenStreetMap contributors",
        "isSynthetic": false,
        "validFrom": "2026-05-06",
        "sourceIdentifier": "osm-way-298694268"
      }
    },
    {
      "type": "Feature",
      "geometry": {
        "type": "Point",
        "coordinates": [
          34.4511171,
          31.5384958
        ]
      },
      "properties": {
        "id": "osm-damage-way-298694271",
        "featureType": "critical_infrastructure",
        "infrastructureType": "building_damage_assessment",
        "status": "osm_damaged",
        "name": "Damaged (OSM)",
        "responsibleOrganization": "OpenStreetMap contributors",
        "isSynthetic": false,
        "validFrom": "2026-05-06",
        "sourceIdentifier": "osm-way-298694271"
      }
    },
    {
      "type": "Feature",
      "geometry": {
        "type": "Point",
        "coordinates": [
          34.4527129,
          31.5387191
        ]
      },
      "properties": {
        "id": "osm-damage-way-298694277",
        "featureType": "critical_infrastructure",
        "infrastructureType": "building_damage_assessment",
        "status": "osm_destroyed",
        "name": "Destroyed (OSM)",
        "responsibleOrganization": "OpenStreetMap contributors",
        "isSynthetic": false,
        "validFrom": "2026-05-06",
        "sourceIdentifier": "osm-way-298694277"
      }
    },
    {
      "type": "Feature",
      "geometry": {
        "type": "Point",
        "coordinates": [
          34.4524725,
          31.5385411
        ]
      },
      "properties": {
        "id": "osm-damage-way-298694278",
        "featureType": "critical_infrastructure",
        "infrastructureType": "building_damage_assessment",
        "status": "osm_damaged",
        "name": "Damaged (OSM)",
        "responsibleOrganization": "OpenStreetMap contributors",
        "isSynthetic": false,
        "validFrom": "2026-05-06",
        "sourceIdentifier": "osm-way-298694278"
      }
    },
    {
      "type": "Feature",
      "geometry": {
        "type": "Point",
        "coordinates": [
          34.451054,
          31.5385541
        ]
      },
      "properties": {
        "id": "osm-damage-way-298694281",
        "featureType": "critical_infrastructure",
        "infrastructureType": "building_damage_assessment",
        "status": "osm_damaged",
        "name": "Damaged (OSM)",
        "responsibleOrganization": "OpenStreetMap contributors",
        "isSynthetic": false,
        "validFrom": "2026-05-06",
        "sourceIdentifier": "osm-way-298694281"
      }
    },
    {
      "type": "Feature",
      "geometry": {
        "type": "Point",
        "coordinates": [
          34.4527716,
          31.5381158
        ]
      },
      "properties": {
        "id": "osm-damage-way-298694283",
        "featureType": "critical_infrastructure",
        "infrastructureType": "building_damage_assessment",
        "status": "osm_damaged",
        "name": "Damaged (OSM)",
        "responsibleOrganization": "OpenStreetMap contributors",
        "isSynthetic": false,
        "validFrom": "2026-05-06",
        "sourceIdentifier": "osm-way-298694283"
      }
    },
    {
      "type": "Feature",
      "geometry": {
        "type": "Point",
        "coordinates": [
          34.4514162,
          31.5382469
        ]
      },
      "properties": {
        "id": "osm-damage-way-298694284",
        "featureType": "critical_infrastructure",
        "infrastructureType": "building_damage_assessment",
        "status": "osm_damaged",
        "name": "Damaged (OSM)",
        "responsibleOrganization": "OpenStreetMap contributors",
        "isSynthetic": false,
        "validFrom": "2026-05-06",
        "sourceIdentifier": "osm-way-298694284"
      }
    },
    {
      "type": "Feature",
      "geometry": {
        "type": "Point",
        "coordinates": [
          34.4526118,
          31.5386079
        ]
      },
      "properties": {
        "id": "osm-damage-way-298694285",
        "featureType": "critical_infrastructure",
        "infrastructureType": "building_damage_assessment",
        "status": "osm_damaged",
        "name": "Damaged (OSM)",
        "responsibleOrganization": "OpenStreetMap contributors",
        "isSynthetic": false,
        "validFrom": "2026-05-06",
        "sourceIdentifier": "osm-way-298694285"
      }
    },
    {
      "type": "Feature",
      "geometry": {
        "type": "Point",
        "coordinates": [
          34.4519121,
          31.5386246
        ]
      },
      "properties": {
        "id": "osm-damage-way-298694289",
        "featureType": "critical_infrastructure",
        "infrastructureType": "building_damage_assessment",
        "status": "osm_damaged",
        "name": "Damaged (OSM)",
        "responsibleOrganization": "OpenStreetMap contributors",
        "isSynthetic": false,
        "validFrom": "2026-05-06",
        "sourceIdentifier": "osm-way-298694289"
      }
    },
    {
      "type": "Feature",
      "geometry": {
        "type": "Point",
        "coordinates": [
          34.4523523,
          31.5378736
        ]
      },
      "properties": {
        "id": "osm-damage-way-298694290",
        "featureType": "critical_infrastructure",
        "infrastructureType": "building_damage_assessment",
        "status": "osm_damaged",
        "name": "Damaged (OSM)",
        "responsibleOrganization": "OpenStreetMap contributors",
        "isSynthetic": false,
        "validFrom": "2026-05-06",
        "sourceIdentifier": "osm-way-298694290"
      }
    },
    {
      "type": "Feature",
      "geometry": {
        "type": "Point",
        "coordinates": [
          34.4512817,
          31.5386216
        ]
      },
      "properties": {
        "id": "osm-damage-way-298694292",
        "featureType": "critical_infrastructure",
        "infrastructureType": "building_damage_assessment",
        "status": "osm_damaged",
        "name": "Damaged (OSM)",
        "responsibleOrganization": "OpenStreetMap contributors",
        "isSynthetic": false,
        "validFrom": "2026-05-06",
        "sourceIdentifier": "osm-way-298694292"
      }
    },
    {
      "type": "Feature",
      "geometry": {
        "type": "Point",
        "coordinates": [
          34.4523511,
          31.5380725
        ]
      },
      "properties": {
        "id": "osm-damage-way-298694296",
        "featureType": "critical_infrastructure",
        "infrastructureType": "building_damage_assessment",
        "status": "osm_damaged",
        "name": "Damaged (OSM)",
        "responsibleOrganization": "OpenStreetMap contributors",
        "isSynthetic": false,
        "validFrom": "2026-05-06",
        "sourceIdentifier": "osm-way-298694296"
      }
    },
    {
      "type": "Feature",
      "geometry": {
        "type": "Point",
        "coordinates": [
          34.4524549,
          31.5381904
        ]
      },
      "properties": {
        "id": "osm-damage-way-298694299",
        "featureType": "critical_infrastructure",
        "infrastructureType": "building_damage_assessment",
        "status": "osm_damaged",
        "name": "Damaged (OSM)",
        "responsibleOrganization": "OpenStreetMap contributors",
        "isSynthetic": false,
        "validFrom": "2026-05-06",
        "sourceIdentifier": "osm-way-298694299"
      }
    },
    {
      "type": "Feature",
      "geometry": {
        "type": "Point",
        "coordinates": [
          34.4524687,
          31.5387233
        ]
      },
      "properties": {
        "id": "osm-damage-way-298694301",
        "featureType": "critical_infrastructure",
        "infrastructureType": "building_damage_assessment",
        "status": "osm_damaged",
        "name": "Damaged (OSM)",
        "responsibleOrganization": "OpenStreetMap contributors",
        "isSynthetic": false,
        "validFrom": "2026-05-06",
        "sourceIdentifier": "osm-way-298694301"
      }
    },
    {
      "type": "Feature",
      "geometry": {
        "type": "Point",
        "coordinates": [
          34.452386,
          31.5384287
        ]
      },
      "properties": {
        "id": "osm-damage-way-298694303",
        "featureType": "critical_infrastructure",
        "infrastructureType": "building_damage_assessment",
        "status": "osm_damaged",
        "name": "Damaged (OSM)",
        "responsibleOrganization": "OpenStreetMap contributors",
        "isSynthetic": false,
        "validFrom": "2026-05-06",
        "sourceIdentifier": "osm-way-298694303"
      }
    },
    {
      "type": "Feature",
      "geometry": {
        "type": "Point",
        "coordinates": [
          34.4527152,
          31.5383178
        ]
      },
      "properties": {
        "id": "osm-damage-way-298694304",
        "featureType": "critical_infrastructure",
        "infrastructureType": "building_damage_assessment",
        "status": "osm_damaged",
        "name": "Damaged (OSM)",
        "responsibleOrganization": "OpenStreetMap contributors",
        "isSynthetic": false,
        "validFrom": "2026-05-06",
        "sourceIdentifier": "osm-way-298694304"
      }
    },
    {
      "type": "Feature",
      "geometry": {
        "type": "Point",
        "coordinates": [
          34.4516242,
          31.5380588
        ]
      },
      "properties": {
        "id": "osm-damage-way-298694311",
        "featureType": "critical_infrastructure",
        "infrastructureType": "building_damage_assessment",
        "status": "osm_damaged",
        "name": "Damaged (OSM)",
        "responsibleOrganization": "OpenStreetMap contributors",
        "isSynthetic": false,
        "validFrom": "2026-05-06",
        "sourceIdentifier": "osm-way-298694311"
      }
    },
    {
      "type": "Feature",
      "geometry": {
        "type": "Point",
        "coordinates": [
          34.4526348,
          31.5384022
        ]
      },
      "properties": {
        "id": "osm-damage-way-298694312",
        "featureType": "critical_infrastructure",
        "infrastructureType": "building_damage_assessment",
        "status": "osm_damaged",
        "name": "Damaged (OSM)",
        "responsibleOrganization": "OpenStreetMap contributors",
        "isSynthetic": false,
        "validFrom": "2026-05-06",
        "sourceIdentifier": "osm-way-298694312"
      }
    },
    {
      "type": "Feature",
      "geometry": {
        "type": "Point",
        "coordinates": [
          34.4519084,
          31.5384121
        ]
      },
      "properties": {
        "id": "osm-damage-way-298694321",
        "featureType": "critical_infrastructure",
        "infrastructureType": "building_damage_assessment",
        "status": "osm_damaged",
        "name": "Damaged (OSM)",
        "responsibleOrganization": "OpenStreetMap contributors",
        "isSynthetic": false,
        "validFrom": "2026-05-06",
        "sourceIdentifier": "osm-way-298694321"
      }
    },
    {
      "type": "Feature",
      "geometry": {
        "type": "Point",
        "coordinates": [
          34.4519693,
          31.5378168
        ]
      },
      "properties": {
        "id": "osm-damage-way-298694324",
        "featureType": "critical_infrastructure",
        "infrastructureType": "building_damage_assessment",
        "status": "osm_damaged",
        "name": "Damaged (OSM)",
        "responsibleOrganization": "OpenStreetMap contributors",
        "isSynthetic": false,
        "validFrom": "2026-05-06",
        "sourceIdentifier": "osm-way-298694324"
      }
    },
    {
      "type": "Feature",
      "geometry": {
        "type": "Point",
        "coordinates": [
          34.4508962,
          31.5386668
        ]
      },
      "properties": {
        "id": "osm-damage-way-298694327",
        "featureType": "critical_infrastructure",
        "infrastructureType": "building_damage_assessment",
        "status": "osm_damaged",
        "name": "Damaged (OSM)",
        "responsibleOrganization": "OpenStreetMap contributors",
        "isSynthetic": false,
        "validFrom": "2026-05-06",
        "sourceIdentifier": "osm-way-298694327"
      }
    },
    {
      "type": "Feature",
      "geometry": {
        "type": "Point",
        "coordinates": [
          34.4527777,
          31.5384873
        ]
      },
      "properties": {
        "id": "osm-damage-way-298694328",
        "featureType": "critical_infrastructure",
        "infrastructureType": "building_damage_assessment",
        "status": "osm_damaged",
        "name": "Damaged (OSM)",
        "responsibleOrganization": "OpenStreetMap contributors",
        "isSynthetic": false,
        "validFrom": "2026-05-06",
        "sourceIdentifier": "osm-way-298694328"
      }
    },
    {
      "type": "Feature",
      "geometry": {
        "type": "Point",
        "coordinates": [
          34.4514892,
          31.5387504
        ]
      },
      "properties": {
        "id": "osm-damage-way-298694335",
        "featureType": "critical_infrastructure",
        "infrastructureType": "building_damage_assessment",
        "status": "osm_damaged",
        "name": "Damaged (OSM)",
        "responsibleOrganization": "OpenStreetMap contributors",
        "isSynthetic": false,
        "validFrom": "2026-05-06",
        "sourceIdentifier": "osm-way-298694335"
      }
    },
    {
      "type": "Feature",
      "geometry": {
        "type": "Point",
        "coordinates": [
          34.4514905,
          31.5383583
        ]
      },
      "properties": {
        "id": "osm-damage-way-298694340",
        "featureType": "critical_infrastructure",
        "infrastructureType": "building_damage_assessment",
        "status": "osm_damaged",
        "name": "Damaged (OSM)",
        "responsibleOrganization": "OpenStreetMap contributors",
        "isSynthetic": false,
        "validFrom": "2026-05-06",
        "sourceIdentifier": "osm-way-298694340"
      }
    },
    {
      "type": "Feature",
      "geometry": {
        "type": "Point",
        "coordinates": [
          34.4453776,
          31.4855771
        ]
      },
      "properties": {
        "id": "osm-damage-way-298972879",
        "featureType": "critical_infrastructure",
        "infrastructureType": "building_damage_assessment",
        "status": "osm_destroyed",
        "name": "Destroyed (OSM)",
        "responsibleOrganization": "OpenStreetMap contributors",
        "isSynthetic": false,
        "validFrom": "2026-05-06",
        "sourceIdentifier": "osm-way-298972879"
      }
    },
    {
      "type": "Feature",
      "geometry": {
        "type": "Point",
        "coordinates": [
          34.4452883,
          31.48544
        ]
      },
      "properties": {
        "id": "osm-damage-way-298972886",
        "featureType": "critical_infrastructure",
        "infrastructureType": "building_damage_assessment",
        "status": "osm_destroyed",
        "name": "Destroyed (OSM)",
        "responsibleOrganization": "OpenStreetMap contributors",
        "isSynthetic": false,
        "validFrom": "2026-05-06",
        "sourceIdentifier": "osm-way-298972886"
      }
    },
    {
      "type": "Feature",
      "geometry": {
        "type": "Point",
        "coordinates": [
          34.4458905,
          31.4852363
        ]
      },
      "properties": {
        "id": "osm-damage-way-298972895",
        "featureType": "critical_infrastructure",
        "infrastructureType": "building_damage_assessment",
        "status": "osm_destroyed",
        "name": "Destroyed (OSM)",
        "responsibleOrganization": "OpenStreetMap contributors",
        "isSynthetic": false,
        "validFrom": "2026-05-06",
        "sourceIdentifier": "osm-way-298972895"
      }
    },
    {
      "type": "Feature",
      "geometry": {
        "type": "Point",
        "coordinates": [
          34.4449877,
          31.4848911
        ]
      },
      "properties": {
        "id": "osm-damage-way-298972897",
        "featureType": "critical_infrastructure",
        "infrastructureType": "building_damage_assessment",
        "status": "osm_destroyed",
        "name": "Destroyed (OSM)",
        "responsibleOrganization": "OpenStreetMap contributors",
        "isSynthetic": false,
        "validFrom": "2026-05-06",
        "sourceIdentifier": "osm-way-298972897"
      }
    },
    {
      "type": "Feature",
      "geometry": {
        "type": "Point",
        "coordinates": [
          34.4426972,
          31.4867437
        ]
      },
      "properties": {
        "id": "osm-damage-way-298972898",
        "featureType": "critical_infrastructure",
        "infrastructureType": "building_damage_assessment",
        "status": "osm_destroyed",
        "name": "Destroyed (OSM)",
        "responsibleOrganization": "OpenStreetMap contributors",
        "isSynthetic": false,
        "validFrom": "2026-05-06",
        "sourceIdentifier": "osm-way-298972898"
      }
    },
    {
      "type": "Feature",
      "geometry": {
        "type": "Point",
        "coordinates": [
          34.4465272,
          31.4851911
        ]
      },
      "properties": {
        "id": "osm-damage-way-298972900",
        "featureType": "critical_infrastructure",
        "infrastructureType": "building_damage_assessment",
        "status": "osm_destroyed",
        "name": "Destroyed (OSM)",
        "responsibleOrganization": "OpenStreetMap contributors",
        "isSynthetic": false,
        "validFrom": "2026-05-06",
        "sourceIdentifier": "osm-way-298972900"
      }
    },
    {
      "type": "Feature",
      "geometry": {
        "type": "Point",
        "coordinates": [
          34.4433629,
          31.4856325
        ]
      },
      "properties": {
        "id": "osm-damage-way-298972905",
        "featureType": "critical_infrastructure",
        "infrastructureType": "building_damage_assessment",
        "status": "osm_destroyed",
        "name": "Destroyed (OSM)",
        "responsibleOrganization": "OpenStreetMap contributors",
        "isSynthetic": false,
        "validFrom": "2026-05-06",
        "sourceIdentifier": "osm-way-298972905"
      }
    },
    {
      "type": "Feature",
      "geometry": {
        "type": "Point",
        "coordinates": [
          34.4454054,
          31.4853175
        ]
      },
      "properties": {
        "id": "osm-damage-way-298972911",
        "featureType": "critical_infrastructure",
        "infrastructureType": "building_damage_assessment",
        "status": "osm_destroyed",
        "name": "Destroyed (OSM)",
        "responsibleOrganization": "OpenStreetMap contributors",
        "isSynthetic": false,
        "validFrom": "2026-05-06",
        "sourceIdentifier": "osm-way-298972911"
      }
    },
    {
      "type": "Feature",
      "geometry": {
        "type": "Point",
        "coordinates": [
          34.4428989,
          31.4853338
        ]
      },
      "properties": {
        "id": "osm-damage-way-298972913",
        "featureType": "critical_infrastructure",
        "infrastructureType": "building_damage_assessment",
        "status": "osm_destroyed",
        "name": "Destroyed (OSM)",
        "responsibleOrganization": "OpenStreetMap contributors",
        "isSynthetic": false,
        "validFrom": "2026-05-06",
        "sourceIdentifier": "osm-way-298972913"
      }
    },
    {
      "type": "Feature",
      "geometry": {
        "type": "Point",
        "coordinates": [
          34.4422158,
          31.4856324
        ]
      },
      "properties": {
        "id": "osm-damage-way-298972919",
        "featureType": "critical_infrastructure",
        "infrastructureType": "building_damage_assessment",
        "status": "osm_destroyed",
        "name": "Destroyed (OSM)",
        "responsibleOrganization": "OpenStreetMap contributors",
        "isSynthetic": false,
        "validFrom": "2026-05-06",
        "sourceIdentifier": "osm-way-298972919"
      }
    },
    {
      "type": "Feature",
      "geometry": {
        "type": "Point",
        "coordinates": [
          34.4443698,
          31.4853885
        ]
      },
      "properties": {
        "id": "osm-damage-way-298972920",
        "featureType": "critical_infrastructure",
        "infrastructureType": "building_damage_assessment",
        "status": "osm_destroyed",
        "name": "Destroyed (OSM)",
        "responsibleOrganization": "OpenStreetMap contributors",
        "isSynthetic": false,
        "validFrom": "2026-05-06",
        "sourceIdentifier": "osm-way-298972920"
      }
    },
    {
      "type": "Feature",
      "geometry": {
        "type": "Point",
        "coordinates": [
          34.4442387,
          31.4853083
        ]
      },
      "properties": {
        "id": "osm-damage-way-298972930",
        "featureType": "critical_infrastructure",
        "infrastructureType": "building_damage_assessment",
        "status": "osm_destroyed",
        "name": "Destroyed (OSM)",
        "responsibleOrganization": "OpenStreetMap contributors",
        "isSynthetic": false,
        "validFrom": "2026-05-06",
        "sourceIdentifier": "osm-way-298972930"
      }
    },
    {
      "type": "Feature",
      "geometry": {
        "type": "Point",
        "coordinates": [
          34.4463124,
          31.4853538
        ]
      },
      "properties": {
        "id": "osm-damage-way-298972935",
        "featureType": "critical_infrastructure",
        "infrastructureType": "building_damage_assessment",
        "status": "osm_destroyed",
        "name": "Destroyed (OSM)",
        "responsibleOrganization": "OpenStreetMap contributors",
        "isSynthetic": false,
        "validFrom": "2026-05-06",
        "sourceIdentifier": "osm-way-298972935"
      }
    },
    {
      "type": "Feature",
      "geometry": {
        "type": "Point",
        "coordinates": [
          34.4445477,
          31.4852352
        ]
      },
      "properties": {
        "id": "osm-damage-way-298972939",
        "featureType": "critical_infrastructure",
        "infrastructureType": "building_damage_assessment",
        "status": "osm_destroyed",
        "name": "Destroyed (OSM)",
        "responsibleOrganization": "OpenStreetMap contributors",
        "isSynthetic": false,
        "validFrom": "2026-05-06",
        "sourceIdentifier": "osm-way-298972939"
      }
    },
    {
      "type": "Feature",
      "geometry": {
        "type": "Point",
        "coordinates": [
          34.4450364,
          31.4852647
        ]
      },
      "properties": {
        "id": "osm-damage-way-298972946",
        "featureType": "critical_infrastructure",
        "infrastructureType": "building_damage_assessment",
        "status": "osm_destroyed",
        "name": "Destroyed (OSM)",
        "responsibleOrganization": "OpenStreetMap contributors",
        "isSynthetic": false,
        "validFrom": "2026-05-06",
        "sourceIdentifier": "osm-way-298972946"
      }
    },
    {
      "type": "Feature",
      "geometry": {
        "type": "Point",
        "coordinates": [
          34.44488,
          31.4852133
        ]
      },
      "properties": {
        "id": "osm-damage-way-298972956",
        "featureType": "critical_infrastructure",
        "infrastructureType": "building_damage_assessment",
        "status": "osm_destroyed",
        "name": "Destroyed (OSM)",
        "responsibleOrganization": "OpenStreetMap contributors",
        "isSynthetic": false,
        "validFrom": "2026-05-06",
        "sourceIdentifier": "osm-way-298972956"
      }
    },
    {
      "type": "Feature",
      "geometry": {
        "type": "Point",
        "coordinates": [
          34.4456121,
          31.4852448
        ]
      },
      "properties": {
        "id": "osm-damage-way-298972970",
        "featureType": "critical_infrastructure",
        "infrastructureType": "building_damage_assessment",
        "status": "osm_destroyed",
        "name": "Destroyed (OSM)",
        "responsibleOrganization": "OpenStreetMap contributors",
        "isSynthetic": false,
        "validFrom": "2026-05-06",
        "sourceIdentifier": "osm-way-298972970"
      }
    },
    {
      "type": "Feature",
      "geometry": {
        "type": "Point",
        "coordinates": [
          34.4451077,
          31.4851405
        ]
      },
      "properties": {
        "id": "osm-damage-way-298972976",
        "featureType": "critical_infrastructure",
        "infrastructureType": "building_damage_assessment",
        "status": "osm_destroyed",
        "name": "Destroyed (OSM)",
        "responsibleOrganization": "OpenStreetMap contributors",
        "isSynthetic": false,
        "validFrom": "2026-05-06",
        "sourceIdentifier": "osm-way-298972976"
      }
    },
    {
      "type": "Feature",
      "geometry": {
        "type": "Point",
        "coordinates": [
          34.4457959,
          31.4851379
        ]
      },
      "properties": {
        "id": "osm-damage-way-298972983",
        "featureType": "critical_infrastructure",
        "infrastructureType": "building_damage_assessment",
        "status": "osm_destroyed",
        "name": "Destroyed (OSM)",
        "responsibleOrganization": "OpenStreetMap contributors",
        "isSynthetic": false,
        "validFrom": "2026-05-06",
        "sourceIdentifier": "osm-way-298972983"
      }
    },
    {
      "type": "Feature",
      "geometry": {
        "type": "Point",
        "coordinates": [
          34.4423967,
          31.4861705
        ]
      },
      "properties": {
        "id": "osm-damage-way-298973000",
        "featureType": "critical_infrastructure",
        "infrastructureType": "building_damage_assessment",
        "status": "osm_destroyed",
        "name": "Destroyed (OSM)",
        "responsibleOrganization": "OpenStreetMap contributors",
        "isSynthetic": false,
        "validFrom": "2026-05-06",
        "sourceIdentifier": "osm-way-298973000"
      }
    },
    {
      "type": "Feature",
      "geometry": {
        "type": "Point",
        "coordinates": [
          34.4422584,
          31.4860608
        ]
      },
      "properties": {
        "id": "osm-damage-way-298973006",
        "featureType": "critical_infrastructure",
        "infrastructureType": "building_damage_assessment",
        "status": "osm_destroyed",
        "name": "Destroyed (OSM)",
        "responsibleOrganization": "OpenStreetMap contributors",
        "isSynthetic": false,
        "validFrom": "2026-05-06",
        "sourceIdentifier": "osm-way-298973006"
      }
    },
    {
      "type": "Feature",
      "geometry": {
        "type": "Point",
        "coordinates": [
          34.4444824,
          31.4850416
        ]
      },
      "properties": {
        "id": "osm-damage-way-298973012",
        "featureType": "critical_infrastructure",
        "infrastructureType": "building_damage_assessment",
        "status": "osm_destroyed",
        "name": "Destroyed (OSM)",
        "responsibleOrganization": "OpenStreetMap contributors",
        "isSynthetic": false,
        "validFrom": "2026-05-06",
        "sourceIdentifier": "osm-way-298973012"
      }
    },
    {
      "type": "Feature",
      "geometry": {
        "type": "Point",
        "coordinates": [
          34.4388777,
          31.5283887
        ]
      },
      "properties": {
        "id": "osm-damage-way-299207006",
        "featureType": "critical_infrastructure",
        "infrastructureType": "building_damage_assessment",
        "status": "osm_damaged",
        "name": "Damaged (OSM)",
        "responsibleOrganization": "OpenStreetMap contributors",
        "isSynthetic": false,
        "validFrom": "2026-05-06",
        "sourceIdentifier": "osm-way-299207006"
      }
    },
    {
      "type": "Feature",
      "geometry": {
        "type": "Point",
        "coordinates": [
          34.438988,
          31.5282748
        ]
      },
      "properties": {
        "id": "osm-damage-way-299252673",
        "featureType": "critical_infrastructure",
        "infrastructureType": "building_damage_assessment",
        "status": "osm_damaged",
        "name": "Damaged (OSM)",
        "responsibleOrganization": "OpenStreetMap contributors",
        "isSynthetic": false,
        "validFrom": "2026-05-06",
        "sourceIdentifier": "osm-way-299252673"
      }
    },
    {
      "type": "Feature",
      "geometry": {
        "type": "Point",
        "coordinates": [
          34.439301,
          31.5279808
        ]
      },
      "properties": {
        "id": "osm-damage-way-299252685",
        "featureType": "critical_infrastructure",
        "infrastructureType": "building_damage_assessment",
        "status": "osm_damaged",
        "name": "Damaged (OSM)",
        "responsibleOrganization": "OpenStreetMap contributors",
        "isSynthetic": false,
        "validFrom": "2026-05-06",
        "sourceIdentifier": "osm-way-299252685"
      }
    },
    {
      "type": "Feature",
      "geometry": {
        "type": "Point",
        "coordinates": [
          34.4391941,
          31.5280904
        ]
      },
      "properties": {
        "id": "osm-damage-way-299252693",
        "featureType": "critical_infrastructure",
        "infrastructureType": "building_damage_assessment",
        "status": "osm_damaged",
        "name": "Damaged (OSM)",
        "responsibleOrganization": "OpenStreetMap contributors",
        "isSynthetic": false,
        "validFrom": "2026-05-06",
        "sourceIdentifier": "osm-way-299252693"
      }
    },
    {
      "type": "Feature",
      "geometry": {
        "type": "Point",
        "coordinates": [
          34.4391254,
          31.5281955
        ]
      },
      "properties": {
        "id": "osm-damage-way-299252700",
        "featureType": "critical_infrastructure",
        "infrastructureType": "building_damage_assessment",
        "status": "osm_damaged",
        "name": "Damaged (OSM)",
        "responsibleOrganization": "OpenStreetMap contributors",
        "isSynthetic": false,
        "validFrom": "2026-05-06",
        "sourceIdentifier": "osm-way-299252700"
      }
    },
    {
      "type": "Feature",
      "geometry": {
        "type": "Point",
        "coordinates": [
          34.4413428,
          31.5299742
        ]
      },
      "properties": {
        "id": "osm-damage-way-299252728",
        "featureType": "critical_infrastructure",
        "infrastructureType": "building_damage_assessment",
        "status": "osm_damaged",
        "name": "Damaged (OSM)",
        "responsibleOrganization": "OpenStreetMap contributors",
        "isSynthetic": false,
        "validFrom": "2026-05-06",
        "sourceIdentifier": "osm-way-299252728"
      }
    },
    {
      "type": "Feature",
      "geometry": {
        "type": "Point",
        "coordinates": [
          34.4408734,
          31.5321721
        ]
      },
      "properties": {
        "id": "osm-damage-way-299647715",
        "featureType": "critical_infrastructure",
        "infrastructureType": "building_damage_assessment",
        "status": "osm_destroyed",
        "name": "Destroyed (OSM)",
        "responsibleOrganization": "OpenStreetMap contributors",
        "isSynthetic": false,
        "validFrom": "2026-05-06",
        "sourceIdentifier": "osm-way-299647715"
      }
    },
    {
      "type": "Feature",
      "geometry": {
        "type": "Point",
        "coordinates": [
          34.4420125,
          31.5321986
        ]
      },
      "properties": {
        "id": "osm-damage-way-299647716",
        "featureType": "critical_infrastructure",
        "infrastructureType": "building_damage_assessment",
        "status": "osm_damaged",
        "name": "Damaged (OSM)",
        "responsibleOrganization": "OpenStreetMap contributors",
        "isSynthetic": false,
        "validFrom": "2026-05-06",
        "sourceIdentifier": "osm-way-299647716"
      }
    },
    {
      "type": "Feature",
      "geometry": {
        "type": "Point",
        "coordinates": [
          34.4418627,
          31.5321397
        ]
      },
      "properties": {
        "id": "osm-damage-way-299647717",
        "featureType": "critical_infrastructure",
        "infrastructureType": "building_damage_assessment",
        "status": "osm_damaged",
        "name": "Damaged (OSM)",
        "responsibleOrganization": "OpenStreetMap contributors",
        "isSynthetic": false,
        "validFrom": "2026-05-06",
        "sourceIdentifier": "osm-way-299647717"
      }
    },
    {
      "type": "Feature",
      "geometry": {
        "type": "Point",
        "coordinates": [
          34.4410517,
          31.5323209
        ]
      },
      "properties": {
        "id": "osm-damage-way-299647721",
        "featureType": "critical_infrastructure",
        "infrastructureType": "building_damage_assessment",
        "status": "osm_destroyed",
        "name": "Destroyed (OSM)",
        "responsibleOrganization": "OpenStreetMap contributors",
        "isSynthetic": false,
        "validFrom": "2026-05-06",
        "sourceIdentifier": "osm-way-299647721"
      }
    },
    {
      "type": "Feature",
      "geometry": {
        "type": "Point",
        "coordinates": [
          34.4420053,
          31.5322952
        ]
      },
      "properties": {
        "id": "osm-damage-way-299647724",
        "featureType": "critical_infrastructure",
        "infrastructureType": "building_damage_assessment",
        "status": "osm_damaged",
        "name": "Damaged (OSM)",
        "responsibleOrganization": "OpenStreetMap contributors",
        "isSynthetic": false,
        "validFrom": "2026-05-06",
        "sourceIdentifier": "osm-way-299647724"
      }
    },
    {
      "type": "Feature",
      "geometry": {
        "type": "Point",
        "coordinates": [
          34.4422237,
          31.5319478
        ]
      },
      "properties": {
        "id": "osm-damage-way-299647726",
        "featureType": "critical_infrastructure",
        "infrastructureType": "building_damage_assessment",
        "status": "osm_damaged",
        "name": "Damaged (OSM)",
        "responsibleOrganization": "OpenStreetMap contributors",
        "isSynthetic": false,
        "validFrom": "2026-05-06",
        "sourceIdentifier": "osm-way-299647726"
      }
    },
    {
      "type": "Feature",
      "geometry": {
        "type": "Point",
        "coordinates": [
          34.4417486,
          31.5322102
        ]
      },
      "properties": {
        "id": "osm-damage-way-299647732",
        "featureType": "critical_infrastructure",
        "infrastructureType": "building_damage_assessment",
        "status": "osm_damaged",
        "name": "Damaged (OSM)",
        "responsibleOrganization": "OpenStreetMap contributors",
        "isSynthetic": false,
        "validFrom": "2026-05-06",
        "sourceIdentifier": "osm-way-299647732"
      }
    },
    {
      "type": "Feature",
      "geometry": {
        "type": "Point",
        "coordinates": [
          34.4408213,
          31.5322711
        ]
      },
      "properties": {
        "id": "osm-damage-way-299647734",
        "featureType": "critical_infrastructure",
        "infrastructureType": "building_damage_assessment",
        "status": "osm_destroyed",
        "name": "Destroyed (OSM)",
        "responsibleOrganization": "OpenStreetMap contributors",
        "isSynthetic": false,
        "validFrom": "2026-05-06",
        "sourceIdentifier": "osm-way-299647734"
      }
    },
    {
      "type": "Feature",
      "geometry": {
        "type": "Point",
        "coordinates": [
          34.4419934,
          31.5321083
        ]
      },
      "properties": {
        "id": "osm-damage-way-299647735",
        "featureType": "critical_infrastructure",
        "infrastructureType": "building_damage_assessment",
        "status": "osm_damaged",
        "name": "Damaged (OSM)",
        "responsibleOrganization": "OpenStreetMap contributors",
        "isSynthetic": false,
        "validFrom": "2026-05-06",
        "sourceIdentifier": "osm-way-299647735"
      }
    },
    {
      "type": "Feature",
      "geometry": {
        "type": "Point",
        "coordinates": [
          34.4408621,
          31.5324091
        ]
      },
      "properties": {
        "id": "osm-damage-way-299647737",
        "featureType": "critical_infrastructure",
        "infrastructureType": "building_damage_assessment",
        "status": "osm_destroyed",
        "name": "Destroyed (OSM)",
        "responsibleOrganization": "OpenStreetMap contributors",
        "isSynthetic": false,
        "validFrom": "2026-05-06",
        "sourceIdentifier": "osm-way-299647737"
      }
    },
    {
      "type": "Feature",
      "geometry": {
        "type": "Point",
        "coordinates": [
          34.4422987,
          31.5322826
        ]
      },
      "properties": {
        "id": "osm-damage-way-299647738",
        "featureType": "critical_infrastructure",
        "infrastructureType": "building_damage_assessment",
        "status": "osm_damaged",
        "name": "Damaged (OSM)",
        "responsibleOrganization": "OpenStreetMap contributors",
        "isSynthetic": false,
        "validFrom": "2026-05-06",
        "sourceIdentifier": "osm-way-299647738"
      }
    },
    {
      "type": "Feature",
      "geometry": {
        "type": "Point",
        "coordinates": [
          34.4418348,
          31.5322862
        ]
      },
      "properties": {
        "id": "osm-damage-way-299647742",
        "featureType": "critical_infrastructure",
        "infrastructureType": "building_damage_assessment",
        "status": "osm_damaged",
        "name": "Damaged (OSM)",
        "responsibleOrganization": "OpenStreetMap contributors",
        "isSynthetic": false,
        "validFrom": "2026-05-06",
        "sourceIdentifier": "osm-way-299647742"
      }
    },
    {
      "type": "Feature",
      "geometry": {
        "type": "Point",
        "coordinates": [
          34.4232067,
          31.5018202
        ]
      },
      "properties": {
        "id": "osm-damage-way-299735311",
        "featureType": "critical_infrastructure",
        "infrastructureType": "building_damage_assessment",
        "status": "osm_damaged",
        "name": "Damaged (OSM)",
        "responsibleOrganization": "OpenStreetMap contributors",
        "isSynthetic": false,
        "validFrom": "2026-05-06",
        "sourceIdentifier": "osm-way-299735311"
      }
    },
    {
      "type": "Feature",
      "geometry": {
        "type": "Point",
        "coordinates": [
          34.4236138,
          31.5016269
        ]
      },
      "properties": {
        "id": "osm-damage-way-299735312",
        "featureType": "critical_infrastructure",
        "infrastructureType": "building_damage_assessment",
        "status": "osm_damaged",
        "name": "Damaged (OSM)",
        "responsibleOrganization": "OpenStreetMap contributors",
        "isSynthetic": false,
        "validFrom": "2026-05-06",
        "sourceIdentifier": "osm-way-299735312"
      }
    },
    {
      "type": "Feature",
      "geometry": {
        "type": "Point",
        "coordinates": [
          34.4216708,
          31.5032487
        ]
      },
      "properties": {
        "id": "osm-damage-way-299735314",
        "featureType": "critical_infrastructure",
        "infrastructureType": "building_damage_assessment",
        "status": "osm_damaged",
        "name": "Damaged (OSM)",
        "responsibleOrganization": "OpenStreetMap contributors",
        "isSynthetic": false,
        "validFrom": "2026-05-06",
        "sourceIdentifier": "osm-way-299735314"
      }
    },
    {
      "type": "Feature",
      "geometry": {
        "type": "Point",
        "coordinates": [
          34.4245463,
          31.5008477
        ]
      },
      "properties": {
        "id": "osm-damage-way-299735320",
        "featureType": "critical_infrastructure",
        "infrastructureType": "building_damage_assessment",
        "status": "osm_damaged",
        "name": "Damaged (OSM)",
        "responsibleOrganization": "OpenStreetMap contributors",
        "isSynthetic": false,
        "validFrom": "2026-05-06",
        "sourceIdentifier": "osm-way-299735320"
      }
    },
    {
      "type": "Feature",
      "geometry": {
        "type": "Point",
        "coordinates": [
          34.4251038,
          31.5010087
        ]
      },
      "properties": {
        "id": "osm-damage-way-299735322",
        "featureType": "critical_infrastructure",
        "infrastructureType": "building_damage_assessment",
        "status": "osm_damaged",
        "name": "Damaged (OSM) \u2014 \u0623\u0628\u0648 \u062d\u0646\u064a\u0641\u0629 \u0627\u0644\u0646\u0639\u0645\u0627\u0646",
        "responsibleOrganization": "OpenStreetMap contributors",
        "isSynthetic": false,
        "validFrom": "2026-05-06",
        "sourceIdentifier": "osm-way-299735322"
      }
    },
    {
      "type": "Feature",
      "geometry": {
        "type": "Point",
        "coordinates": [
          34.4233136,
          31.5016746
        ]
      },
      "properties": {
        "id": "osm-damage-way-299735324",
        "featureType": "critical_infrastructure",
        "infrastructureType": "building_damage_assessment",
        "status": "osm_damaged",
        "name": "Damaged (OSM)",
        "responsibleOrganization": "OpenStreetMap contributors",
        "isSynthetic": false,
        "validFrom": "2026-05-06",
        "sourceIdentifier": "osm-way-299735324"
      }
    },
    {
      "type": "Feature",
      "geometry": {
        "type": "Point",
        "coordinates": [
          34.4232516,
          31.5006018
        ]
      },
      "properties": {
        "id": "osm-damage-way-299735327",
        "featureType": "critical_infrastructure",
        "infrastructureType": "building_damage_assessment",
        "status": "osm_damaged",
        "name": "Damaged (OSM)",
        "responsibleOrganization": "OpenStreetMap contributors",
        "isSynthetic": false,
        "validFrom": "2026-05-06",
        "sourceIdentifier": "osm-way-299735327"
      }
    },
    {
      "type": "Feature",
      "geometry": {
        "type": "Point",
        "coordinates": [
          34.4237212,
          31.501256
        ]
      },
      "properties": {
        "id": "osm-damage-way-299735329",
        "featureType": "critical_infrastructure",
        "infrastructureType": "building_damage_assessment",
        "status": "osm_damaged",
        "name": "Damaged (OSM)",
        "responsibleOrganization": "OpenStreetMap contributors",
        "isSynthetic": false,
        "validFrom": "2026-05-06",
        "sourceIdentifier": "osm-way-299735329"
      }
    },
    {
      "type": "Feature",
      "geometry": {
        "type": "Point",
        "coordinates": [
          34.424283,
          31.5004119
        ]
      },
      "properties": {
        "id": "osm-damage-way-299735330",
        "featureType": "critical_infrastructure",
        "infrastructureType": "building_damage_assessment",
        "status": "osm_damaged",
        "name": "Damaged (OSM)",
        "responsibleOrganization": "OpenStreetMap contributors",
        "isSynthetic": false,
        "validFrom": "2026-05-06",
        "sourceIdentifier": "osm-way-299735330"
      }
    },
    {
      "type": "Feature",
      "geometry": {
        "type": "Point",
        "coordinates": [
          34.4232867,
          31.5020286
        ]
      },
      "properties": {
        "id": "osm-damage-way-299735334",
        "featureType": "critical_infrastructure",
        "infrastructureType": "building_damage_assessment",
        "status": "osm_damaged",
        "name": "Damaged (OSM)",
        "responsibleOrganization": "OpenStreetMap contributors",
        "isSynthetic": false,
        "validFrom": "2026-05-06",
        "sourceIdentifier": "osm-way-299735334"
      }
    },
    {
      "type": "Feature",
      "geometry": {
        "type": "Point",
        "coordinates": [
          34.4234871,
          31.5009298
        ]
      },
      "properties": {
        "id": "osm-damage-way-299735335",
        "featureType": "critical_infrastructure",
        "infrastructureType": "building_damage_assessment",
        "status": "osm_damaged",
        "name": "Damaged (OSM)",
        "responsibleOrganization": "OpenStreetMap contributors",
        "isSynthetic": false,
        "validFrom": "2026-05-06",
        "sourceIdentifier": "osm-way-299735335"
      }
    },
    {
      "type": "Feature",
      "geometry": {
        "type": "Point",
        "coordinates": [
          34.421903,
          31.503248
        ]
      },
      "properties": {
        "id": "osm-damage-way-299735336",
        "featureType": "critical_infrastructure",
        "infrastructureType": "building_damage_assessment",
        "status": "osm_damaged",
        "name": "Damaged (OSM)",
        "responsibleOrganization": "OpenStreetMap contributors",
        "isSynthetic": false,
        "validFrom": "2026-05-06",
        "sourceIdentifier": "osm-way-299735336"
      }
    },
    {
      "type": "Feature",
      "geometry": {
        "type": "Point",
        "coordinates": [
          34.4243017,
          31.5011346
        ]
      },
      "properties": {
        "id": "osm-damage-way-299735337",
        "featureType": "critical_infrastructure",
        "infrastructureType": "building_damage_assessment",
        "status": "osm_damaged",
        "name": "Damaged (OSM)",
        "responsibleOrganization": "OpenStreetMap contributors",
        "isSynthetic": false,
        "validFrom": "2026-05-06",
        "sourceIdentifier": "osm-way-299735337"
      }
    },
    {
      "type": "Feature",
      "geometry": {
        "type": "Point",
        "coordinates": [
          34.4235593,
          31.5013909
        ]
      },
      "properties": {
        "id": "osm-damage-way-299735339",
        "featureType": "critical_infrastructure",
        "infrastructureType": "building_damage_assessment",
        "status": "osm_damaged",
        "name": "Damaged (OSM)",
        "responsibleOrganization": "OpenStreetMap contributors",
        "isSynthetic": false,
        "validFrom": "2026-05-06",
        "sourceIdentifier": "osm-way-299735339"
      }
    },
    {
      "type": "Feature",
      "geometry": {
        "type": "Point",
        "coordinates": [
          34.4207469,
          31.5027742
        ]
      },
      "properties": {
        "id": "osm-damage-way-299735341",
        "featureType": "critical_infrastructure",
        "infrastructureType": "building_damage_assessment",
        "status": "osm_damaged",
        "name": "Damaged (OSM)",
        "responsibleOrganization": "OpenStreetMap contributors",
        "isSynthetic": false,
        "validFrom": "2026-05-06",
        "sourceIdentifier": "osm-way-299735341"
      }
    },
    {
      "type": "Feature",
      "geometry": {
        "type": "Point",
        "coordinates": [
          34.4237354,
          31.5014752
        ]
      },
      "properties": {
        "id": "osm-damage-way-299735342",
        "featureType": "critical_infrastructure",
        "infrastructureType": "building_damage_assessment",
        "status": "osm_damaged",
        "name": "Damaged (OSM)",
        "responsibleOrganization": "OpenStreetMap contributors",
        "isSynthetic": false,
        "validFrom": "2026-05-06",
        "sourceIdentifier": "osm-way-299735342"
      }
    },
    {
      "type": "Feature",
      "geometry": {
        "type": "Point",
        "coordinates": [
          34.4231431,
          31.5013986
        ]
      },
      "properties": {
        "id": "osm-damage-way-299735343",
        "featureType": "critical_infrastructure",
        "infrastructureType": "building_damage_assessment",
        "status": "osm_damaged",
        "name": "Damaged (OSM)",
        "responsibleOrganization": "OpenStreetMap contributors",
        "isSynthetic": false,
        "validFrom": "2026-05-06",
        "sourceIdentifier": "osm-way-299735343"
      }
    },
    {
      "type": "Feature",
      "geometry": {
        "type": "Point",
        "coordinates": [
          34.4234025,
          31.501057
        ]
      },
      "properties": {
        "id": "osm-damage-way-299735346",
        "featureType": "critical_infrastructure",
        "infrastructureType": "building_damage_assessment",
        "status": "osm_damaged",
        "name": "Damaged (OSM)",
        "responsibleOrganization": "OpenStreetMap contributors",
        "isSynthetic": false,
        "validFrom": "2026-05-06",
        "sourceIdentifier": "osm-way-299735346"
      }
    },
    {
      "type": "Feature",
      "geometry": {
        "type": "Point",
        "coordinates": [
          34.4244062,
          31.5007811
        ]
      },
      "properties": {
        "id": "osm-damage-way-299735347",
        "featureType": "critical_infrastructure",
        "infrastructureType": "building_damage_assessment",
        "status": "osm_damaged",
        "name": "Damaged (OSM)",
        "responsibleOrganization": "OpenStreetMap contributors",
        "isSynthetic": false,
        "validFrom": "2026-05-06",
        "sourceIdentifier": "osm-way-299735347"
      }
    },
    {
      "type": "Feature",
      "geometry": {
        "type": "Point",
        "coordinates": [
          34.4235801,
          31.502323
        ]
      },
      "properties": {
        "id": "osm-damage-way-299735351",
        "featureType": "critical_infrastructure",
        "infrastructureType": "building_damage_assessment",
        "status": "osm_damaged",
        "name": "Damaged (OSM)",
        "responsibleOrganization": "OpenStreetMap contributors",
        "isSynthetic": false,
        "validFrom": "2026-05-06",
        "sourceIdentifier": "osm-way-299735351"
      }
    },
    {
      "type": "Feature",
      "geometry": {
        "type": "Point",
        "coordinates": [
          34.4241179,
          31.5013515
        ]
      },
      "properties": {
        "id": "osm-damage-way-299735353",
        "featureType": "critical_infrastructure",
        "infrastructureType": "building_damage_assessment",
        "status": "osm_damaged",
        "name": "Damaged (OSM)",
        "responsibleOrganization": "OpenStreetMap contributors",
        "isSynthetic": false,
        "validFrom": "2026-05-06",
        "sourceIdentifier": "osm-way-299735353"
      }
    },
    {
      "type": "Feature",
      "geometry": {
        "type": "Point",
        "coordinates": [
          34.4242658,
          31.5015334
        ]
      },
      "properties": {
        "id": "osm-damage-way-299735356",
        "featureType": "critical_infrastructure",
        "infrastructureType": "building_damage_assessment",
        "status": "osm_damaged",
        "name": "Damaged (OSM)",
        "responsibleOrganization": "OpenStreetMap contributors",
        "isSynthetic": false,
        "validFrom": "2026-05-06",
        "sourceIdentifier": "osm-way-299735356"
      }
    },
    {
      "type": "Feature",
      "geometry": {
        "type": "Point",
        "coordinates": [
          34.4232547,
          31.5003724
        ]
      },
      "properties": {
        "id": "osm-damage-way-299735357",
        "featureType": "critical_infrastructure",
        "infrastructureType": "building_damage_assessment",
        "status": "osm_damaged",
        "name": "Damaged (OSM)",
        "responsibleOrganization": "OpenStreetMap contributors",
        "isSynthetic": false,
        "validFrom": "2026-05-06",
        "sourceIdentifier": "osm-way-299735357"
      }
    },
    {
      "type": "Feature",
      "geometry": {
        "type": "Point",
        "coordinates": [
          34.4238628,
          31.5013076
        ]
      },
      "properties": {
        "id": "osm-damage-way-299735358",
        "featureType": "critical_infrastructure",
        "infrastructureType": "building_damage_assessment",
        "status": "osm_damaged",
        "name": "Damaged (OSM)",
        "responsibleOrganization": "OpenStreetMap contributors",
        "isSynthetic": false,
        "validFrom": "2026-05-06",
        "sourceIdentifier": "osm-way-299735358"
      }
    },
    {
      "type": "Feature",
      "geometry": {
        "type": "Point",
        "coordinates": [
          34.4243288,
          31.5014161
        ]
      },
      "properties": {
        "id": "osm-damage-way-299735361",
        "featureType": "critical_infrastructure",
        "infrastructureType": "building_damage_assessment",
        "status": "osm_damaged",
        "name": "Damaged (OSM)",
        "responsibleOrganization": "OpenStreetMap contributors",
        "isSynthetic": false,
        "validFrom": "2026-05-06",
        "sourceIdentifier": "osm-way-299735361"
      }
    },
    {
      "type": "Feature",
      "geometry": {
        "type": "Point",
        "coordinates": [
          34.422629,
          31.5006771
        ]
      },
      "properties": {
        "id": "osm-damage-way-299735362",
        "featureType": "critical_infrastructure",
        "infrastructureType": "building_damage_assessment",
        "status": "osm_damaged",
        "name": "Damaged (OSM)",
        "responsibleOrganization": "OpenStreetMap contributors",
        "isSynthetic": false,
        "validFrom": "2026-05-06",
        "sourceIdentifier": "osm-way-299735362"
      }
    },
    {
      "type": "Feature",
      "geometry": {
        "type": "Point",
        "coordinates": [
          34.4229716,
          31.5016191
        ]
      },
      "properties": {
        "id": "osm-damage-way-299735363",
        "featureType": "critical_infrastructure",
        "infrastructureType": "building_damage_assessment",
        "status": "osm_damaged",
        "name": "Damaged (OSM)",
        "responsibleOrganization": "OpenStreetMap contributors",
        "isSynthetic": false,
        "validFrom": "2026-05-06",
        "sourceIdentifier": "osm-way-299735363"
      }
    },
    {
      "type": "Feature",
      "geometry": {
        "type": "Point",
        "coordinates": [
          34.4236233,
          31.5009345
        ]
      },
      "properties": {
        "id": "osm-damage-way-299735366",
        "featureType": "critical_infrastructure",
        "infrastructureType": "building_damage_assessment",
        "status": "osm_damaged",
        "name": "Damaged (OSM)",
        "responsibleOrganization": "OpenStreetMap contributors",
        "isSynthetic": false,
        "validFrom": "2026-05-06",
        "sourceIdentifier": "osm-way-299735366"
      }
    },
    {
      "type": "Feature",
      "geometry": {
        "type": "Point",
        "coordinates": [
          34.4242036,
          31.500973
        ]
      },
      "properties": {
        "id": "osm-damage-way-299735367",
        "featureType": "critical_infrastructure",
        "infrastructureType": "building_damage_assessment",
        "status": "osm_damaged",
        "name": "Damaged (OSM)",
        "responsibleOrganization": "OpenStreetMap contributors",
        "isSynthetic": false,
        "validFrom": "2026-05-06",
        "sourceIdentifier": "osm-way-299735367"
      }
    },
    {
      "type": "Feature",
      "geometry": {
        "type": "Point",
        "coordinates": [
          34.420854,
          31.5029072
        ]
      },
      "properties": {
        "id": "osm-damage-way-299735370",
        "featureType": "critical_infrastructure",
        "infrastructureType": "building_damage_assessment",
        "status": "osm_damaged",
        "name": "Damaged (OSM)",
        "responsibleOrganization": "OpenStreetMap contributors",
        "isSynthetic": false,
        "validFrom": "2026-05-06",
        "sourceIdentifier": "osm-way-299735370"
      }
    },
    {
      "type": "Feature",
      "geometry": {
        "type": "Point",
        "coordinates": [
          34.4239915,
          31.5015083
        ]
      },
      "properties": {
        "id": "osm-damage-way-299735371",
        "featureType": "critical_infrastructure",
        "infrastructureType": "building_damage_assessment",
        "status": "osm_damaged",
        "name": "Damaged (OSM)",
        "responsibleOrganization": "OpenStreetMap contributors",
        "isSynthetic": false,
        "validFrom": "2026-05-06",
        "sourceIdentifier": "osm-way-299735371"
      }
    },
    {
      "type": "Feature",
      "geometry": {
        "type": "Point",
        "coordinates": [
          34.4224613,
          31.500579
        ]
      },
      "properties": {
        "id": "osm-damage-way-299735372",
        "featureType": "critical_infrastructure",
        "infrastructureType": "building_damage_assessment",
        "status": "osm_damaged",
        "name": "Damaged (OSM)",
        "responsibleOrganization": "OpenStreetMap contributors",
        "isSynthetic": false,
        "validFrom": "2026-05-06",
        "sourceIdentifier": "osm-way-299735372"
      }
    },
    {
      "type": "Feature",
      "geometry": {
        "type": "Point",
        "coordinates": [
          34.4225089,
          31.501089
        ]
      },
      "properties": {
        "id": "osm-damage-way-299735374",
        "featureType": "critical_infrastructure",
        "infrastructureType": "building_damage_assessment",
        "status": "osm_damaged",
        "name": "Damaged (OSM)",
        "responsibleOrganization": "OpenStreetMap contributors",
        "isSynthetic": false,
        "validFrom": "2026-05-06",
        "sourceIdentifier": "osm-way-299735374"
      }
    },
    {
      "type": "Feature",
      "geometry": {
        "type": "Point",
        "coordinates": [
          34.4233291,
          31.5011913
        ]
      },
      "properties": {
        "id": "osm-damage-way-299735376",
        "featureType": "critical_infrastructure",
        "infrastructureType": "building_damage_assessment",
        "status": "osm_damaged",
        "name": "Damaged (OSM)",
        "responsibleOrganization": "OpenStreetMap contributors",
        "isSynthetic": false,
        "validFrom": "2026-05-06",
        "sourceIdentifier": "osm-way-299735376"
      }
    },
    {
      "type": "Feature",
      "geometry": {
        "type": "Point",
        "coordinates": [
          34.4226179,
          31.5009139
        ]
      },
      "properties": {
        "id": "osm-damage-way-299735377",
        "featureType": "critical_infrastructure",
        "infrastructureType": "building_damage_assessment",
        "status": "osm_damaged",
        "name": "Damaged (OSM)",
        "responsibleOrganization": "OpenStreetMap contributors",
        "isSynthetic": false,
        "validFrom": "2026-05-06",
        "sourceIdentifier": "osm-way-299735377"
      }
    },
    {
      "type": "Feature",
      "geometry": {
        "type": "Point",
        "coordinates": [
          34.4244818,
          31.5035768
        ]
      },
      "properties": {
        "id": "osm-damage-way-299735378",
        "featureType": "critical_infrastructure",
        "infrastructureType": "building_damage_assessment",
        "status": "osm_damaged",
        "name": "Damaged (OSM)",
        "responsibleOrganization": "OpenStreetMap contributors",
        "isSynthetic": false,
        "validFrom": "2026-05-06",
        "sourceIdentifier": "osm-way-299735378"
      }
    },
    {
      "type": "Feature",
      "geometry": {
        "type": "Point",
        "coordinates": [
          34.423728,
          31.5023818
        ]
      },
      "properties": {
        "id": "osm-damage-way-299735379",
        "featureType": "critical_infrastructure",
        "infrastructureType": "building_damage_assessment",
        "status": "osm_damaged",
        "name": "Damaged (OSM)",
        "responsibleOrganization": "OpenStreetMap contributors",
        "isSynthetic": false,
        "validFrom": "2026-05-06",
        "sourceIdentifier": "osm-way-299735379"
      }
    },
    {
      "type": "Feature",
      "geometry": {
        "type": "Point",
        "coordinates": [
          34.4241964,
          31.5012404
        ]
      },
      "properties": {
        "id": "osm-damage-way-299735380",
        "featureType": "critical_infrastructure",
        "infrastructureType": "building_damage_assessment",
        "status": "osm_damaged",
        "name": "Damaged (OSM)",
        "responsibleOrganization": "OpenStreetMap contributors",
        "isSynthetic": false,
        "validFrom": "2026-05-06",
        "sourceIdentifier": "osm-way-299735380"
      }
    },
    {
      "type": "Feature",
      "geometry": {
        "type": "Point",
        "coordinates": [
          34.4238109,
          31.5018072
        ]
      },
      "properties": {
        "id": "osm-damage-way-299735381",
        "featureType": "critical_infrastructure",
        "infrastructureType": "building_damage_assessment",
        "status": "osm_damaged",
        "name": "Damaged (OSM)",
        "responsibleOrganization": "OpenStreetMap contributors",
        "isSynthetic": false,
        "validFrom": "2026-05-06",
        "sourceIdentifier": "osm-way-299735381"
      }
    },
    {
      "type": "Feature",
      "geometry": {
        "type": "Point",
        "coordinates": [
          34.4238984,
          31.5034834
        ]
      },
      "properties": {
        "id": "osm-damage-way-299735383",
        "featureType": "critical_infrastructure",
        "infrastructureType": "building_damage_assessment",
        "status": "osm_damaged",
        "name": "Damaged (OSM)",
        "responsibleOrganization": "OpenStreetMap contributors",
        "isSynthetic": false,
        "validFrom": "2026-05-06",
        "sourceIdentifier": "osm-way-299735383"
      }
    },
    {
      "type": "Feature",
      "geometry": {
        "type": "Point",
        "coordinates": [
          34.4239297,
          31.5016016
        ]
      },
      "properties": {
        "id": "osm-damage-way-299735385",
        "featureType": "critical_infrastructure",
        "infrastructureType": "building_damage_assessment",
        "status": "osm_damaged",
        "name": "Damaged (OSM)",
        "responsibleOrganization": "OpenStreetMap contributors",
        "isSynthetic": false,
        "validFrom": "2026-05-06",
        "sourceIdentifier": "osm-way-299735385"
      }
    },
    {
      "type": "Feature",
      "geometry": {
        "type": "Point",
        "coordinates": [
          34.4227469,
          31.500576
        ]
      },
      "properties": {
        "id": "osm-damage-way-299735386",
        "featureType": "critical_infrastructure",
        "infrastructureType": "building_damage_assessment",
        "status": "osm_damaged",
        "name": "Damaged (OSM)",
        "responsibleOrganization": "OpenStreetMap contributors",
        "isSynthetic": false,
        "validFrom": "2026-05-06",
        "sourceIdentifier": "osm-way-299735386"
      }
    },
    {
      "type": "Feature",
      "geometry": {
        "type": "Point",
        "coordinates": [
          34.4230469,
          31.5014683
        ]
      },
      "properties": {
        "id": "osm-damage-way-299735387",
        "featureType": "critical_infrastructure",
        "infrastructureType": "building_damage_assessment",
        "status": "osm_damaged",
        "name": "Damaged (OSM)",
        "responsibleOrganization": "OpenStreetMap contributors",
        "isSynthetic": false,
        "validFrom": "2026-05-06",
        "sourceIdentifier": "osm-way-299735387"
      }
    },
    {
      "type": "Feature",
      "geometry": {
        "type": "Point",
        "coordinates": [
          34.423857,
          31.5017062
        ]
      },
      "properties": {
        "id": "osm-damage-way-299735389",
        "featureType": "critical_infrastructure",
        "infrastructureType": "building_damage_assessment",
        "status": "osm_damaged",
        "name": "Damaged (OSM)",
        "responsibleOrganization": "OpenStreetMap contributors",
        "isSynthetic": false,
        "validFrom": "2026-05-06",
        "sourceIdentifier": "osm-way-299735389"
      }
    },
    {
      "type": "Feature",
      "geometry": {
        "type": "Point",
        "coordinates": [
          34.424081,
          31.5014366
        ]
      },
      "properties": {
        "id": "osm-damage-way-299735392",
        "featureType": "critical_infrastructure",
        "infrastructureType": "building_damage_assessment",
        "status": "osm_damaged",
        "name": "Damaged (OSM)",
        "responsibleOrganization": "OpenStreetMap contributors",
        "isSynthetic": false,
        "validFrom": "2026-05-06",
        "sourceIdentifier": "osm-way-299735392"
      }
    },
    {
      "type": "Feature",
      "geometry": {
        "type": "Point",
        "coordinates": [
          34.4226578,
          31.5005112
        ]
      },
      "properties": {
        "id": "osm-damage-way-299735393",
        "featureType": "critical_infrastructure",
        "infrastructureType": "building_damage_assessment",
        "status": "osm_damaged",
        "name": "Damaged (OSM)",
        "responsibleOrganization": "OpenStreetMap contributors",
        "isSynthetic": false,
        "validFrom": "2026-05-06",
        "sourceIdentifier": "osm-way-299735393"
      }
    },
    {
      "type": "Feature",
      "geometry": {
        "type": "Point",
        "coordinates": [
          34.4243872,
          31.5035556
        ]
      },
      "properties": {
        "id": "osm-damage-way-299735394",
        "featureType": "critical_infrastructure",
        "infrastructureType": "building_damage_assessment",
        "status": "osm_damaged",
        "name": "Damaged (OSM)",
        "responsibleOrganization": "OpenStreetMap contributors",
        "isSynthetic": false,
        "validFrom": "2026-05-06",
        "sourceIdentifier": "osm-way-299735394"
      }
    },
    {
      "type": "Feature",
      "geometry": {
        "type": "Point",
        "coordinates": [
          34.4235324,
          31.5017235
        ]
      },
      "properties": {
        "id": "osm-damage-way-299735395",
        "featureType": "critical_infrastructure",
        "infrastructureType": "building_damage_assessment",
        "status": "osm_damaged",
        "name": "Damaged (OSM)",
        "responsibleOrganization": "OpenStreetMap contributors",
        "isSynthetic": false,
        "validFrom": "2026-05-06",
        "sourceIdentifier": "osm-way-299735395"
      }
    },
    {
      "type": "Feature",
      "geometry": {
        "type": "Point",
        "coordinates": [
          34.4221694,
          31.5008525
        ]
      },
      "properties": {
        "id": "osm-damage-way-299735399",
        "featureType": "critical_infrastructure",
        "infrastructureType": "building_damage_assessment",
        "status": "osm_damaged",
        "name": "Damaged (OSM)",
        "responsibleOrganization": "OpenStreetMap contributors",
        "isSynthetic": false,
        "validFrom": "2026-05-06",
        "sourceIdentifier": "osm-way-299735399"
      }
    },
    {
      "type": "Feature",
      "geometry": {
        "type": "Point",
        "coordinates": [
          34.423433,
          31.5018743
        ]
      },
      "properties": {
        "id": "osm-damage-way-299735403",
        "featureType": "critical_infrastructure",
        "infrastructureType": "building_damage_assessment",
        "status": "osm_damaged",
        "name": "Damaged (OSM)",
        "responsibleOrganization": "OpenStreetMap contributors",
        "isSynthetic": false,
        "validFrom": "2026-05-06",
        "sourceIdentifier": "osm-way-299735403"
      }
    },
    {
      "type": "Feature",
      "geometry": {
        "type": "Point",
        "coordinates": [
          34.4240779,
          31.5035174
        ]
      },
      "properties": {
        "id": "osm-damage-way-299735405",
        "featureType": "critical_infrastructure",
        "infrastructureType": "building_damage_assessment",
        "status": "osm_damaged",
        "name": "Damaged (OSM)",
        "responsibleOrganization": "OpenStreetMap contributors",
        "isSynthetic": false,
        "validFrom": "2026-05-06",
        "sourceIdentifier": "osm-way-299735405"
      }
    },
    {
      "type": "Feature",
      "geometry": {
        "type": "Point",
        "coordinates": [
          34.4240497,
          31.5010957
        ]
      },
      "properties": {
        "id": "osm-damage-way-299735407",
        "featureType": "critical_infrastructure",
        "infrastructureType": "building_damage_assessment",
        "status": "osm_damaged",
        "name": "Damaged (OSM)",
        "responsibleOrganization": "OpenStreetMap contributors",
        "isSynthetic": false,
        "validFrom": "2026-05-06",
        "sourceIdentifier": "osm-way-299735407"
      }
    },
    {
      "type": "Feature",
      "geometry": {
        "type": "Point",
        "coordinates": [
          34.423694,
          31.5019037
        ]
      },
      "properties": {
        "id": "osm-damage-way-299735409",
        "featureType": "critical_infrastructure",
        "infrastructureType": "building_damage_assessment",
        "status": "osm_damaged",
        "name": "Damaged (OSM)",
        "responsibleOrganization": "OpenStreetMap contributors",
        "isSynthetic": false,
        "validFrom": "2026-05-06",
        "sourceIdentifier": "osm-way-299735409"
      }
    },
    {
      "type": "Feature",
      "geometry": {
        "type": "Point",
        "coordinates": [
          34.4240924,
          31.5017007
        ]
      },
      "properties": {
        "id": "osm-damage-way-299735410",
        "featureType": "critical_infrastructure",
        "infrastructureType": "building_damage_assessment",
        "status": "osm_damaged",
        "name": "Damaged (OSM)",
        "responsibleOrganization": "OpenStreetMap contributors",
        "isSynthetic": false,
        "validFrom": "2026-05-06",
        "sourceIdentifier": "osm-way-299735410"
      }
    },
    {
      "type": "Feature",
      "geometry": {
        "type": "Point",
        "coordinates": [
          34.4201838,
          31.5030358
        ]
      },
      "properties": {
        "id": "osm-damage-way-299735414",
        "featureType": "critical_infrastructure",
        "infrastructureType": "building_damage_assessment",
        "status": "osm_destroyed",
        "name": "Destroyed (OSM)",
        "responsibleOrganization": "OpenStreetMap contributors",
        "isSynthetic": false,
        "validFrom": "2026-05-06",
        "sourceIdentifier": "osm-way-299735414"
      }
    },
    {
      "type": "Feature",
      "geometry": {
        "type": "Point",
        "coordinates": [
          34.4525453,
          31.5388267
        ]
      },
      "properties": {
        "id": "osm-damage-way-299819547",
        "featureType": "critical_infrastructure",
        "infrastructureType": "building_damage_assessment",
        "status": "osm_destroyed",
        "name": "Destroyed (OSM)",
        "responsibleOrganization": "OpenStreetMap contributors",
        "isSynthetic": false,
        "validFrom": "2026-05-06",
        "sourceIdentifier": "osm-way-299819547"
      }
    },
    {
      "type": "Feature",
      "geometry": {
        "type": "Point",
        "coordinates": [
          34.452491,
          31.5393393
        ]
      },
      "properties": {
        "id": "osm-damage-way-299819549",
        "featureType": "critical_infrastructure",
        "infrastructureType": "building_damage_assessment",
        "status": "osm_destroyed",
        "name": "Destroyed (OSM)",
        "responsibleOrganization": "OpenStreetMap contributors",
        "isSynthetic": false,
        "validFrom": "2026-05-06",
        "sourceIdentifier": "osm-way-299819549"
      }
    },
    {
      "type": "Feature",
      "geometry": {
        "type": "Point",
        "coordinates": [
          34.4520422,
          31.5388819
        ]
      },
      "properties": {
        "id": "osm-damage-way-299819550",
        "featureType": "critical_infrastructure",
        "infrastructureType": "building_damage_assessment",
        "status": "osm_damaged",
        "name": "Damaged (OSM)",
        "responsibleOrganization": "OpenStreetMap contributors",
        "isSynthetic": false,
        "validFrom": "2026-05-06",
        "sourceIdentifier": "osm-way-299819550"
      }
    },
    {
      "type": "Feature",
      "geometry": {
        "type": "Point",
        "coordinates": [
          34.4512663,
          31.5392604
        ]
      },
      "properties": {
        "id": "osm-damage-way-299819553",
        "featureType": "critical_infrastructure",
        "infrastructureType": "building_damage_assessment",
        "status": "osm_damaged",
        "name": "Damaged (OSM)",
        "responsibleOrganization": "OpenStreetMap contributors",
        "isSynthetic": false,
        "validFrom": "2026-05-06",
        "sourceIdentifier": "osm-way-299819553"
      }
    },
    {
      "type": "Feature",
      "geometry": {
        "type": "Point",
        "coordinates": [
          34.4506631,
          31.5388729
        ]
      },
      "properties": {
        "id": "osm-damage-way-299819556",
        "featureType": "critical_infrastructure",
        "infrastructureType": "building_damage_assessment",
        "status": "osm_damaged",
        "name": "Damaged (OSM)",
        "responsibleOrganization": "OpenStreetMap contributors",
        "isSynthetic": false,
        "validFrom": "2026-05-06",
        "sourceIdentifier": "osm-way-299819556"
      }
    },
    {
      "type": "Feature",
      "geometry": {
        "type": "Point",
        "coordinates": [
          34.4523879,
          31.5389669
        ]
      },
      "properties": {
        "id": "osm-damage-way-299819573",
        "featureType": "critical_infrastructure",
        "infrastructureType": "building_damage_assessment",
        "status": "osm_destroyed",
        "name": "Destroyed (OSM)",
        "responsibleOrganization": "OpenStreetMap contributors",
        "isSynthetic": false,
        "validFrom": "2026-05-06",
        "sourceIdentifier": "osm-way-299819573"
      }
    },
    {
      "type": "Feature",
      "geometry": {
        "type": "Point",
        "coordinates": [
          34.4507421,
          31.5389802
        ]
      },
      "properties": {
        "id": "osm-damage-way-299819574",
        "featureType": "critical_infrastructure",
        "infrastructureType": "building_damage_assessment",
        "status": "osm_damaged",
        "name": "Damaged (OSM)",
        "responsibleOrganization": "OpenStreetMap contributors",
        "isSynthetic": false,
        "validFrom": "2026-05-06",
        "sourceIdentifier": "osm-way-299819574"
      }
    },
    {
      "type": "Feature",
      "geometry": {
        "type": "Point",
        "coordinates": [
          34.4512676,
          31.5395411
        ]
      },
      "properties": {
        "id": "osm-damage-way-299819575",
        "featureType": "critical_infrastructure",
        "infrastructureType": "building_damage_assessment",
        "status": "osm_damaged",
        "name": "Damaged (OSM)",
        "responsibleOrganization": "OpenStreetMap contributors",
        "isSynthetic": false,
        "validFrom": "2026-05-06",
        "sourceIdentifier": "osm-way-299819575"
      }
    },
    {
      "type": "Feature",
      "geometry": {
        "type": "Point",
        "coordinates": [
          34.45065,
          31.5390527
        ]
      },
      "properties": {
        "id": "osm-damage-way-299819581",
        "featureType": "critical_infrastructure",
        "infrastructureType": "building_damage_assessment",
        "status": "osm_damaged",
        "name": "Damaged (OSM)",
        "responsibleOrganization": "OpenStreetMap contributors",
        "isSynthetic": false,
        "validFrom": "2026-05-06",
        "sourceIdentifier": "osm-way-299819581"
      }
    },
    {
      "type": "Feature",
      "geometry": {
        "type": "Point",
        "coordinates": [
          34.452617,
          31.5390861
        ]
      },
      "properties": {
        "id": "osm-damage-way-299819591",
        "featureType": "critical_infrastructure",
        "infrastructureType": "building_damage_assessment",
        "status": "osm_destroyed",
        "name": "Destroyed (OSM)",
        "responsibleOrganization": "OpenStreetMap contributors",
        "isSynthetic": false,
        "validFrom": "2026-05-06",
        "sourceIdentifier": "osm-way-299819591"
      }
    },
    {
      "type": "Feature",
      "geometry": {
        "type": "Point",
        "coordinates": [
          34.4517117,
          31.5388775
        ]
      },
      "properties": {
        "id": "osm-damage-way-299819592",
        "featureType": "critical_infrastructure",
        "infrastructureType": "building_damage_assessment",
        "status": "osm_damaged",
        "name": "Damaged (OSM)",
        "responsibleOrganization": "OpenStreetMap contributors",
        "isSynthetic": false,
        "validFrom": "2026-05-06",
        "sourceIdentifier": "osm-way-299819592"
      }
    },
    {
      "type": "Feature",
      "geometry": {
        "type": "Point",
        "coordinates": [
          34.4510351,
          31.5389834
        ]
      },
      "properties": {
        "id": "osm-damage-way-299819593",
        "featureType": "critical_infrastructure",
        "infrastructureType": "building_damage_assessment",
        "status": "osm_damaged",
        "name": "Damaged (OSM)",
        "responsibleOrganization": "OpenStreetMap contributors",
        "isSynthetic": false,
        "validFrom": "2026-05-06",
        "sourceIdentifier": "osm-way-299819593"
      }
    },
    {
      "type": "Feature",
      "geometry": {
        "type": "Point",
        "coordinates": [
          34.4518089,
          31.5394291
        ]
      },
      "properties": {
        "id": "osm-damage-way-299819599",
        "featureType": "critical_infrastructure",
        "infrastructureType": "building_damage_assessment",
        "status": "osm_damaged",
        "name": "Damaged (OSM)",
        "responsibleOrganization": "OpenStreetMap contributors",
        "isSynthetic": false,
        "validFrom": "2026-05-06",
        "sourceIdentifier": "osm-way-299819599"
      }
    },
    {
      "type": "Feature",
      "geometry": {
        "type": "Point",
        "coordinates": [
          34.4526129,
          31.5392577
        ]
      },
      "properties": {
        "id": "osm-damage-way-299819615",
        "featureType": "critical_infrastructure",
        "infrastructureType": "building_damage_assessment",
        "status": "osm_destroyed",
        "name": "Destroyed (OSM)",
        "responsibleOrganization": "OpenStreetMap contributors",
        "isSynthetic": false,
        "validFrom": "2026-05-06",
        "sourceIdentifier": "osm-way-299819615"
      }
    },
    {
      "type": "Feature",
      "geometry": {
        "type": "Point",
        "coordinates": [
          34.4523247,
          31.5390132
        ]
      },
      "properties": {
        "id": "osm-damage-way-299819616",
        "featureType": "critical_infrastructure",
        "infrastructureType": "building_damage_assessment",
        "status": "osm_destroyed",
        "name": "Destroyed (OSM)",
        "responsibleOrganization": "OpenStreetMap contributors",
        "isSynthetic": false,
        "validFrom": "2026-05-06",
        "sourceIdentifier": "osm-way-299819616"
      }
    },
    {
      "type": "Feature",
      "geometry": {
        "type": "Point",
        "coordinates": [
          34.4510122,
          31.5393991
        ]
      },
      "properties": {
        "id": "osm-damage-way-299819618",
        "featureType": "critical_infrastructure",
        "infrastructureType": "building_damage_assessment",
        "status": "osm_damaged",
        "name": "Damaged (OSM)",
        "responsibleOrganization": "OpenStreetMap contributors",
        "isSynthetic": false,
        "validFrom": "2026-05-06",
        "sourceIdentifier": "osm-way-299819618"
      }
    },
    {
      "type": "Feature",
      "geometry": {
        "type": "Point",
        "coordinates": [
          34.4508625,
          31.5392607
        ]
      },
      "properties": {
        "id": "osm-damage-way-299819619",
        "featureType": "critical_infrastructure",
        "infrastructureType": "building_damage_assessment",
        "status": "osm_damaged",
        "name": "Damaged (OSM)",
        "responsibleOrganization": "OpenStreetMap contributors",
        "isSynthetic": false,
        "validFrom": "2026-05-06",
        "sourceIdentifier": "osm-way-299819619"
      }
    },
    {
      "type": "Feature",
      "geometry": {
        "type": "Point",
        "coordinates": [
          34.451258,
          31.5387635
        ]
      },
      "properties": {
        "id": "osm-damage-way-299819626",
        "featureType": "critical_infrastructure",
        "infrastructureType": "building_damage_assessment",
        "status": "osm_damaged",
        "name": "Damaged (OSM)",
        "responsibleOrganization": "OpenStreetMap contributors",
        "isSynthetic": false,
        "validFrom": "2026-05-06",
        "sourceIdentifier": "osm-way-299819626"
      }
    },
    {
      "type": "Feature",
      "geometry": {
        "type": "Point",
        "coordinates": [
          34.4529752,
          31.5389826
        ]
      },
      "properties": {
        "id": "osm-damage-way-299819641",
        "featureType": "critical_infrastructure",
        "infrastructureType": "building_damage_assessment",
        "status": "osm_destroyed",
        "name": "Destroyed (OSM)",
        "responsibleOrganization": "OpenStreetMap contributors",
        "isSynthetic": false,
        "validFrom": "2026-05-06",
        "sourceIdentifier": "osm-way-299819641"
      }
    },
    {
      "type": "Feature",
      "geometry": {
        "type": "Point",
        "coordinates": [
          34.4521769,
          31.538963
        ]
      },
      "properties": {
        "id": "osm-damage-way-299819645",
        "featureType": "critical_infrastructure",
        "infrastructureType": "building_damage_assessment",
        "status": "osm_damaged",
        "name": "Damaged (OSM)",
        "responsibleOrganization": "OpenStreetMap contributors",
        "isSynthetic": false,
        "validFrom": "2026-05-06",
        "sourceIdentifier": "osm-way-299819645"
      }
    },
    {
      "type": "Feature",
      "geometry": {
        "type": "Point",
        "coordinates": [
          34.4505604,
          31.5389568
        ]
      },
      "properties": {
        "id": "osm-damage-way-299819646",
        "featureType": "critical_infrastructure",
        "infrastructureType": "building_damage_assessment",
        "status": "osm_damaged",
        "name": "Damaged (OSM)",
        "responsibleOrganization": "OpenStreetMap contributors",
        "isSynthetic": false,
        "validFrom": "2026-05-06",
        "sourceIdentifier": "osm-way-299819646"
      }
    },
    {
      "type": "Feature",
      "geometry": {
        "type": "Point",
        "coordinates": [
          34.4516644,
          31.5390471
        ]
      },
      "properties": {
        "id": "osm-damage-way-299819647",
        "featureType": "critical_infrastructure",
        "infrastructureType": "building_damage_assessment",
        "status": "osm_damaged",
        "name": "Damaged (OSM)",
        "responsibleOrganization": "OpenStreetMap contributors",
        "isSynthetic": false,
        "validFrom": "2026-05-06",
        "sourceIdentifier": "osm-way-299819647"
      }
    },
    {
      "type": "Feature",
      "geometry": {
        "type": "Point",
        "coordinates": [
          34.4515163,
          31.5393171
        ]
      },
      "properties": {
        "id": "osm-damage-way-299819652",
        "featureType": "critical_infrastructure",
        "infrastructureType": "building_damage_assessment",
        "status": "osm_damaged",
        "name": "Damaged (OSM)",
        "responsibleOrganization": "OpenStreetMap contributors",
        "isSynthetic": false,
        "validFrom": "2026-05-06",
        "sourceIdentifier": "osm-way-299819652"
      }
    },
    {
      "type": "Feature",
      "geometry": {
        "type": "Point",
        "coordinates": [
          34.4524641,
          31.5390708
        ]
      },
      "properties": {
        "id": "osm-damage-way-299819670",
        "featureType": "critical_infrastructure",
        "infrastructureType": "building_damage_assessment",
        "status": "osm_destroyed",
        "name": "Destroyed (OSM)",
        "responsibleOrganization": "OpenStreetMap contributors",
        "isSynthetic": false,
        "validFrom": "2026-05-06",
        "sourceIdentifier": "osm-way-299819670"
      }
    },
    {
      "type": "Feature",
      "geometry": {
        "type": "Point",
        "coordinates": [
          34.4519432,
          31.5390781
        ]
      },
      "properties": {
        "id": "osm-damage-way-299819673",
        "featureType": "critical_infrastructure",
        "infrastructureType": "building_damage_assessment",
        "status": "osm_damaged",
        "name": "Damaged (OSM)",
        "responsibleOrganization": "OpenStreetMap contributors",
        "isSynthetic": false,
        "validFrom": "2026-05-06",
        "sourceIdentifier": "osm-way-299819673"
      }
    },
    {
      "type": "Feature",
      "geometry": {
        "type": "Point",
        "coordinates": [
          34.4520592,
          31.5392232
        ]
      },
      "properties": {
        "id": "osm-damage-way-299819674",
        "featureType": "critical_infrastructure",
        "infrastructureType": "building_damage_assessment",
        "status": "osm_damaged",
        "name": "Damaged (OSM)",
        "responsibleOrganization": "OpenStreetMap contributors",
        "isSynthetic": false,
        "validFrom": "2026-05-06",
        "sourceIdentifier": "osm-way-299819674"
      }
    },
    {
      "type": "Feature",
      "geometry": {
        "type": "Point",
        "coordinates": [
          34.4512302,
          31.5389732
        ]
      },
      "properties": {
        "id": "osm-damage-way-299819675",
        "featureType": "critical_infrastructure",
        "infrastructureType": "building_damage_assessment",
        "status": "osm_damaged",
        "name": "Damaged (OSM)",
        "responsibleOrganization": "OpenStreetMap contributors",
        "isSynthetic": false,
        "validFrom": "2026-05-06",
        "sourceIdentifier": "osm-way-299819675"
      }
    },
    {
      "type": "Feature",
      "geometry": {
        "type": "Point",
        "coordinates": [
          34.4515241,
          31.5391323
        ]
      },
      "properties": {
        "id": "osm-damage-way-299819676",
        "featureType": "critical_infrastructure",
        "infrastructureType": "building_damage_assessment",
        "status": "osm_damaged",
        "name": "Damaged (OSM)",
        "responsibleOrganization": "OpenStreetMap contributors",
        "isSynthetic": false,
        "validFrom": "2026-05-06",
        "sourceIdentifier": "osm-way-299819676"
      }
    },
    {
      "type": "Feature",
      "geometry": {
        "type": "Point",
        "coordinates": [
          34.4514238,
          31.5393988
        ]
      },
      "properties": {
        "id": "osm-damage-way-299819680",
        "featureType": "critical_infrastructure",
        "infrastructureType": "building_damage_assessment",
        "status": "osm_damaged",
        "name": "Damaged (OSM)",
        "responsibleOrganization": "OpenStreetMap contributors",
        "isSynthetic": false,
        "validFrom": "2026-05-06",
        "sourceIdentifier": "osm-way-299819680"
      }
    },
    {
      "type": "Feature",
      "geometry": {
        "type": "Point",
        "coordinates": [
          34.4508398,
          31.5390532
        ]
      },
      "properties": {
        "id": "osm-damage-way-299819691",
        "featureType": "critical_infrastructure",
        "infrastructureType": "building_damage_assessment",
        "status": "osm_damaged",
        "name": "Damaged (OSM)",
        "responsibleOrganization": "OpenStreetMap contributors",
        "isSynthetic": false,
        "validFrom": "2026-05-06",
        "sourceIdentifier": "osm-way-299819691"
      }
    },
    {
      "type": "Feature",
      "geometry": {
        "type": "Point",
        "coordinates": [
          34.451861,
          31.5392027
        ]
      },
      "properties": {
        "id": "osm-damage-way-299819696",
        "featureType": "critical_infrastructure",
        "infrastructureType": "building_damage_assessment",
        "status": "osm_damaged",
        "name": "Damaged (OSM)",
        "responsibleOrganization": "OpenStreetMap contributors",
        "isSynthetic": false,
        "validFrom": "2026-05-06",
        "sourceIdentifier": "osm-way-299819696"
      }
    },
    {
      "type": "Feature",
      "geometry": {
        "type": "Point",
        "coordinates": [
          34.4514861,
          31.5395002
        ]
      },
      "properties": {
        "id": "osm-damage-way-299819697",
        "featureType": "critical_infrastructure",
        "infrastructureType": "building_damage_assessment",
        "status": "osm_damaged",
        "name": "Damaged (OSM)",
        "responsibleOrganization": "OpenStreetMap contributors",
        "isSynthetic": false,
        "validFrom": "2026-05-06",
        "sourceIdentifier": "osm-way-299819697"
      }
    },
    {
      "type": "Feature",
      "geometry": {
        "type": "Point",
        "coordinates": [
          34.4511485,
          31.5390511
        ]
      },
      "properties": {
        "id": "osm-damage-way-299819698",
        "featureType": "critical_infrastructure",
        "infrastructureType": "building_damage_assessment",
        "status": "osm_damaged",
        "name": "Damaged (OSM)",
        "responsibleOrganization": "OpenStreetMap contributors",
        "isSynthetic": false,
        "validFrom": "2026-05-06",
        "sourceIdentifier": "osm-way-299819698"
      }
    },
    {
      "type": "Feature",
      "geometry": {
        "type": "Point",
        "coordinates": [
          34.4513132,
          31.5391479
        ]
      },
      "properties": {
        "id": "osm-damage-way-299819701",
        "featureType": "critical_infrastructure",
        "infrastructureType": "building_damage_assessment",
        "status": "osm_damaged",
        "name": "Damaged (OSM)",
        "responsibleOrganization": "OpenStreetMap contributors",
        "isSynthetic": false,
        "validFrom": "2026-05-06",
        "sourceIdentifier": "osm-way-299819701"
      }
    },
    {
      "type": "Feature",
      "geometry": {
        "type": "Point",
        "coordinates": [
          34.4512193,
          31.5394119
        ]
      },
      "properties": {
        "id": "osm-damage-way-299819719",
        "featureType": "critical_infrastructure",
        "infrastructureType": "building_damage_assessment",
        "status": "osm_damaged",
        "name": "Damaged (OSM)",
        "responsibleOrganization": "OpenStreetMap contributors",
        "isSynthetic": false,
        "validFrom": "2026-05-06",
        "sourceIdentifier": "osm-way-299819719"
      }
    },
    {
      "type": "Feature",
      "geometry": {
        "type": "Point",
        "coordinates": [
          34.4522071,
          31.5387342
        ]
      },
      "properties": {
        "id": "osm-damage-way-299819721",
        "featureType": "critical_infrastructure",
        "infrastructureType": "building_damage_assessment",
        "status": "osm_damaged",
        "name": "Damaged (OSM)",
        "responsibleOrganization": "OpenStreetMap contributors",
        "isSynthetic": false,
        "validFrom": "2026-05-06",
        "sourceIdentifier": "osm-way-299819721"
      }
    },
    {
      "type": "Feature",
      "geometry": {
        "type": "Point",
        "coordinates": [
          34.4519477,
          31.5394571
        ]
      },
      "properties": {
        "id": "osm-damage-way-299819724",
        "featureType": "critical_infrastructure",
        "infrastructureType": "building_damage_assessment",
        "status": "osm_damaged",
        "name": "Damaged (OSM)",
        "responsibleOrganization": "OpenStreetMap contributors",
        "isSynthetic": false,
        "validFrom": "2026-05-06",
        "sourceIdentifier": "osm-way-299819724"
      }
    },
    {
      "type": "Feature",
      "geometry": {
        "type": "Point",
        "coordinates": [
          34.4511023,
          31.5393018
        ]
      },
      "properties": {
        "id": "osm-damage-way-299819728",
        "featureType": "critical_infrastructure",
        "infrastructureType": "building_damage_assessment",
        "status": "osm_damaged",
        "name": "Damaged (OSM)",
        "responsibleOrganization": "OpenStreetMap contributors",
        "isSynthetic": false,
        "validFrom": "2026-05-06",
        "sourceIdentifier": "osm-way-299819728"
      }
    },
    {
      "type": "Feature",
      "geometry": {
        "type": "Point",
        "coordinates": [
          34.4521283,
          31.5393056
        ]
      },
      "properties": {
        "id": "osm-damage-way-299819747",
        "featureType": "critical_infrastructure",
        "infrastructureType": "building_damage_assessment",
        "status": "osm_damaged",
        "name": "Damaged (OSM)",
        "responsibleOrganization": "OpenStreetMap contributors",
        "isSynthetic": false,
        "validFrom": "2026-05-06",
        "sourceIdentifier": "osm-way-299819747"
      }
    },
    {
      "type": "Feature",
      "geometry": {
        "type": "Point",
        "coordinates": [
          34.4522199,
          31.5393985
        ]
      },
      "properties": {
        "id": "osm-damage-way-299819768",
        "featureType": "critical_infrastructure",
        "infrastructureType": "building_damage_assessment",
        "status": "osm_damaged",
        "name": "Damaged (OSM)",
        "responsibleOrganization": "OpenStreetMap contributors",
        "isSynthetic": false,
        "validFrom": "2026-05-06",
        "sourceIdentifier": "osm-way-299819768"
      }
    },
    {
      "type": "Feature",
      "geometry": {
        "type": "Point",
        "coordinates": [
          34.4510066,
          31.5391549
        ]
      },
      "properties": {
        "id": "osm-damage-way-299819769",
        "featureType": "critical_infrastructure",
        "infrastructureType": "building_damage_assessment",
        "status": "osm_damaged",
        "name": "Damaged (OSM)",
        "responsibleOrganization": "OpenStreetMap contributors",
        "isSynthetic": false,
        "validFrom": "2026-05-06",
        "sourceIdentifier": "osm-way-299819769"
      }
    },
    {
      "type": "Feature",
      "geometry": {
        "type": "Point",
        "coordinates": [
          34.4513212,
          31.5389048
        ]
      },
      "properties": {
        "id": "osm-damage-way-299819778",
        "featureType": "critical_infrastructure",
        "infrastructureType": "building_damage_assessment",
        "status": "osm_damaged",
        "name": "Damaged (OSM)",
        "responsibleOrganization": "OpenStreetMap contributors",
        "isSynthetic": false,
        "validFrom": "2026-05-06",
        "sourceIdentifier": "osm-way-299819778"
      }
    },
    {
      "type": "Feature",
      "geometry": {
        "type": "Point",
        "coordinates": [
          34.4513934,
          31.5388454
        ]
      },
      "properties": {
        "id": "osm-damage-way-299819779",
        "featureType": "critical_infrastructure",
        "infrastructureType": "building_damage_assessment",
        "status": "osm_damaged",
        "name": "Damaged (OSM)",
        "responsibleOrganization": "OpenStreetMap contributors",
        "isSynthetic": false,
        "validFrom": "2026-05-06",
        "sourceIdentifier": "osm-way-299819779"
      }
    },
    {
      "type": "Feature",
      "geometry": {
        "type": "Point",
        "coordinates": [
          34.4518523,
          31.5395391
        ]
      },
      "properties": {
        "id": "osm-damage-way-299819785",
        "featureType": "critical_infrastructure",
        "infrastructureType": "building_damage_assessment",
        "status": "osm_damaged",
        "name": "Damaged (OSM)",
        "responsibleOrganization": "OpenStreetMap contributors",
        "isSynthetic": false,
        "validFrom": "2026-05-06",
        "sourceIdentifier": "osm-way-299819785"
      }
    },
    {
      "type": "Feature",
      "geometry": {
        "type": "Point",
        "coordinates": [
          34.4507827,
          31.5387984
        ]
      },
      "properties": {
        "id": "osm-damage-way-299819788",
        "featureType": "critical_infrastructure",
        "infrastructureType": "building_damage_assessment",
        "status": "osm_damaged",
        "name": "Damaged (OSM)",
        "responsibleOrganization": "OpenStreetMap contributors",
        "isSynthetic": false,
        "validFrom": "2026-05-06",
        "sourceIdentifier": "osm-way-299819788"
      }
    },
    {
      "type": "Feature",
      "geometry": {
        "type": "Point",
        "coordinates": [
          34.4524143,
          31.5392344
        ]
      },
      "properties": {
        "id": "osm-damage-way-299819799",
        "featureType": "critical_infrastructure",
        "infrastructureType": "building_damage_assessment",
        "status": "osm_destroyed",
        "name": "Destroyed (OSM)",
        "responsibleOrganization": "OpenStreetMap contributors",
        "isSynthetic": false,
        "validFrom": "2026-05-06",
        "sourceIdentifier": "osm-way-299819799"
      }
    },
    {
      "type": "Feature",
      "geometry": {
        "type": "Point",
        "coordinates": [
          34.4516598,
          31.5396013
        ]
      },
      "properties": {
        "id": "osm-damage-way-299819803",
        "featureType": "critical_infrastructure",
        "infrastructureType": "building_damage_assessment",
        "status": "osm_damaged",
        "name": "Damaged (OSM)",
        "responsibleOrganization": "OpenStreetMap contributors",
        "isSynthetic": false,
        "validFrom": "2026-05-06",
        "sourceIdentifier": "osm-way-299819803"
      }
    },
    {
      "type": "Feature",
      "geometry": {
        "type": "Point",
        "coordinates": [
          34.4525122,
          31.5389864
        ]
      },
      "properties": {
        "id": "osm-damage-way-299819805",
        "featureType": "critical_infrastructure",
        "infrastructureType": "building_damage_assessment",
        "status": "osm_destroyed",
        "name": "Destroyed (OSM)",
        "responsibleOrganization": "OpenStreetMap contributors",
        "isSynthetic": false,
        "validFrom": "2026-05-06",
        "sourceIdentifier": "osm-way-299819805"
      }
    },
    {
      "type": "Feature",
      "geometry": {
        "type": "Point",
        "coordinates": [
          34.4516712,
          31.5392678
        ]
      },
      "properties": {
        "id": "osm-damage-way-299819807",
        "featureType": "critical_infrastructure",
        "infrastructureType": "building_damage_assessment",
        "status": "osm_damaged",
        "name": "Damaged (OSM)",
        "responsibleOrganization": "OpenStreetMap contributors",
        "isSynthetic": false,
        "validFrom": "2026-05-06",
        "sourceIdentifier": "osm-way-299819807"
      }
    },
    {
      "type": "Feature",
      "geometry": {
        "type": "Point",
        "coordinates": [
          34.4524701,
          31.5383596
        ]
      },
      "properties": {
        "id": "osm-damage-way-299955043",
        "featureType": "critical_infrastructure",
        "infrastructureType": "building_damage_assessment",
        "status": "osm_damaged",
        "name": "Damaged (OSM)",
        "responsibleOrganization": "OpenStreetMap contributors",
        "isSynthetic": false,
        "validFrom": "2026-05-06",
        "sourceIdentifier": "osm-way-299955043"
      }
    },
    {
      "type": "Feature",
      "geometry": {
        "type": "Point",
        "coordinates": [
          34.4525575,
          31.5383011
        ]
      },
      "properties": {
        "id": "osm-damage-way-299955044",
        "featureType": "critical_infrastructure",
        "infrastructureType": "building_damage_assessment",
        "status": "osm_damaged",
        "name": "Damaged (OSM)",
        "responsibleOrganization": "OpenStreetMap contributors",
        "isSynthetic": false,
        "validFrom": "2026-05-06",
        "sourceIdentifier": "osm-way-299955044"
      }
    },
    {
      "type": "Feature",
      "geometry": {
        "type": "Point",
        "coordinates": [
          34.4518345,
          31.5379242
        ]
      },
      "properties": {
        "id": "osm-damage-way-299955045",
        "featureType": "critical_infrastructure",
        "infrastructureType": "building_damage_assessment",
        "status": "osm_damaged",
        "name": "Damaged (OSM)",
        "responsibleOrganization": "OpenStreetMap contributors",
        "isSynthetic": false,
        "validFrom": "2026-05-06",
        "sourceIdentifier": "osm-way-299955045"
      }
    },
    {
      "type": "Feature",
      "geometry": {
        "type": "Point",
        "coordinates": [
          34.452632,
          31.5382285
        ]
      },
      "properties": {
        "id": "osm-damage-way-299955046",
        "featureType": "critical_infrastructure",
        "infrastructureType": "building_damage_assessment",
        "status": "osm_damaged",
        "name": "Damaged (OSM)",
        "responsibleOrganization": "OpenStreetMap contributors",
        "isSynthetic": false,
        "validFrom": "2026-05-06",
        "sourceIdentifier": "osm-way-299955046"
      }
    },
    {
      "type": "Feature",
      "geometry": {
        "type": "Point",
        "coordinates": [
          34.4518133,
          31.5383035
        ]
      },
      "properties": {
        "id": "osm-damage-way-299955047",
        "featureType": "critical_infrastructure",
        "infrastructureType": "building_damage_assessment",
        "status": "osm_damaged",
        "name": "Damaged (OSM)",
        "responsibleOrganization": "OpenStreetMap contributors",
        "isSynthetic": false,
        "validFrom": "2026-05-06",
        "sourceIdentifier": "osm-way-299955047"
      }
    },
    {
      "type": "Feature",
      "geometry": {
        "type": "Point",
        "coordinates": [
          34.4526885,
          31.5381833
        ]
      },
      "properties": {
        "id": "osm-damage-way-299955048",
        "featureType": "critical_infrastructure",
        "infrastructureType": "building_damage_assessment",
        "status": "osm_damaged",
        "name": "Damaged (OSM)",
        "responsibleOrganization": "OpenStreetMap contributors",
        "isSynthetic": false,
        "validFrom": "2026-05-06",
        "sourceIdentifier": "osm-way-299955048"
      }
    },
    {
      "type": "Feature",
      "geometry": {
        "type": "Point",
        "coordinates": [
          34.4306148,
          31.4762312
        ]
      },
      "properties": {
        "id": "osm-damage-way-299998717",
        "featureType": "critical_infrastructure",
        "infrastructureType": "building_damage_assessment",
        "status": "osm_destroyed",
        "name": "Destroyed (OSM)",
        "responsibleOrganization": "OpenStreetMap contributors",
        "isSynthetic": false,
        "validFrom": "2026-05-06",
        "sourceIdentifier": "osm-way-299998717"
      }
    },
    {
      "type": "Feature",
      "geometry": {
        "type": "Point",
        "coordinates": [
          34.4308733,
          31.4763896
        ]
      },
      "properties": {
        "id": "osm-damage-way-299998719",
        "featureType": "critical_infrastructure",
        "infrastructureType": "building_damage_assessment",
        "status": "osm_destroyed",
        "name": "Destroyed (OSM)",
        "responsibleOrganization": "OpenStreetMap contributors",
        "isSynthetic": false,
        "validFrom": "2026-05-06",
        "sourceIdentifier": "osm-way-299998719"
      }
    },
    {
      "type": "Feature",
      "geometry": {
        "type": "Point",
        "coordinates": [
          34.4404709,
          31.4819459
        ]
      },
      "properties": {
        "id": "osm-damage-way-300554340",
        "featureType": "critical_infrastructure",
        "infrastructureType": "building_damage_assessment",
        "status": "osm_destroyed",
        "name": "Destroyed (OSM)",
        "responsibleOrganization": "OpenStreetMap contributors",
        "isSynthetic": false,
        "validFrom": "2026-05-06",
        "sourceIdentifier": "osm-way-300554340"
      }
    },
    {
      "type": "Feature",
      "geometry": {
        "type": "Point",
        "coordinates": [
          34.4409971,
          31.4820755
        ]
      },
      "properties": {
        "id": "osm-damage-way-300554412",
        "featureType": "critical_infrastructure",
        "infrastructureType": "building_damage_assessment",
        "status": "osm_destroyed",
        "name": "Destroyed (OSM)",
        "responsibleOrganization": "OpenStreetMap contributors",
        "isSynthetic": false,
        "validFrom": "2026-05-06",
        "sourceIdentifier": "osm-way-300554412"
      }
    },
    {
      "type": "Feature",
      "geometry": {
        "type": "Point",
        "coordinates": [
          34.4401913,
          31.4826855
        ]
      },
      "properties": {
        "id": "osm-damage-way-300555660",
        "featureType": "critical_infrastructure",
        "infrastructureType": "building_damage_assessment",
        "status": "osm_destroyed",
        "name": "Destroyed (OSM)",
        "responsibleOrganization": "OpenStreetMap contributors",
        "isSynthetic": false,
        "validFrom": "2026-05-06",
        "sourceIdentifier": "osm-way-300555660"
      }
    },
    {
      "type": "Feature",
      "geometry": {
        "type": "Point",
        "coordinates": [
          34.4416073,
          31.4825566
        ]
      },
      "properties": {
        "id": "osm-damage-way-300555661",
        "featureType": "critical_infrastructure",
        "infrastructureType": "building_damage_assessment",
        "status": "osm_destroyed",
        "name": "Destroyed (OSM)",
        "responsibleOrganization": "OpenStreetMap contributors",
        "isSynthetic": false,
        "validFrom": "2026-05-06",
        "sourceIdentifier": "osm-way-300555661"
      }
    },
    {
      "type": "Feature",
      "geometry": {
        "type": "Point",
        "coordinates": [
          34.4401032,
          31.4821897
        ]
      },
      "properties": {
        "id": "osm-damage-way-300555663",
        "featureType": "critical_infrastructure",
        "infrastructureType": "building_damage_assessment",
        "status": "osm_destroyed",
        "name": "Destroyed (OSM)",
        "responsibleOrganization": "OpenStreetMap contributors",
        "isSynthetic": false,
        "validFrom": "2026-05-06",
        "sourceIdentifier": "osm-way-300555663"
      }
    },
    {
      "type": "Feature",
      "geometry": {
        "type": "Point",
        "coordinates": [
          34.4406999,
          31.4826452
        ]
      },
      "properties": {
        "id": "osm-damage-way-300555664",
        "featureType": "critical_infrastructure",
        "infrastructureType": "building_damage_assessment",
        "status": "osm_destroyed",
        "name": "Destroyed (OSM)",
        "responsibleOrganization": "OpenStreetMap contributors",
        "isSynthetic": false,
        "validFrom": "2026-05-06",
        "sourceIdentifier": "osm-way-300555664"
      }
    },
    {
      "type": "Feature",
      "geometry": {
        "type": "Point",
        "coordinates": [
          34.4345273,
          31.4755248
        ]
      },
      "properties": {
        "id": "osm-damage-way-300750462",
        "featureType": "critical_infrastructure",
        "infrastructureType": "building_damage_assessment",
        "status": "osm_destroyed",
        "name": "Destroyed (OSM)",
        "responsibleOrganization": "OpenStreetMap contributors",
        "isSynthetic": false,
        "validFrom": "2026-05-06",
        "sourceIdentifier": "osm-way-300750462"
      }
    },
    {
      "type": "Feature",
      "geometry": {
        "type": "Point",
        "coordinates": [
          34.4325314,
          31.4746158
        ]
      },
      "properties": {
        "id": "osm-damage-way-300750463",
        "featureType": "critical_infrastructure",
        "infrastructureType": "building_damage_assessment",
        "status": "osm_destroyed",
        "name": "Destroyed (OSM)",
        "responsibleOrganization": "OpenStreetMap contributors",
        "isSynthetic": false,
        "validFrom": "2026-05-06",
        "sourceIdentifier": "osm-way-300750463"
      }
    },
    {
      "type": "Feature",
      "geometry": {
        "type": "Point",
        "coordinates": [
          34.431391,
          31.4751702
        ]
      },
      "properties": {
        "id": "osm-damage-way-300750464",
        "featureType": "critical_infrastructure",
        "infrastructureType": "building_damage_assessment",
        "status": "osm_destroyed",
        "name": "Destroyed (OSM)",
        "responsibleOrganization": "OpenStreetMap contributors",
        "isSynthetic": false,
        "validFrom": "2026-05-06",
        "sourceIdentifier": "osm-way-300750464"
      }
    },
    {
      "type": "Feature",
      "geometry": {
        "type": "Point",
        "coordinates": [
          34.4350201,
          31.4752367
        ]
      },
      "properties": {
        "id": "osm-damage-way-300750465",
        "featureType": "critical_infrastructure",
        "infrastructureType": "building_damage_assessment",
        "status": "osm_destroyed",
        "name": "Destroyed (OSM)",
        "responsibleOrganization": "OpenStreetMap contributors",
        "isSynthetic": false,
        "validFrom": "2026-05-06",
        "sourceIdentifier": "osm-way-300750465"
      }
    },
    {
      "type": "Feature",
      "geometry": {
        "type": "Point",
        "coordinates": [
          34.4330242,
          31.4749571
        ]
      },
      "properties": {
        "id": "osm-damage-way-300750466",
        "featureType": "critical_infrastructure",
        "infrastructureType": "building_damage_assessment",
        "status": "osm_destroyed",
        "name": "Destroyed (OSM)",
        "responsibleOrganization": "OpenStreetMap contributors",
        "isSynthetic": false,
        "validFrom": "2026-05-06",
        "sourceIdentifier": "osm-way-300750466"
      }
    },
    {
      "type": "Feature",
      "geometry": {
        "type": "Point",
        "coordinates": [
          34.434747,
          31.4754675
        ]
      },
      "properties": {
        "id": "osm-damage-way-300750467",
        "featureType": "critical_infrastructure",
        "infrastructureType": "building_damage_assessment",
        "status": "osm_destroyed",
        "name": "Destroyed (OSM)",
        "responsibleOrganization": "OpenStreetMap contributors",
        "isSynthetic": false,
        "validFrom": "2026-05-06",
        "sourceIdentifier": "osm-way-300750467"
      }
    },
    {
      "type": "Feature",
      "geometry": {
        "type": "Point",
        "coordinates": [
          34.4354998,
          31.474459
        ]
      },
      "properties": {
        "id": "osm-damage-way-300750469",
        "featureType": "critical_infrastructure",
        "infrastructureType": "building_damage_assessment",
        "status": "osm_destroyed",
        "name": "Destroyed (OSM)",
        "responsibleOrganization": "OpenStreetMap contributors",
        "isSynthetic": false,
        "validFrom": "2026-05-06",
        "sourceIdentifier": "osm-way-300750469"
      }
    },
    {
      "type": "Feature",
      "geometry": {
        "type": "Point",
        "coordinates": [
          34.4355986,
          31.4745235
        ]
      },
      "properties": {
        "id": "osm-damage-way-300750470",
        "featureType": "critical_infrastructure",
        "infrastructureType": "building_damage_assessment",
        "status": "osm_destroyed",
        "name": "Destroyed (OSM)",
        "responsibleOrganization": "OpenStreetMap contributors",
        "isSynthetic": false,
        "validFrom": "2026-05-06",
        "sourceIdentifier": "osm-way-300750470"
      }
    },
    {
      "type": "Feature",
      "geometry": {
        "type": "Point",
        "coordinates": [
          34.4332181,
          31.47483
        ]
      },
      "properties": {
        "id": "osm-damage-way-300750471",
        "featureType": "critical_infrastructure",
        "infrastructureType": "building_damage_assessment",
        "status": "osm_destroyed",
        "name": "Destroyed (OSM)",
        "responsibleOrganization": "OpenStreetMap contributors",
        "isSynthetic": false,
        "validFrom": "2026-05-06",
        "sourceIdentifier": "osm-way-300750471"
      }
    },
    {
      "type": "Feature",
      "geometry": {
        "type": "Point",
        "coordinates": [
          34.4352867,
          31.4753431
        ]
      },
      "properties": {
        "id": "osm-damage-way-300750473",
        "featureType": "critical_infrastructure",
        "infrastructureType": "building_damage_assessment",
        "status": "osm_destroyed",
        "name": "Destroyed (OSM)",
        "responsibleOrganization": "OpenStreetMap contributors",
        "isSynthetic": false,
        "validFrom": "2026-05-06",
        "sourceIdentifier": "osm-way-300750473"
      }
    },
    {
      "type": "Feature",
      "geometry": {
        "type": "Point",
        "coordinates": [
          34.4338786,
          31.4720855
        ]
      },
      "properties": {
        "id": "osm-damage-way-300750474",
        "featureType": "critical_infrastructure",
        "infrastructureType": "building_damage_assessment",
        "status": "osm_destroyed",
        "name": "Destroyed (OSM)",
        "responsibleOrganization": "OpenStreetMap contributors",
        "isSynthetic": false,
        "validFrom": "2026-05-06",
        "sourceIdentifier": "osm-way-300750474"
      }
    },
    {
      "type": "Feature",
      "geometry": {
        "type": "Point",
        "coordinates": [
          34.4325851,
          31.4748428
        ]
      },
      "properties": {
        "id": "osm-damage-way-300750475",
        "featureType": "critical_infrastructure",
        "infrastructureType": "building_damage_assessment",
        "status": "osm_destroyed",
        "name": "Destroyed (OSM)",
        "responsibleOrganization": "OpenStreetMap contributors",
        "isSynthetic": false,
        "validFrom": "2026-05-06",
        "sourceIdentifier": "osm-way-300750475"
      }
    },
    {
      "type": "Feature",
      "geometry": {
        "type": "Point",
        "coordinates": [
          34.4342932,
          31.4753767
        ]
      },
      "properties": {
        "id": "osm-damage-way-300750476",
        "featureType": "critical_infrastructure",
        "infrastructureType": "building_damage_assessment",
        "status": "osm_destroyed",
        "name": "Destroyed (OSM)",
        "responsibleOrganization": "OpenStreetMap contributors",
        "isSynthetic": false,
        "validFrom": "2026-05-06",
        "sourceIdentifier": "osm-way-300750476"
      }
    },
    {
      "type": "Feature",
      "geometry": {
        "type": "Point",
        "coordinates": [
          34.4329783,
          31.4754426
        ]
      },
      "properties": {
        "id": "osm-damage-way-300750478",
        "featureType": "critical_infrastructure",
        "infrastructureType": "building_damage_assessment",
        "status": "osm_destroyed",
        "name": "Destroyed (OSM)",
        "responsibleOrganization": "OpenStreetMap contributors",
        "isSynthetic": false,
        "validFrom": "2026-05-06",
        "sourceIdentifier": "osm-way-300750478"
      }
    },
    {
      "type": "Feature",
      "geometry": {
        "type": "Point",
        "coordinates": [
          34.4357048,
          31.4746111
        ]
      },
      "properties": {
        "id": "osm-damage-way-300750479",
        "featureType": "critical_infrastructure",
        "infrastructureType": "building_damage_assessment",
        "status": "osm_destroyed",
        "name": "Destroyed (OSM)",
        "responsibleOrganization": "OpenStreetMap contributors",
        "isSynthetic": false,
        "validFrom": "2026-05-06",
        "sourceIdentifier": "osm-way-300750479"
      }
    },
    {
      "type": "Feature",
      "geometry": {
        "type": "Point",
        "coordinates": [
          34.4317431,
          31.4749375
        ]
      },
      "properties": {
        "id": "osm-damage-way-300750480",
        "featureType": "critical_infrastructure",
        "infrastructureType": "building_damage_assessment",
        "status": "osm_destroyed",
        "name": "Destroyed (OSM)",
        "responsibleOrganization": "OpenStreetMap contributors",
        "isSynthetic": false,
        "validFrom": "2026-05-06",
        "sourceIdentifier": "osm-way-300750480"
      }
    },
    {
      "type": "Feature",
      "geometry": {
        "type": "Point",
        "coordinates": [
          34.4360752,
          31.4743452
        ]
      },
      "properties": {
        "id": "osm-damage-way-300750481",
        "featureType": "critical_infrastructure",
        "infrastructureType": "building_damage_assessment",
        "status": "osm_destroyed",
        "name": "Destroyed (OSM)",
        "responsibleOrganization": "OpenStreetMap contributors",
        "isSynthetic": false,
        "validFrom": "2026-05-06",
        "sourceIdentifier": "osm-way-300750481"
      }
    },
    {
      "type": "Feature",
      "geometry": {
        "type": "Point",
        "coordinates": [
          34.4359967,
          31.475028
        ]
      },
      "properties": {
        "id": "osm-damage-way-300750482",
        "featureType": "critical_infrastructure",
        "infrastructureType": "building_damage_assessment",
        "status": "osm_destroyed",
        "name": "Destroyed (OSM)",
        "responsibleOrganization": "OpenStreetMap contributors",
        "isSynthetic": false,
        "validFrom": "2026-05-06",
        "sourceIdentifier": "osm-way-300750482"
      }
    },
    {
      "type": "Feature",
      "geometry": {
        "type": "Point",
        "coordinates": [
          34.433754,
          31.4752703
        ]
      },
      "properties": {
        "id": "osm-damage-way-300750484",
        "featureType": "critical_infrastructure",
        "infrastructureType": "building_damage_assessment",
        "status": "osm_destroyed",
        "name": "Destroyed (OSM)",
        "responsibleOrganization": "OpenStreetMap contributors",
        "isSynthetic": false,
        "validFrom": "2026-05-06",
        "sourceIdentifier": "osm-way-300750484"
      }
    },
    {
      "type": "Feature",
      "geometry": {
        "type": "Point",
        "coordinates": [
          34.4344335,
          31.4752121
        ]
      },
      "properties": {
        "id": "osm-damage-way-300750486",
        "featureType": "critical_infrastructure",
        "infrastructureType": "building_damage_assessment",
        "status": "osm_destroyed",
        "name": "Destroyed (OSM)",
        "responsibleOrganization": "OpenStreetMap contributors",
        "isSynthetic": false,
        "validFrom": "2026-05-06",
        "sourceIdentifier": "osm-way-300750486"
      }
    },
    {
      "type": "Feature",
      "geometry": {
        "type": "Point",
        "coordinates": [
          34.4360232,
          31.4755449
        ]
      },
      "properties": {
        "id": "osm-damage-way-300750487",
        "featureType": "critical_infrastructure",
        "infrastructureType": "building_damage_assessment",
        "status": "osm_destroyed",
        "name": "Destroyed (OSM)",
        "responsibleOrganization": "OpenStreetMap contributors",
        "isSynthetic": false,
        "validFrom": "2026-05-06",
        "sourceIdentifier": "osm-way-300750487"
      }
    },
    {
      "type": "Feature",
      "geometry": {
        "type": "Point",
        "coordinates": [
          34.4351915,
          31.4734178
        ]
      },
      "properties": {
        "id": "osm-damage-way-300750488",
        "featureType": "critical_infrastructure",
        "infrastructureType": "building_damage_assessment",
        "status": "osm_destroyed",
        "name": "Destroyed (OSM)",
        "responsibleOrganization": "OpenStreetMap contributors",
        "isSynthetic": false,
        "validFrom": "2026-05-06",
        "sourceIdentifier": "osm-way-300750488"
      }
    },
    {
      "type": "Feature",
      "geometry": {
        "type": "Point",
        "coordinates": [
          34.435404,
          31.4752383
        ]
      },
      "properties": {
        "id": "osm-damage-way-300750489",
        "featureType": "critical_infrastructure",
        "infrastructureType": "building_damage_assessment",
        "status": "osm_destroyed",
        "name": "Destroyed (OSM)",
        "responsibleOrganization": "OpenStreetMap contributors",
        "isSynthetic": false,
        "validFrom": "2026-05-06",
        "sourceIdentifier": "osm-way-300750489"
      }
    },
    {
      "type": "Feature",
      "geometry": {
        "type": "Point",
        "coordinates": [
          34.4335717,
          31.4722706
        ]
      },
      "properties": {
        "id": "osm-damage-way-300750490",
        "featureType": "critical_infrastructure",
        "infrastructureType": "building_damage_assessment",
        "status": "osm_destroyed",
        "name": "Destroyed (OSM)",
        "responsibleOrganization": "OpenStreetMap contributors",
        "isSynthetic": false,
        "validFrom": "2026-05-06",
        "sourceIdentifier": "osm-way-300750490"
      }
    },
    {
      "type": "Feature",
      "geometry": {
        "type": "Point",
        "coordinates": [
          34.4359145,
          31.4754397
        ]
      },
      "properties": {
        "id": "osm-damage-way-300750491",
        "featureType": "critical_infrastructure",
        "infrastructureType": "building_damage_assessment",
        "status": "osm_destroyed",
        "name": "Destroyed (OSM)",
        "responsibleOrganization": "OpenStreetMap contributors",
        "isSynthetic": false,
        "validFrom": "2026-05-06",
        "sourceIdentifier": "osm-way-300750491"
      }
    },
    {
      "type": "Feature",
      "geometry": {
        "type": "Point",
        "coordinates": [
          34.4319756,
          31.4748608
        ]
      },
      "properties": {
        "id": "osm-damage-way-300750492",
        "featureType": "critical_infrastructure",
        "infrastructureType": "building_damage_assessment",
        "status": "osm_destroyed",
        "name": "Destroyed (OSM)",
        "responsibleOrganization": "OpenStreetMap contributors",
        "isSynthetic": false,
        "validFrom": "2026-05-06",
        "sourceIdentifier": "osm-way-300750492"
      }
    },
    {
      "type": "Feature",
      "geometry": {
        "type": "Point",
        "coordinates": [
          34.4318137,
          31.4753478
        ]
      },
      "properties": {
        "id": "osm-damage-way-300750493",
        "featureType": "critical_infrastructure",
        "infrastructureType": "building_damage_assessment",
        "status": "osm_destroyed",
        "name": "Destroyed (OSM)",
        "responsibleOrganization": "OpenStreetMap contributors",
        "isSynthetic": false,
        "validFrom": "2026-05-06",
        "sourceIdentifier": "osm-way-300750493"
      }
    },
    {
      "type": "Feature",
      "geometry": {
        "type": "Point",
        "coordinates": [
          34.4346354,
          31.4739801
        ]
      },
      "properties": {
        "id": "osm-damage-way-300750494",
        "featureType": "critical_infrastructure",
        "infrastructureType": "building_damage_assessment",
        "status": "osm_destroyed",
        "name": "Destroyed (OSM)",
        "responsibleOrganization": "OpenStreetMap contributors",
        "isSynthetic": false,
        "validFrom": "2026-05-06",
        "sourceIdentifier": "osm-way-300750494"
      }
    },
    {
      "type": "Feature",
      "geometry": {
        "type": "Point",
        "coordinates": [
          34.4338063,
          31.4726048
        ]
      },
      "properties": {
        "id": "osm-damage-way-300750495",
        "featureType": "critical_infrastructure",
        "infrastructureType": "building_damage_assessment",
        "status": "osm_destroyed",
        "name": "Destroyed (OSM)",
        "responsibleOrganization": "OpenStreetMap contributors",
        "isSynthetic": false,
        "validFrom": "2026-05-06",
        "sourceIdentifier": "osm-way-300750495"
      }
    },
    {
      "type": "Feature",
      "geometry": {
        "type": "Point",
        "coordinates": [
          34.4358352,
          31.4755994
        ]
      },
      "properties": {
        "id": "osm-damage-way-300750496",
        "featureType": "critical_infrastructure",
        "infrastructureType": "building_damage_assessment",
        "status": "osm_destroyed",
        "name": "Destroyed (OSM)",
        "responsibleOrganization": "OpenStreetMap contributors",
        "isSynthetic": false,
        "validFrom": "2026-05-06",
        "sourceIdentifier": "osm-way-300750496"
      }
    },
    {
      "type": "Feature",
      "geometry": {
        "type": "Point",
        "coordinates": [
          34.4312311,
          31.4752805
        ]
      },
      "properties": {
        "id": "osm-damage-way-300750497",
        "featureType": "critical_infrastructure",
        "infrastructureType": "building_damage_assessment",
        "status": "osm_destroyed",
        "name": "Destroyed (OSM)",
        "responsibleOrganization": "OpenStreetMap contributors",
        "isSynthetic": false,
        "validFrom": "2026-05-06",
        "sourceIdentifier": "osm-way-300750497"
      }
    },
    {
      "type": "Feature",
      "geometry": {
        "type": "Point",
        "coordinates": [
          34.4365574,
          31.4753812
        ]
      },
      "properties": {
        "id": "osm-damage-way-300750498",
        "featureType": "critical_infrastructure",
        "infrastructureType": "building_damage_assessment",
        "status": "osm_destroyed",
        "name": "Destroyed (OSM)",
        "responsibleOrganization": "OpenStreetMap contributors",
        "isSynthetic": false,
        "validFrom": "2026-05-06",
        "sourceIdentifier": "osm-way-300750498"
      }
    },
    {
      "type": "Feature",
      "geometry": {
        "type": "Point",
        "coordinates": [
          34.4360854,
          31.4749551
        ]
      },
      "properties": {
        "id": "osm-damage-way-300750499",
        "featureType": "critical_infrastructure",
        "infrastructureType": "building_damage_assessment",
        "status": "osm_destroyed",
        "name": "Destroyed (OSM)",
        "responsibleOrganization": "OpenStreetMap contributors",
        "isSynthetic": false,
        "validFrom": "2026-05-06",
        "sourceIdentifier": "osm-way-300750499"
      }
    },
    {
      "type": "Feature",
      "geometry": {
        "type": "Point",
        "coordinates": [
          34.4316876,
          31.4754619
        ]
      },
      "properties": {
        "id": "osm-damage-way-300750500",
        "featureType": "critical_infrastructure",
        "infrastructureType": "building_damage_assessment",
        "status": "osm_destroyed",
        "name": "Destroyed (OSM)",
        "responsibleOrganization": "OpenStreetMap contributors",
        "isSynthetic": false,
        "validFrom": "2026-05-06",
        "sourceIdentifier": "osm-way-300750500"
      }
    },
    {
      "type": "Feature",
      "geometry": {
        "type": "Point",
        "coordinates": [
          34.4344646,
          31.474136
        ]
      },
      "properties": {
        "id": "osm-damage-way-300750502",
        "featureType": "critical_infrastructure",
        "infrastructureType": "building_damage_assessment",
        "status": "osm_destroyed",
        "name": "Destroyed (OSM)",
        "responsibleOrganization": "OpenStreetMap contributors",
        "isSynthetic": false,
        "validFrom": "2026-05-06",
        "sourceIdentifier": "osm-way-300750502"
      }
    },
    {
      "type": "Feature",
      "geometry": {
        "type": "Point",
        "coordinates": [
          34.4344327,
          31.4729878
        ]
      },
      "properties": {
        "id": "osm-damage-way-300750503",
        "featureType": "critical_infrastructure",
        "infrastructureType": "building_damage_assessment",
        "status": "osm_destroyed",
        "name": "Destroyed (OSM)",
        "responsibleOrganization": "OpenStreetMap contributors",
        "isSynthetic": false,
        "validFrom": "2026-05-06",
        "sourceIdentifier": "osm-way-300750503"
      }
    },
    {
      "type": "Feature",
      "geometry": {
        "type": "Point",
        "coordinates": [
          34.4326885,
          31.4747294
        ]
      },
      "properties": {
        "id": "osm-damage-way-300750505",
        "featureType": "critical_infrastructure",
        "infrastructureType": "building_damage_assessment",
        "status": "osm_destroyed",
        "name": "Destroyed (OSM)",
        "responsibleOrganization": "OpenStreetMap contributors",
        "isSynthetic": false,
        "validFrom": "2026-05-06",
        "sourceIdentifier": "osm-way-300750505"
      }
    },
    {
      "type": "Feature",
      "geometry": {
        "type": "Point",
        "coordinates": [
          34.4355323,
          31.4747578
        ]
      },
      "properties": {
        "id": "osm-damage-way-300750506",
        "featureType": "critical_infrastructure",
        "infrastructureType": "building_damage_assessment",
        "status": "osm_destroyed",
        "name": "Destroyed (OSM)",
        "responsibleOrganization": "OpenStreetMap contributors",
        "isSynthetic": false,
        "validFrom": "2026-05-06",
        "sourceIdentifier": "osm-way-300750506"
      }
    },
    {
      "type": "Feature",
      "geometry": {
        "type": "Point",
        "coordinates": [
          34.4352663,
          31.4734915
        ]
      },
      "properties": {
        "id": "osm-damage-way-300750507",
        "featureType": "critical_infrastructure",
        "infrastructureType": "building_damage_assessment",
        "status": "osm_destroyed",
        "name": "Destroyed (OSM)",
        "responsibleOrganization": "OpenStreetMap contributors",
        "isSynthetic": false,
        "validFrom": "2026-05-06",
        "sourceIdentifier": "osm-way-300750507"
      }
    },
    {
      "type": "Feature",
      "geometry": {
        "type": "Point",
        "coordinates": [
          34.4323103,
          31.4746847
        ]
      },
      "properties": {
        "id": "osm-damage-way-300750509",
        "featureType": "critical_infrastructure",
        "infrastructureType": "building_damage_assessment",
        "status": "osm_destroyed",
        "name": "Destroyed (OSM)",
        "responsibleOrganization": "OpenStreetMap contributors",
        "isSynthetic": false,
        "validFrom": "2026-05-06",
        "sourceIdentifier": "osm-way-300750509"
      }
    },
    {
      "type": "Feature",
      "geometry": {
        "type": "Point",
        "coordinates": [
          34.4328521,
          31.4748602
        ]
      },
      "properties": {
        "id": "osm-damage-way-300750510",
        "featureType": "critical_infrastructure",
        "infrastructureType": "building_damage_assessment",
        "status": "osm_destroyed",
        "name": "Destroyed (OSM)",
        "responsibleOrganization": "OpenStreetMap contributors",
        "isSynthetic": false,
        "validFrom": "2026-05-06",
        "sourceIdentifier": "osm-way-300750510"
      }
    },
    {
      "type": "Feature",
      "geometry": {
        "type": "Point",
        "coordinates": [
          34.4335997,
          31.4725162
        ]
      },
      "properties": {
        "id": "osm-damage-way-300750513",
        "featureType": "critical_infrastructure",
        "infrastructureType": "building_damage_assessment",
        "status": "osm_destroyed",
        "name": "Destroyed (OSM)",
        "responsibleOrganization": "OpenStreetMap contributors",
        "isSynthetic": false,
        "validFrom": "2026-05-06",
        "sourceIdentifier": "osm-way-300750513"
      }
    },
    {
      "type": "Feature",
      "geometry": {
        "type": "Point",
        "coordinates": [
          34.4358296,
          31.4752235
        ]
      },
      "properties": {
        "id": "osm-damage-way-300750514",
        "featureType": "critical_infrastructure",
        "infrastructureType": "building_damage_assessment",
        "status": "osm_destroyed",
        "name": "Destroyed (OSM)",
        "responsibleOrganization": "OpenStreetMap contributors",
        "isSynthetic": false,
        "validFrom": "2026-05-06",
        "sourceIdentifier": "osm-way-300750514"
      }
    },
    {
      "type": "Feature",
      "geometry": {
        "type": "Point",
        "coordinates": [
          34.4349625,
          31.4749794
        ]
      },
      "properties": {
        "id": "osm-damage-way-300750515",
        "featureType": "critical_infrastructure",
        "infrastructureType": "building_damage_assessment",
        "status": "osm_destroyed",
        "name": "Destroyed (OSM)",
        "responsibleOrganization": "OpenStreetMap contributors",
        "isSynthetic": false,
        "validFrom": "2026-05-06",
        "sourceIdentifier": "osm-way-300750515"
      }
    },
    {
      "type": "Feature",
      "geometry": {
        "type": "Point",
        "coordinates": [
          34.4363996,
          31.4746073
        ]
      },
      "properties": {
        "id": "osm-damage-way-300750516",
        "featureType": "critical_infrastructure",
        "infrastructureType": "building_damage_assessment",
        "status": "osm_destroyed",
        "name": "Destroyed (OSM)",
        "responsibleOrganization": "OpenStreetMap contributors",
        "isSynthetic": false,
        "validFrom": "2026-05-06",
        "sourceIdentifier": "osm-way-300750516"
      }
    },
    {
      "type": "Feature",
      "geometry": {
        "type": "Point",
        "coordinates": [
          34.4350362,
          31.4735797
        ]
      },
      "properties": {
        "id": "osm-damage-way-300750518",
        "featureType": "critical_infrastructure",
        "infrastructureType": "building_damage_assessment",
        "status": "osm_destroyed",
        "name": "Destroyed (OSM)",
        "responsibleOrganization": "OpenStreetMap contributors",
        "isSynthetic": false,
        "validFrom": "2026-05-06",
        "sourceIdentifier": "osm-way-300750518"
      }
    },
    {
      "type": "Feature",
      "geometry": {
        "type": "Point",
        "coordinates": [
          34.4344883,
          31.4752816
        ]
      },
      "properties": {
        "id": "osm-damage-way-300750520",
        "featureType": "critical_infrastructure",
        "infrastructureType": "building_damage_assessment",
        "status": "osm_destroyed",
        "name": "Destroyed (OSM)",
        "responsibleOrganization": "OpenStreetMap contributors",
        "isSynthetic": false,
        "validFrom": "2026-05-06",
        "sourceIdentifier": "osm-way-300750520"
      }
    },
    {
      "type": "Feature",
      "geometry": {
        "type": "Point",
        "coordinates": [
          34.4349005,
          31.4734364
        ]
      },
      "properties": {
        "id": "osm-damage-way-300750521",
        "featureType": "critical_infrastructure",
        "infrastructureType": "building_damage_assessment",
        "status": "osm_destroyed",
        "name": "Destroyed (OSM)",
        "responsibleOrganization": "OpenStreetMap contributors",
        "isSynthetic": false,
        "validFrom": "2026-05-06",
        "sourceIdentifier": "osm-way-300750521"
      }
    },
    {
      "type": "Feature",
      "geometry": {
        "type": "Point",
        "coordinates": [
          34.4343344,
          31.4751684
        ]
      },
      "properties": {
        "id": "osm-damage-way-300750522",
        "featureType": "critical_infrastructure",
        "infrastructureType": "building_damage_assessment",
        "status": "osm_destroyed",
        "name": "Destroyed (OSM)",
        "responsibleOrganization": "OpenStreetMap contributors",
        "isSynthetic": false,
        "validFrom": "2026-05-06",
        "sourceIdentifier": "osm-way-300750522"
      }
    },
    {
      "type": "Feature",
      "geometry": {
        "type": "Point",
        "coordinates": [
          34.4341972,
          31.4752841
        ]
      },
      "properties": {
        "id": "osm-damage-way-300750525",
        "featureType": "critical_infrastructure",
        "infrastructureType": "building_damage_assessment",
        "status": "osm_destroyed",
        "name": "Destroyed (OSM)",
        "responsibleOrganization": "OpenStreetMap contributors",
        "isSynthetic": false,
        "validFrom": "2026-05-06",
        "sourceIdentifier": "osm-way-300750525"
      }
    },
    {
      "type": "Feature",
      "geometry": {
        "type": "Point",
        "coordinates": [
          34.4344121,
          31.4754171
        ]
      },
      "properties": {
        "id": "osm-damage-way-300750526",
        "featureType": "critical_infrastructure",
        "infrastructureType": "building_damage_assessment",
        "status": "osm_destroyed",
        "name": "Destroyed (OSM)",
        "responsibleOrganization": "OpenStreetMap contributors",
        "isSynthetic": false,
        "validFrom": "2026-05-06",
        "sourceIdentifier": "osm-way-300750526"
      }
    },
    {
      "type": "Feature",
      "geometry": {
        "type": "Point",
        "coordinates": [
          34.4348114,
          31.4732894
        ]
      },
      "properties": {
        "id": "osm-damage-way-300750528",
        "featureType": "critical_infrastructure",
        "infrastructureType": "building_damage_assessment",
        "status": "osm_destroyed",
        "name": "Destroyed (OSM)",
        "responsibleOrganization": "OpenStreetMap contributors",
        "isSynthetic": false,
        "validFrom": "2026-05-06",
        "sourceIdentifier": "osm-way-300750528"
      }
    },
    {
      "type": "Feature",
      "geometry": {
        "type": "Point",
        "coordinates": [
          34.4356415,
          31.4750444
        ]
      },
      "properties": {
        "id": "osm-damage-way-300750529",
        "featureType": "critical_infrastructure",
        "infrastructureType": "building_damage_assessment",
        "status": "osm_destroyed",
        "name": "Destroyed (OSM)",
        "responsibleOrganization": "OpenStreetMap contributors",
        "isSynthetic": false,
        "validFrom": "2026-05-06",
        "sourceIdentifier": "osm-way-300750529"
      }
    },
    {
      "type": "Feature",
      "geometry": {
        "type": "Point",
        "coordinates": [
          34.4345829,
          31.4732149
        ]
      },
      "properties": {
        "id": "osm-damage-way-300750534",
        "featureType": "critical_infrastructure",
        "infrastructureType": "building_damage_assessment",
        "status": "osm_destroyed",
        "name": "Destroyed (OSM)",
        "responsibleOrganization": "OpenStreetMap contributors",
        "isSynthetic": false,
        "validFrom": "2026-05-06",
        "sourceIdentifier": "osm-way-300750534"
      }
    },
    {
      "type": "Feature",
      "geometry": {
        "type": "Point",
        "coordinates": [
          34.4544985,
          31.5390318
        ]
      },
      "properties": {
        "id": "osm-damage-way-300991139",
        "featureType": "critical_infrastructure",
        "infrastructureType": "building_damage_assessment",
        "status": "osm_destroyed",
        "name": "Destroyed (OSM)",
        "responsibleOrganization": "OpenStreetMap contributors",
        "isSynthetic": false,
        "validFrom": "2026-05-06",
        "sourceIdentifier": "osm-way-300991139"
      }
    },
    {
      "type": "Feature",
      "geometry": {
        "type": "Point",
        "coordinates": [
          34.4540657,
          31.5379715
        ]
      },
      "properties": {
        "id": "osm-damage-way-301073845",
        "featureType": "critical_infrastructure",
        "infrastructureType": "building_damage_assessment",
        "status": "osm_damaged",
        "name": "Damaged (OSM)",
        "responsibleOrganization": "OpenStreetMap contributors",
        "isSynthetic": false,
        "validFrom": "2026-05-06",
        "sourceIdentifier": "osm-way-301073845"
      }
    },
    {
      "type": "Feature",
      "geometry": {
        "type": "Point",
        "coordinates": [
          34.4542978,
          31.5378001
        ]
      },
      "properties": {
        "id": "osm-damage-way-301073846",
        "featureType": "critical_infrastructure",
        "infrastructureType": "building_damage_assessment",
        "status": "osm_damaged",
        "name": "Damaged (OSM)",
        "responsibleOrganization": "OpenStreetMap contributors",
        "isSynthetic": false,
        "validFrom": "2026-05-06",
        "sourceIdentifier": "osm-way-301073846"
      }
    },
    {
      "type": "Feature",
      "geometry": {
        "type": "Point",
        "coordinates": [
          34.467037,
          31.5028615
        ]
      },
      "properties": {
        "id": "osm-damage-way-301665757",
        "featureType": "critical_infrastructure",
        "infrastructureType": "building_damage_assessment",
        "status": "osm_destroyed",
        "name": "Destroyed (OSM)",
        "responsibleOrganization": "OpenStreetMap contributors",
        "isSynthetic": false,
        "validFrom": "2026-05-06",
        "sourceIdentifier": "osm-way-301665757"
      }
    },
    {
      "type": "Feature",
      "geometry": {
        "type": "Point",
        "coordinates": [
          34.4410786,
          31.484753
        ]
      },
      "properties": {
        "id": "osm-damage-way-302400707",
        "featureType": "critical_infrastructure",
        "infrastructureType": "building_damage_assessment",
        "status": "osm_destroyed",
        "name": "Destroyed (OSM)",
        "responsibleOrganization": "OpenStreetMap contributors",
        "isSynthetic": false,
        "validFrom": "2026-05-06",
        "sourceIdentifier": "osm-way-302400707"
      }
    },
    {
      "type": "Feature",
      "geometry": {
        "type": "Point",
        "coordinates": [
          34.4412738,
          31.4847523
        ]
      },
      "properties": {
        "id": "osm-damage-way-302400709",
        "featureType": "critical_infrastructure",
        "infrastructureType": "building_damage_assessment",
        "status": "osm_destroyed",
        "name": "Destroyed (OSM)",
        "responsibleOrganization": "OpenStreetMap contributors",
        "isSynthetic": false,
        "validFrom": "2026-05-06",
        "sourceIdentifier": "osm-way-302400709"
      }
    },
    {
      "type": "Feature",
      "geometry": {
        "type": "Point",
        "coordinates": [
          34.4422597,
          31.4838717
        ]
      },
      "properties": {
        "id": "osm-damage-way-302400715",
        "featureType": "critical_infrastructure",
        "infrastructureType": "building_damage_assessment",
        "status": "osm_destroyed",
        "name": "Destroyed (OSM)",
        "responsibleOrganization": "OpenStreetMap contributors",
        "isSynthetic": false,
        "validFrom": "2026-05-06",
        "sourceIdentifier": "osm-way-302400715"
      }
    },
    {
      "type": "Feature",
      "geometry": {
        "type": "Point",
        "coordinates": [
          34.4411606,
          31.484931
        ]
      },
      "properties": {
        "id": "osm-damage-way-302400733",
        "featureType": "critical_infrastructure",
        "infrastructureType": "building_damage_assessment",
        "status": "osm_destroyed",
        "name": "Destroyed (OSM)",
        "responsibleOrganization": "OpenStreetMap contributors",
        "isSynthetic": false,
        "validFrom": "2026-05-06",
        "sourceIdentifier": "osm-way-302400733"
      }
    },
    {
      "type": "Feature",
      "geometry": {
        "type": "Point",
        "coordinates": [
          34.4409821,
          31.4848379
        ]
      },
      "properties": {
        "id": "osm-damage-way-302400735",
        "featureType": "critical_infrastructure",
        "infrastructureType": "building_damage_assessment",
        "status": "osm_destroyed",
        "name": "Destroyed (OSM)",
        "responsibleOrganization": "OpenStreetMap contributors",
        "isSynthetic": false,
        "validFrom": "2026-05-06",
        "sourceIdentifier": "osm-way-302400735"
      }
    },
    {
      "type": "Feature",
      "geometry": {
        "type": "Point",
        "coordinates": [
          34.441165,
          31.4844006
        ]
      },
      "properties": {
        "id": "osm-damage-way-302400757",
        "featureType": "critical_infrastructure",
        "infrastructureType": "building_damage_assessment",
        "status": "osm_destroyed",
        "name": "Destroyed (OSM)",
        "responsibleOrganization": "OpenStreetMap contributors",
        "isSynthetic": false,
        "validFrom": "2026-05-06",
        "sourceIdentifier": "osm-way-302400757"
      }
    },
    {
      "type": "Feature",
      "geometry": {
        "type": "Point",
        "coordinates": [
          34.4415457,
          31.4843298
        ]
      },
      "properties": {
        "id": "osm-damage-way-302400760",
        "featureType": "critical_infrastructure",
        "infrastructureType": "building_damage_assessment",
        "status": "osm_destroyed",
        "name": "Destroyed (OSM)",
        "responsibleOrganization": "OpenStreetMap contributors",
        "isSynthetic": false,
        "validFrom": "2026-05-06",
        "sourceIdentifier": "osm-way-302400760"
      }
    },
    {
      "type": "Feature",
      "geometry": {
        "type": "Point",
        "coordinates": [
          34.44178,
          31.4841924
        ]
      },
      "properties": {
        "id": "osm-damage-way-302400763",
        "featureType": "critical_infrastructure",
        "infrastructureType": "building_damage_assessment",
        "status": "osm_destroyed",
        "name": "Destroyed (OSM)",
        "responsibleOrganization": "OpenStreetMap contributors",
        "isSynthetic": false,
        "validFrom": "2026-05-06",
        "sourceIdentifier": "osm-way-302400763"
      }
    },
    {
      "type": "Feature",
      "geometry": {
        "type": "Point",
        "coordinates": [
          34.4393187,
          31.4817465
        ]
      },
      "properties": {
        "id": "osm-damage-way-302400778",
        "featureType": "critical_infrastructure",
        "infrastructureType": "building_damage_assessment",
        "status": "osm_destroyed",
        "name": "Destroyed (OSM)",
        "responsibleOrganization": "OpenStreetMap contributors",
        "isSynthetic": false,
        "validFrom": "2026-05-06",
        "sourceIdentifier": "osm-way-302400778"
      }
    },
    {
      "type": "Feature",
      "geometry": {
        "type": "Point",
        "coordinates": [
          34.4418293,
          31.4846986
        ]
      },
      "properties": {
        "id": "osm-damage-way-302400784",
        "featureType": "critical_infrastructure",
        "infrastructureType": "building_damage_assessment",
        "status": "osm_destroyed",
        "name": "Destroyed (OSM)",
        "responsibleOrganization": "OpenStreetMap contributors",
        "isSynthetic": false,
        "validFrom": "2026-05-06",
        "sourceIdentifier": "osm-way-302400784"
      }
    },
    {
      "type": "Feature",
      "geometry": {
        "type": "Point",
        "coordinates": [
          34.4408296,
          31.481956
        ]
      },
      "properties": {
        "id": "osm-damage-way-302400785",
        "featureType": "critical_infrastructure",
        "infrastructureType": "building_damage_assessment",
        "status": "osm_destroyed",
        "name": "Destroyed (OSM)",
        "responsibleOrganization": "OpenStreetMap contributors",
        "isSynthetic": false,
        "validFrom": "2026-05-06",
        "sourceIdentifier": "osm-way-302400785"
      }
    },
    {
      "type": "Feature",
      "geometry": {
        "type": "Point",
        "coordinates": [
          34.4431613,
          31.4820726
        ]
      },
      "properties": {
        "id": "osm-damage-way-302411650",
        "featureType": "critical_infrastructure",
        "infrastructureType": "building_damage_assessment",
        "status": "osm_destroyed",
        "name": "Destroyed (OSM)",
        "responsibleOrganization": "OpenStreetMap contributors",
        "isSynthetic": false,
        "validFrom": "2026-05-06",
        "sourceIdentifier": "osm-way-302411650"
      }
    },
    {
      "type": "Feature",
      "geometry": {
        "type": "Point",
        "coordinates": [
          34.4463296,
          31.4845922
        ]
      },
      "properties": {
        "id": "osm-damage-way-302411652",
        "featureType": "critical_infrastructure",
        "infrastructureType": "building_damage_assessment",
        "status": "osm_destroyed",
        "name": "Destroyed (OSM)",
        "responsibleOrganization": "OpenStreetMap contributors",
        "isSynthetic": false,
        "validFrom": "2026-05-06",
        "sourceIdentifier": "osm-way-302411652"
      }
    },
    {
      "type": "Feature",
      "geometry": {
        "type": "Point",
        "coordinates": [
          34.4476413,
          31.4848016
        ]
      },
      "properties": {
        "id": "osm-damage-way-302411660",
        "featureType": "critical_infrastructure",
        "infrastructureType": "building_damage_assessment",
        "status": "osm_destroyed",
        "name": "Destroyed (OSM)",
        "responsibleOrganization": "OpenStreetMap contributors",
        "isSynthetic": false,
        "validFrom": "2026-05-06",
        "sourceIdentifier": "osm-way-302411660"
      }
    },
    {
      "type": "Feature",
      "geometry": {
        "type": "Point",
        "coordinates": [
          34.4451837,
          31.4841486
        ]
      },
      "properties": {
        "id": "osm-damage-way-302411663",
        "featureType": "critical_infrastructure",
        "infrastructureType": "building_damage_assessment",
        "status": "osm_destroyed",
        "name": "Destroyed (OSM)",
        "responsibleOrganization": "OpenStreetMap contributors",
        "isSynthetic": false,
        "validFrom": "2026-05-06",
        "sourceIdentifier": "osm-way-302411663"
      }
    },
    {
      "type": "Feature",
      "geometry": {
        "type": "Point",
        "coordinates": [
          34.4430391,
          31.4821551
        ]
      },
      "properties": {
        "id": "osm-damage-way-302411667",
        "featureType": "critical_infrastructure",
        "infrastructureType": "building_damage_assessment",
        "status": "osm_destroyed",
        "name": "Destroyed (OSM)",
        "responsibleOrganization": "OpenStreetMap contributors",
        "isSynthetic": false,
        "validFrom": "2026-05-06",
        "sourceIdentifier": "osm-way-302411667"
      }
    },
    {
      "type": "Feature",
      "geometry": {
        "type": "Point",
        "coordinates": [
          34.4431514,
          31.4819662
        ]
      },
      "properties": {
        "id": "osm-damage-way-302411670",
        "featureType": "critical_infrastructure",
        "infrastructureType": "building_damage_assessment",
        "status": "osm_destroyed",
        "name": "Destroyed (OSM)",
        "responsibleOrganization": "OpenStreetMap contributors",
        "isSynthetic": false,
        "validFrom": "2026-05-06",
        "sourceIdentifier": "osm-way-302411670"
      }
    },
    {
      "type": "Feature",
      "geometry": {
        "type": "Point",
        "coordinates": [
          34.4424049,
          31.4845443
        ]
      },
      "properties": {
        "id": "osm-damage-way-302411676",
        "featureType": "critical_infrastructure",
        "infrastructureType": "building_damage_assessment",
        "status": "osm_destroyed",
        "name": "Destroyed (OSM)",
        "responsibleOrganization": "OpenStreetMap contributors",
        "isSynthetic": false,
        "validFrom": "2026-05-06",
        "sourceIdentifier": "osm-way-302411676"
      }
    },
    {
      "type": "Feature",
      "geometry": {
        "type": "Point",
        "coordinates": [
          34.4426007,
          31.4844324
        ]
      },
      "properties": {
        "id": "osm-damage-way-302411683",
        "featureType": "critical_infrastructure",
        "infrastructureType": "building_damage_assessment",
        "status": "osm_destroyed",
        "name": "Destroyed (OSM)",
        "responsibleOrganization": "OpenStreetMap contributors",
        "isSynthetic": false,
        "validFrom": "2026-05-06",
        "sourceIdentifier": "osm-way-302411683"
      }
    },
    {
      "type": "Feature",
      "geometry": {
        "type": "Point",
        "coordinates": [
          34.4460916,
          31.4844329
        ]
      },
      "properties": {
        "id": "osm-damage-way-302411687",
        "featureType": "critical_infrastructure",
        "infrastructureType": "building_damage_assessment",
        "status": "osm_destroyed",
        "name": "Destroyed (OSM)",
        "responsibleOrganization": "OpenStreetMap contributors",
        "isSynthetic": false,
        "validFrom": "2026-05-06",
        "sourceIdentifier": "osm-way-302411687"
      }
    },
    {
      "type": "Feature",
      "geometry": {
        "type": "Point",
        "coordinates": [
          34.4449787,
          31.4840193
        ]
      },
      "properties": {
        "id": "osm-damage-way-302411697",
        "featureType": "critical_infrastructure",
        "infrastructureType": "building_damage_assessment",
        "status": "osm_destroyed",
        "name": "Destroyed (OSM)",
        "responsibleOrganization": "OpenStreetMap contributors",
        "isSynthetic": false,
        "validFrom": "2026-05-06",
        "sourceIdentifier": "osm-way-302411697"
      }
    },
    {
      "type": "Feature",
      "geometry": {
        "type": "Point",
        "coordinates": [
          34.4471005,
          31.4842064
        ]
      },
      "properties": {
        "id": "osm-damage-way-302411705",
        "featureType": "critical_infrastructure",
        "infrastructureType": "building_damage_assessment",
        "status": "osm_destroyed",
        "name": "Destroyed (OSM)",
        "responsibleOrganization": "OpenStreetMap contributors",
        "isSynthetic": false,
        "validFrom": "2026-05-06",
        "sourceIdentifier": "osm-way-302411705"
      }
    },
    {
      "type": "Feature",
      "geometry": {
        "type": "Point",
        "coordinates": [
          34.4459858,
          31.484303
        ]
      },
      "properties": {
        "id": "osm-damage-way-302411707",
        "featureType": "critical_infrastructure",
        "infrastructureType": "building_damage_assessment",
        "status": "osm_destroyed",
        "name": "Destroyed (OSM)",
        "responsibleOrganization": "OpenStreetMap contributors",
        "isSynthetic": false,
        "validFrom": "2026-05-06",
        "sourceIdentifier": "osm-way-302411707"
      }
    },
    {
      "type": "Feature",
      "geometry": {
        "type": "Point",
        "coordinates": [
          34.4473809,
          31.4845928
        ]
      },
      "properties": {
        "id": "osm-damage-way-302411708",
        "featureType": "critical_infrastructure",
        "infrastructureType": "building_damage_assessment",
        "status": "osm_destroyed",
        "name": "Destroyed (OSM)",
        "responsibleOrganization": "OpenStreetMap contributors",
        "isSynthetic": false,
        "validFrom": "2026-05-06",
        "sourceIdentifier": "osm-way-302411708"
      }
    },
    {
      "type": "Feature",
      "geometry": {
        "type": "Point",
        "coordinates": [
          34.4475731,
          31.4848978
        ]
      },
      "properties": {
        "id": "osm-damage-way-302411711",
        "featureType": "critical_infrastructure",
        "infrastructureType": "building_damage_assessment",
        "status": "osm_destroyed",
        "name": "Destroyed (OSM)",
        "responsibleOrganization": "OpenStreetMap contributors",
        "isSynthetic": false,
        "validFrom": "2026-05-06",
        "sourceIdentifier": "osm-way-302411711"
      }
    },
    {
      "type": "Feature",
      "geometry": {
        "type": "Point",
        "coordinates": [
          34.4474223,
          31.4838942
        ]
      },
      "properties": {
        "id": "osm-damage-way-302411725",
        "featureType": "critical_infrastructure",
        "infrastructureType": "building_damage_assessment",
        "status": "osm_destroyed",
        "name": "Destroyed (OSM)",
        "responsibleOrganization": "OpenStreetMap contributors",
        "isSynthetic": false,
        "validFrom": "2026-05-06",
        "sourceIdentifier": "osm-way-302411725"
      }
    },
    {
      "type": "Feature",
      "geometry": {
        "type": "Point",
        "coordinates": [
          34.447322,
          31.484832
        ]
      },
      "properties": {
        "id": "osm-damage-way-302411726",
        "featureType": "critical_infrastructure",
        "infrastructureType": "building_damage_assessment",
        "status": "osm_destroyed",
        "name": "Destroyed (OSM)",
        "responsibleOrganization": "OpenStreetMap contributors",
        "isSynthetic": false,
        "validFrom": "2026-05-06",
        "sourceIdentifier": "osm-way-302411726"
      }
    },
    {
      "type": "Feature",
      "geometry": {
        "type": "Point",
        "coordinates": [
          34.447056,
          31.4838533
        ]
      },
      "properties": {
        "id": "osm-damage-way-302411729",
        "featureType": "critical_infrastructure",
        "infrastructureType": "building_damage_assessment",
        "status": "osm_destroyed",
        "name": "Destroyed (OSM)",
        "responsibleOrganization": "OpenStreetMap contributors",
        "isSynthetic": false,
        "validFrom": "2026-05-06",
        "sourceIdentifier": "osm-way-302411729"
      }
    },
    {
      "type": "Feature",
      "geometry": {
        "type": "Point",
        "coordinates": [
          34.4472155,
          31.484692
        ]
      },
      "properties": {
        "id": "osm-damage-way-302411734",
        "featureType": "critical_infrastructure",
        "infrastructureType": "building_damage_assessment",
        "status": "osm_destroyed",
        "name": "Destroyed (OSM)",
        "responsibleOrganization": "OpenStreetMap contributors",
        "isSynthetic": false,
        "validFrom": "2026-05-06",
        "sourceIdentifier": "osm-way-302411734"
      }
    },
    {
      "type": "Feature",
      "geometry": {
        "type": "Point",
        "coordinates": [
          34.4368456,
          31.4750011
        ]
      },
      "properties": {
        "id": "osm-damage-way-302412012",
        "featureType": "critical_infrastructure",
        "infrastructureType": "building_damage_assessment",
        "status": "osm_destroyed",
        "name": "Destroyed (OSM)",
        "responsibleOrganization": "OpenStreetMap contributors",
        "isSynthetic": false,
        "validFrom": "2026-05-06",
        "sourceIdentifier": "osm-way-302412012"
      }
    },
    {
      "type": "Feature",
      "geometry": {
        "type": "Point",
        "coordinates": [
          34.4369501,
          31.4756042
        ]
      },
      "properties": {
        "id": "osm-damage-way-302412016",
        "featureType": "critical_infrastructure",
        "infrastructureType": "building_damage_assessment",
        "status": "osm_destroyed",
        "name": "Destroyed (OSM)",
        "responsibleOrganization": "OpenStreetMap contributors",
        "isSynthetic": false,
        "validFrom": "2026-05-06",
        "sourceIdentifier": "osm-way-302412016"
      }
    },
    {
      "type": "Feature",
      "geometry": {
        "type": "Point",
        "coordinates": [
          34.437278,
          31.4753874
        ]
      },
      "properties": {
        "id": "osm-damage-way-302412017",
        "featureType": "critical_infrastructure",
        "infrastructureType": "building_damage_assessment",
        "status": "osm_destroyed",
        "name": "Destroyed (OSM)",
        "responsibleOrganization": "OpenStreetMap contributors",
        "isSynthetic": false,
        "validFrom": "2026-05-06",
        "sourceIdentifier": "osm-way-302412017"
      }
    },
    {
      "type": "Feature",
      "geometry": {
        "type": "Point",
        "coordinates": [
          34.4365614,
          31.4763067
        ]
      },
      "properties": {
        "id": "osm-damage-way-302937151",
        "featureType": "critical_infrastructure",
        "infrastructureType": "building_damage_assessment",
        "status": "osm_destroyed",
        "name": "Destroyed (OSM)",
        "responsibleOrganization": "OpenStreetMap contributors",
        "isSynthetic": false,
        "validFrom": "2026-05-06",
        "sourceIdentifier": "osm-way-302937151"
      }
    },
    {
      "type": "Feature",
      "geometry": {
        "type": "Point",
        "coordinates": [
          34.4369444,
          31.4759187
        ]
      },
      "properties": {
        "id": "osm-damage-way-302937153",
        "featureType": "critical_infrastructure",
        "infrastructureType": "building_damage_assessment",
        "status": "osm_destroyed",
        "name": "Destroyed (OSM)",
        "responsibleOrganization": "OpenStreetMap contributors",
        "isSynthetic": false,
        "validFrom": "2026-05-06",
        "sourceIdentifier": "osm-way-302937153"
      }
    },
    {
      "type": "Feature",
      "geometry": {
        "type": "Point",
        "coordinates": [
          34.4366816,
          31.4761727
        ]
      },
      "properties": {
        "id": "osm-damage-way-302937155",
        "featureType": "critical_infrastructure",
        "infrastructureType": "building_damage_assessment",
        "status": "osm_destroyed",
        "name": "Destroyed (OSM)",
        "responsibleOrganization": "OpenStreetMap contributors",
        "isSynthetic": false,
        "validFrom": "2026-05-06",
        "sourceIdentifier": "osm-way-302937155"
      }
    },
    {
      "type": "Feature",
      "geometry": {
        "type": "Point",
        "coordinates": [
          34.4416623,
          31.4865555
        ]
      },
      "properties": {
        "id": "osm-damage-way-302980888",
        "featureType": "critical_infrastructure",
        "infrastructureType": "building_damage_assessment",
        "status": "osm_destroyed",
        "name": "Destroyed (OSM)",
        "responsibleOrganization": "OpenStreetMap contributors",
        "isSynthetic": false,
        "validFrom": "2026-05-06",
        "sourceIdentifier": "osm-way-302980888"
      }
    },
    {
      "type": "Feature",
      "geometry": {
        "type": "Point",
        "coordinates": [
          34.4406898,
          31.4850779
        ]
      },
      "properties": {
        "id": "osm-damage-way-302980899",
        "featureType": "critical_infrastructure",
        "infrastructureType": "building_damage_assessment",
        "status": "osm_destroyed",
        "name": "Destroyed (OSM)",
        "responsibleOrganization": "OpenStreetMap contributors",
        "isSynthetic": false,
        "validFrom": "2026-05-06",
        "sourceIdentifier": "osm-way-302980899"
      }
    },
    {
      "type": "Feature",
      "geometry": {
        "type": "Point",
        "coordinates": [
          34.4415192,
          31.4854964
        ]
      },
      "properties": {
        "id": "osm-damage-way-302980900",
        "featureType": "critical_infrastructure",
        "infrastructureType": "building_damage_assessment",
        "status": "osm_destroyed",
        "name": "Destroyed (OSM)",
        "responsibleOrganization": "OpenStreetMap contributors",
        "isSynthetic": false,
        "validFrom": "2026-05-06",
        "sourceIdentifier": "osm-way-302980900"
      }
    },
    {
      "type": "Feature",
      "geometry": {
        "type": "Point",
        "coordinates": [
          34.4418333,
          31.4862904
        ]
      },
      "properties": {
        "id": "osm-damage-way-302980922",
        "featureType": "critical_infrastructure",
        "infrastructureType": "building_damage_assessment",
        "status": "osm_destroyed",
        "name": "Destroyed (OSM)",
        "responsibleOrganization": "OpenStreetMap contributors",
        "isSynthetic": false,
        "validFrom": "2026-05-06",
        "sourceIdentifier": "osm-way-302980922"
      }
    },
    {
      "type": "Feature",
      "geometry": {
        "type": "Point",
        "coordinates": [
          34.4407534,
          31.4849489
        ]
      },
      "properties": {
        "id": "osm-damage-way-302980931",
        "featureType": "critical_infrastructure",
        "infrastructureType": "building_damage_assessment",
        "status": "osm_destroyed",
        "name": "Destroyed (OSM)",
        "responsibleOrganization": "OpenStreetMap contributors",
        "isSynthetic": false,
        "validFrom": "2026-05-06",
        "sourceIdentifier": "osm-way-302980931"
      }
    },
    {
      "type": "Feature",
      "geometry": {
        "type": "Point",
        "coordinates": [
          34.4418582,
          31.4867541
        ]
      },
      "properties": {
        "id": "osm-damage-way-302980960",
        "featureType": "critical_infrastructure",
        "infrastructureType": "building_damage_assessment",
        "status": "osm_destroyed",
        "name": "Destroyed (OSM)",
        "responsibleOrganization": "OpenStreetMap contributors",
        "isSynthetic": false,
        "validFrom": "2026-05-06",
        "sourceIdentifier": "osm-way-302980960"
      }
    },
    {
      "type": "Feature",
      "geometry": {
        "type": "Point",
        "coordinates": [
          34.4408366,
          31.4870107
        ]
      },
      "properties": {
        "id": "osm-damage-way-302980965",
        "featureType": "critical_infrastructure",
        "infrastructureType": "building_damage_assessment",
        "status": "osm_destroyed",
        "name": "Destroyed (OSM)",
        "responsibleOrganization": "OpenStreetMap contributors",
        "isSynthetic": false,
        "validFrom": "2026-05-06",
        "sourceIdentifier": "osm-way-302980965"
      }
    },
    {
      "type": "Feature",
      "geometry": {
        "type": "Point",
        "coordinates": [
          34.4413634,
          31.4850537
        ]
      },
      "properties": {
        "id": "osm-damage-way-302980968",
        "featureType": "critical_infrastructure",
        "infrastructureType": "building_damage_assessment",
        "status": "osm_destroyed",
        "name": "Destroyed (OSM)",
        "responsibleOrganization": "OpenStreetMap contributors",
        "isSynthetic": false,
        "validFrom": "2026-05-06",
        "sourceIdentifier": "osm-way-302980968"
      }
    },
    {
      "type": "Feature",
      "geometry": {
        "type": "Point",
        "coordinates": [
          34.4416524,
          31.486948
        ]
      },
      "properties": {
        "id": "osm-damage-way-302980973",
        "featureType": "critical_infrastructure",
        "infrastructureType": "building_damage_assessment",
        "status": "osm_destroyed",
        "name": "Destroyed (OSM)",
        "responsibleOrganization": "OpenStreetMap contributors",
        "isSynthetic": false,
        "validFrom": "2026-05-06",
        "sourceIdentifier": "osm-way-302980973"
      }
    },
    {
      "type": "Feature",
      "geometry": {
        "type": "Point",
        "coordinates": [
          34.4405235,
          31.4854943
        ]
      },
      "properties": {
        "id": "osm-damage-way-302980975",
        "featureType": "critical_infrastructure",
        "infrastructureType": "building_damage_assessment",
        "status": "osm_destroyed",
        "name": "Destroyed (OSM)",
        "responsibleOrganization": "OpenStreetMap contributors",
        "isSynthetic": false,
        "validFrom": "2026-05-06",
        "sourceIdentifier": "osm-way-302980975"
      }
    },
    {
      "type": "Feature",
      "geometry": {
        "type": "Point",
        "coordinates": [
          34.4402017,
          31.4823981
        ]
      },
      "properties": {
        "id": "osm-damage-way-302982235",
        "featureType": "critical_infrastructure",
        "infrastructureType": "building_damage_assessment",
        "status": "osm_destroyed",
        "name": "Destroyed (OSM)",
        "responsibleOrganization": "OpenStreetMap contributors",
        "isSynthetic": false,
        "validFrom": "2026-05-06",
        "sourceIdentifier": "osm-way-302982235"
      }
    },
    {
      "type": "Feature",
      "geometry": {
        "type": "Point",
        "coordinates": [
          34.4415664,
          31.4831095
        ]
      },
      "properties": {
        "id": "osm-damage-way-302982241",
        "featureType": "critical_infrastructure",
        "infrastructureType": "building_damage_assessment",
        "status": "osm_destroyed",
        "name": "Destroyed (OSM)",
        "responsibleOrganization": "OpenStreetMap contributors",
        "isSynthetic": false,
        "validFrom": "2026-05-06",
        "sourceIdentifier": "osm-way-302982241"
      }
    },
    {
      "type": "Feature",
      "geometry": {
        "type": "Point",
        "coordinates": [
          34.441796,
          31.4829783
        ]
      },
      "properties": {
        "id": "osm-damage-way-302982244",
        "featureType": "critical_infrastructure",
        "infrastructureType": "building_damage_assessment",
        "status": "osm_destroyed",
        "name": "Destroyed (OSM)",
        "responsibleOrganization": "OpenStreetMap contributors",
        "isSynthetic": false,
        "validFrom": "2026-05-06",
        "sourceIdentifier": "osm-way-302982244"
      }
    },
    {
      "type": "Feature",
      "geometry": {
        "type": "Point",
        "coordinates": [
          34.4419045,
          31.4827826
        ]
      },
      "properties": {
        "id": "osm-damage-way-302982254",
        "featureType": "critical_infrastructure",
        "infrastructureType": "building_damage_assessment",
        "status": "osm_destroyed",
        "name": "Destroyed (OSM)",
        "responsibleOrganization": "OpenStreetMap contributors",
        "isSynthetic": false,
        "validFrom": "2026-05-06",
        "sourceIdentifier": "osm-way-302982254"
      }
    },
    {
      "type": "Feature",
      "geometry": {
        "type": "Point",
        "coordinates": [
          34.4398967,
          31.4820943
        ]
      },
      "properties": {
        "id": "osm-damage-way-302982260",
        "featureType": "critical_infrastructure",
        "infrastructureType": "building_damage_assessment",
        "status": "osm_destroyed",
        "name": "Destroyed (OSM)",
        "responsibleOrganization": "OpenStreetMap contributors",
        "isSynthetic": false,
        "validFrom": "2026-05-06",
        "sourceIdentifier": "osm-way-302982260"
      }
    },
    {
      "type": "Feature",
      "geometry": {
        "type": "Point",
        "coordinates": [
          34.4418876,
          31.4830429
        ]
      },
      "properties": {
        "id": "osm-damage-way-302982261",
        "featureType": "critical_infrastructure",
        "infrastructureType": "building_damage_assessment",
        "status": "osm_destroyed",
        "name": "Destroyed (OSM)",
        "responsibleOrganization": "OpenStreetMap contributors",
        "isSynthetic": false,
        "validFrom": "2026-05-06",
        "sourceIdentifier": "osm-way-302982261"
      }
    },
    {
      "type": "Feature",
      "geometry": {
        "type": "Point",
        "coordinates": [
          34.4414715,
          31.48304
        ]
      },
      "properties": {
        "id": "osm-damage-way-302982262",
        "featureType": "critical_infrastructure",
        "infrastructureType": "building_damage_assessment",
        "status": "osm_destroyed",
        "name": "Destroyed (OSM)",
        "responsibleOrganization": "OpenStreetMap contributors",
        "isSynthetic": false,
        "validFrom": "2026-05-06",
        "sourceIdentifier": "osm-way-302982262"
      }
    },
    {
      "type": "Feature",
      "geometry": {
        "type": "Point",
        "coordinates": [
          34.4413944,
          31.4828228
        ]
      },
      "properties": {
        "id": "osm-damage-way-302982264",
        "featureType": "critical_infrastructure",
        "infrastructureType": "building_damage_assessment",
        "status": "osm_destroyed",
        "name": "Destroyed (OSM)",
        "responsibleOrganization": "OpenStreetMap contributors",
        "isSynthetic": false,
        "validFrom": "2026-05-06",
        "sourceIdentifier": "osm-way-302982264"
      }
    },
    {
      "type": "Feature",
      "geometry": {
        "type": "Point",
        "coordinates": [
          34.4400723,
          31.4803451
        ]
      },
      "properties": {
        "id": "osm-damage-way-302982267",
        "featureType": "critical_infrastructure",
        "infrastructureType": "building_damage_assessment",
        "status": "osm_destroyed",
        "name": "Destroyed (OSM)",
        "responsibleOrganization": "OpenStreetMap contributors",
        "isSynthetic": false,
        "validFrom": "2026-05-06",
        "sourceIdentifier": "osm-way-302982267"
      }
    },
    {
      "type": "Feature",
      "geometry": {
        "type": "Point",
        "coordinates": [
          34.4403804,
          31.4768259
        ]
      },
      "properties": {
        "id": "osm-damage-way-303343612",
        "featureType": "critical_infrastructure",
        "infrastructureType": "building_damage_assessment",
        "status": "osm_destroyed",
        "name": "Destroyed (OSM)",
        "responsibleOrganization": "OpenStreetMap contributors",
        "isSynthetic": false,
        "validFrom": "2026-05-06",
        "sourceIdentifier": "osm-way-303343612"
      }
    },
    {
      "type": "Feature",
      "geometry": {
        "type": "Point",
        "coordinates": [
          34.4407169,
          31.476999
        ]
      },
      "properties": {
        "id": "osm-damage-way-303343613",
        "featureType": "critical_infrastructure",
        "infrastructureType": "building_damage_assessment",
        "status": "osm_destroyed",
        "name": "Destroyed (OSM)",
        "responsibleOrganization": "OpenStreetMap contributors",
        "isSynthetic": false,
        "validFrom": "2026-05-06",
        "sourceIdentifier": "osm-way-303343613"
      }
    },
    {
      "type": "Feature",
      "geometry": {
        "type": "Point",
        "coordinates": [
          34.4407863,
          31.4766287
        ]
      },
      "properties": {
        "id": "osm-damage-way-303343614",
        "featureType": "critical_infrastructure",
        "infrastructureType": "building_damage_assessment",
        "status": "osm_destroyed",
        "name": "Destroyed (OSM)",
        "responsibleOrganization": "OpenStreetMap contributors",
        "isSynthetic": false,
        "validFrom": "2026-05-06",
        "sourceIdentifier": "osm-way-303343614"
      }
    },
    {
      "type": "Feature",
      "geometry": {
        "type": "Point",
        "coordinates": [
          34.440899,
          31.4768544
        ]
      },
      "properties": {
        "id": "osm-damage-way-303343615",
        "featureType": "critical_infrastructure",
        "infrastructureType": "building_damage_assessment",
        "status": "osm_destroyed",
        "name": "Destroyed (OSM)",
        "responsibleOrganization": "OpenStreetMap contributors",
        "isSynthetic": false,
        "validFrom": "2026-05-06",
        "sourceIdentifier": "osm-way-303343615"
      }
    },
    {
      "type": "Feature",
      "geometry": {
        "type": "Point",
        "coordinates": [
          34.4412327,
          31.4773691
        ]
      },
      "properties": {
        "id": "osm-damage-way-303343616",
        "featureType": "critical_infrastructure",
        "infrastructureType": "building_damage_assessment",
        "status": "osm_destroyed",
        "name": "Destroyed (OSM)",
        "responsibleOrganization": "OpenStreetMap contributors",
        "isSynthetic": false,
        "validFrom": "2026-05-06",
        "sourceIdentifier": "osm-way-303343616"
      }
    },
    {
      "type": "Feature",
      "geometry": {
        "type": "Point",
        "coordinates": [
          34.441077,
          31.4776682
        ]
      },
      "properties": {
        "id": "osm-damage-way-303343617",
        "featureType": "critical_infrastructure",
        "infrastructureType": "building_damage_assessment",
        "status": "osm_destroyed",
        "name": "Destroyed (OSM)",
        "responsibleOrganization": "OpenStreetMap contributors",
        "isSynthetic": false,
        "validFrom": "2026-05-06",
        "sourceIdentifier": "osm-way-303343617"
      }
    },
    {
      "type": "Feature",
      "geometry": {
        "type": "Point",
        "coordinates": [
          34.436893,
          31.4760887
        ]
      },
      "properties": {
        "id": "osm-damage-way-303343630",
        "featureType": "critical_infrastructure",
        "infrastructureType": "building_damage_assessment",
        "status": "osm_destroyed",
        "name": "Destroyed (OSM)",
        "responsibleOrganization": "OpenStreetMap contributors",
        "isSynthetic": false,
        "validFrom": "2026-05-06",
        "sourceIdentifier": "osm-way-303343630"
      }
    },
    {
      "type": "Feature",
      "geometry": {
        "type": "Point",
        "coordinates": [
          34.4372788,
          31.4764241
        ]
      },
      "properties": {
        "id": "osm-damage-way-303343631",
        "featureType": "critical_infrastructure",
        "infrastructureType": "building_damage_assessment",
        "status": "osm_destroyed",
        "name": "Destroyed (OSM)",
        "responsibleOrganization": "OpenStreetMap contributors",
        "isSynthetic": false,
        "validFrom": "2026-05-06",
        "sourceIdentifier": "osm-way-303343631"
      }
    },
    {
      "type": "Feature",
      "geometry": {
        "type": "Point",
        "coordinates": [
          34.4392595,
          31.4798132
        ]
      },
      "properties": {
        "id": "osm-damage-way-303343635",
        "featureType": "critical_infrastructure",
        "infrastructureType": "building_damage_assessment",
        "status": "osm_destroyed",
        "name": "Destroyed (OSM)",
        "responsibleOrganization": "OpenStreetMap contributors",
        "isSynthetic": false,
        "validFrom": "2026-05-06",
        "sourceIdentifier": "osm-way-303343635"
      }
    },
    {
      "type": "Feature",
      "geometry": {
        "type": "Point",
        "coordinates": [
          34.4396723,
          31.4798477
        ]
      },
      "properties": {
        "id": "osm-damage-way-303343636",
        "featureType": "critical_infrastructure",
        "infrastructureType": "building_damage_assessment",
        "status": "osm_destroyed",
        "name": "Destroyed (OSM)",
        "responsibleOrganization": "OpenStreetMap contributors",
        "isSynthetic": false,
        "validFrom": "2026-05-06",
        "sourceIdentifier": "osm-way-303343636"
      }
    },
    {
      "type": "Feature",
      "geometry": {
        "type": "Point",
        "coordinates": [
          34.43496,
          31.4756351
        ]
      },
      "properties": {
        "id": "osm-damage-way-303364812",
        "featureType": "critical_infrastructure",
        "infrastructureType": "building_damage_assessment",
        "status": "osm_destroyed",
        "name": "Destroyed (OSM)",
        "responsibleOrganization": "OpenStreetMap contributors",
        "isSynthetic": false,
        "validFrom": "2026-05-06",
        "sourceIdentifier": "osm-way-303364812"
      }
    },
    {
      "type": "Feature",
      "geometry": {
        "type": "Point",
        "coordinates": [
          34.4311931,
          31.4758716
        ]
      },
      "properties": {
        "id": "osm-damage-way-303364832",
        "featureType": "critical_infrastructure",
        "infrastructureType": "building_damage_assessment",
        "status": "osm_destroyed",
        "name": "Destroyed (OSM)",
        "responsibleOrganization": "OpenStreetMap contributors",
        "isSynthetic": false,
        "validFrom": "2026-05-06",
        "sourceIdentifier": "osm-way-303364832"
      }
    },
    {
      "type": "Feature",
      "geometry": {
        "type": "Point",
        "coordinates": [
          34.4346356,
          31.4759245
        ]
      },
      "properties": {
        "id": "osm-damage-way-303364843",
        "featureType": "critical_infrastructure",
        "infrastructureType": "building_damage_assessment",
        "status": "osm_destroyed",
        "name": "Destroyed (OSM)",
        "responsibleOrganization": "OpenStreetMap contributors",
        "isSynthetic": false,
        "validFrom": "2026-05-06",
        "sourceIdentifier": "osm-way-303364843"
      }
    },
    {
      "type": "Feature",
      "geometry": {
        "type": "Point",
        "coordinates": [
          34.4236704,
          31.5034756
        ]
      },
      "properties": {
        "id": "osm-damage-way-628108680",
        "featureType": "critical_infrastructure",
        "infrastructureType": "building_damage_assessment",
        "status": "osm_damaged",
        "name": "Damaged (OSM)",
        "responsibleOrganization": "OpenStreetMap contributors",
        "isSynthetic": false,
        "validFrom": "2026-05-06",
        "sourceIdentifier": "osm-way-628108680"
      }
    },
    {
      "type": "Feature",
      "geometry": {
        "type": "Point",
        "coordinates": [
          34.4244003,
          31.5114743
        ]
      },
      "properties": {
        "id": "osm-damage-way-628108857",
        "featureType": "critical_infrastructure",
        "infrastructureType": "building_damage_assessment",
        "status": "osm_damaged",
        "name": "Damaged (OSM)",
        "responsibleOrganization": "OpenStreetMap contributors",
        "isSynthetic": false,
        "validFrom": "2026-05-06",
        "sourceIdentifier": "osm-way-628108857"
      }
    },
    {
      "type": "Feature",
      "geometry": {
        "type": "Point",
        "coordinates": [
          34.4178754,
          31.5049914
        ]
      },
      "properties": {
        "id": "osm-damage-way-628108896",
        "featureType": "critical_infrastructure",
        "infrastructureType": "building_damage_assessment",
        "status": "osm_destroyed",
        "name": "Destroyed (OSM)",
        "responsibleOrganization": "OpenStreetMap contributors",
        "isSynthetic": false,
        "validFrom": "2026-05-06",
        "sourceIdentifier": "osm-way-628108896"
      }
    },
    {
      "type": "Feature",
      "geometry": {
        "type": "Point",
        "coordinates": [
          34.4177903,
          31.5052586
        ]
      },
      "properties": {
        "id": "osm-damage-way-628108897",
        "featureType": "critical_infrastructure",
        "infrastructureType": "building_damage_assessment",
        "status": "osm_destroyed",
        "name": "Destroyed (OSM)",
        "responsibleOrganization": "OpenStreetMap contributors",
        "isSynthetic": false,
        "validFrom": "2026-05-06",
        "sourceIdentifier": "osm-way-628108897"
      }
    },
    {
      "type": "Feature",
      "geometry": {
        "type": "Point",
        "coordinates": [
          34.4176117,
          31.5052371
        ]
      },
      "properties": {
        "id": "osm-damage-way-628108898",
        "featureType": "critical_infrastructure",
        "infrastructureType": "building_damage_assessment",
        "status": "osm_destroyed",
        "name": "Destroyed (OSM)",
        "responsibleOrganization": "OpenStreetMap contributors",
        "isSynthetic": false,
        "validFrom": "2026-05-06",
        "sourceIdentifier": "osm-way-628108898"
      }
    },
    {
      "type": "Feature",
      "geometry": {
        "type": "Point",
        "coordinates": [
          34.448065,
          31.484044
        ]
      },
      "properties": {
        "id": "osm-damage-way-684939508",
        "featureType": "critical_infrastructure",
        "infrastructureType": "building_damage_assessment",
        "status": "osm_destroyed",
        "name": "Destroyed (OSM) \u2014 \u0627\u0644\u062d\u062f\u0627\u062f \u0644\u0644\u0627\u062e\u0634\u0627\u0628",
        "responsibleOrganization": "OpenStreetMap contributors",
        "isSynthetic": false,
        "validFrom": "2026-05-06",
        "sourceIdentifier": "osm-way-684939508"
      }
    },
    {
      "type": "Feature",
      "geometry": {
        "type": "Point",
        "coordinates": [
          34.42515,
          31.5125545
        ]
      },
      "properties": {
        "id": "osm-damage-way-948284496",
        "featureType": "critical_infrastructure",
        "infrastructureType": "building_damage_assessment",
        "status": "osm_damaged",
        "name": "Damaged (OSM)",
        "responsibleOrganization": "OpenStreetMap contributors",
        "isSynthetic": false,
        "validFrom": "2026-05-06",
        "sourceIdentifier": "osm-way-948284496"
      }
    },
    {
      "type": "Feature",
      "geometry": {
        "type": "Point",
        "coordinates": [
          34.4651403,
          31.500973
        ]
      },
      "properties": {
        "id": "osm-damage-way-1002517199",
        "featureType": "critical_infrastructure",
        "infrastructureType": "building_damage_assessment",
        "status": "osm_destroyed",
        "name": "Destroyed (OSM)",
        "responsibleOrganization": "OpenStreetMap contributors",
        "isSynthetic": false,
        "validFrom": "2026-05-06",
        "sourceIdentifier": "osm-way-1002517199"
      }
    },
    {
      "type": "Feature",
      "geometry": {
        "type": "Point",
        "coordinates": [
          34.4672253,
          31.5016724
        ]
      },
      "properties": {
        "id": "osm-damage-way-1004848849",
        "featureType": "critical_infrastructure",
        "infrastructureType": "building_damage_assessment",
        "status": "osm_destroyed",
        "name": "Destroyed (OSM) \u2014 \u0645\u0648\u0644 \u0623\u0628\u0648 \u0623\u062f\u0647\u0645 \u062c\u0646\u062f\u064a\u0629",
        "responsibleOrganization": "OpenStreetMap contributors",
        "isSynthetic": false,
        "validFrom": "2026-05-06",
        "sourceIdentifier": "osm-way-1004848849"
      }
    },
    {
      "type": "Feature",
      "geometry": {
        "type": "Point",
        "coordinates": [
          34.440151,
          31.4769329
        ]
      },
      "properties": {
        "id": "osm-damage-way-1007356141",
        "featureType": "critical_infrastructure",
        "infrastructureType": "building_damage_assessment",
        "status": "osm_destroyed",
        "name": "Destroyed (OSM)",
        "responsibleOrganization": "OpenStreetMap contributors",
        "isSynthetic": false,
        "validFrom": "2026-05-06",
        "sourceIdentifier": "osm-way-1007356141"
      }
    },
    {
      "type": "Feature",
      "geometry": {
        "type": "Point",
        "coordinates": [
          34.447401,
          31.4854681
        ]
      },
      "properties": {
        "id": "osm-damage-way-1007356148",
        "featureType": "critical_infrastructure",
        "infrastructureType": "building_damage_assessment",
        "status": "osm_destroyed",
        "name": "Destroyed (OSM) \u2014 Salah Ad-Din",
        "responsibleOrganization": "OpenStreetMap contributors",
        "isSynthetic": false,
        "validFrom": "2026-05-06",
        "sourceIdentifier": "osm-way-1007356148"
      }
    },
    {
      "type": "Feature",
      "geometry": {
        "type": "Point",
        "coordinates": [
          34.4190885,
          31.4988343
        ]
      },
      "properties": {
        "id": "osm-damage-way-1008100522",
        "featureType": "critical_infrastructure",
        "infrastructureType": "building_damage_assessment",
        "status": "osm_damaged",
        "name": "Damaged (OSM)",
        "responsibleOrganization": "OpenStreetMap contributors",
        "isSynthetic": false,
        "validFrom": "2026-05-06",
        "sourceIdentifier": "osm-way-1008100522"
      }
    },
    {
      "type": "Feature",
      "geometry": {
        "type": "Point",
        "coordinates": [
          34.4185741,
          31.5021332
        ]
      },
      "properties": {
        "id": "osm-damage-way-1008100523",
        "featureType": "critical_infrastructure",
        "infrastructureType": "building_damage_assessment",
        "status": "osm_destroyed",
        "name": "Destroyed (OSM)",
        "responsibleOrganization": "OpenStreetMap contributors",
        "isSynthetic": false,
        "validFrom": "2026-05-06",
        "sourceIdentifier": "osm-way-1008100523"
      }
    },
    {
      "type": "Feature",
      "geometry": {
        "type": "Point",
        "coordinates": [
          34.4168083,
          31.5037915
        ]
      },
      "properties": {
        "id": "osm-damage-way-1008100524",
        "featureType": "critical_infrastructure",
        "infrastructureType": "building_damage_assessment",
        "status": "osm_destroyed",
        "name": "Destroyed (OSM)",
        "responsibleOrganization": "OpenStreetMap contributors",
        "isSynthetic": false,
        "validFrom": "2026-05-06",
        "sourceIdentifier": "osm-way-1008100524"
      }
    },
    {
      "type": "Feature",
      "geometry": {
        "type": "Point",
        "coordinates": [
          34.4549758,
          31.537563
        ]
      },
      "properties": {
        "id": "osm-damage-way-1010234234",
        "featureType": "critical_infrastructure",
        "infrastructureType": "building_damage_assessment",
        "status": "osm_damaged",
        "name": "Damaged (OSM)",
        "responsibleOrganization": "OpenStreetMap contributors",
        "isSynthetic": false,
        "validFrom": "2026-05-06",
        "sourceIdentifier": "osm-way-1010234234"
      }
    },
    {
      "type": "Feature",
      "geometry": {
        "type": "Point",
        "coordinates": [
          34.4202425,
          31.5034796
        ]
      },
      "properties": {
        "id": "osm-damage-way-1012764371",
        "featureType": "critical_infrastructure",
        "infrastructureType": "building_damage_assessment",
        "status": "osm_destroyed",
        "name": "Destroyed (OSM)",
        "responsibleOrganization": "OpenStreetMap contributors",
        "isSynthetic": false,
        "validFrom": "2026-05-06",
        "sourceIdentifier": "osm-way-1012764371"
      }
    },
    {
      "type": "Feature",
      "geometry": {
        "type": "Point",
        "coordinates": [
          34.4205211,
          31.5037437
        ]
      },
      "properties": {
        "id": "osm-damage-way-1012764372",
        "featureType": "critical_infrastructure",
        "infrastructureType": "building_damage_assessment",
        "status": "osm_destroyed",
        "name": "Destroyed (OSM)",
        "responsibleOrganization": "OpenStreetMap contributors",
        "isSynthetic": false,
        "validFrom": "2026-05-06",
        "sourceIdentifier": "osm-way-1012764372"
      }
    },
    {
      "type": "Feature",
      "geometry": {
        "type": "Point",
        "coordinates": [
          34.4213798,
          31.5040942
        ]
      },
      "properties": {
        "id": "osm-damage-way-1012764373",
        "featureType": "critical_infrastructure",
        "infrastructureType": "building_damage_assessment",
        "status": "osm_destroyed",
        "name": "Destroyed (OSM)",
        "responsibleOrganization": "OpenStreetMap contributors",
        "isSynthetic": false,
        "validFrom": "2026-05-06",
        "sourceIdentifier": "osm-way-1012764373"
      }
    },
    {
      "type": "Feature",
      "geometry": {
        "type": "Point",
        "coordinates": [
          34.418666,
          31.5023933
        ]
      },
      "properties": {
        "id": "osm-damage-way-1012764374",
        "featureType": "critical_infrastructure",
        "infrastructureType": "building_damage_assessment",
        "status": "osm_destroyed",
        "name": "Destroyed (OSM)",
        "responsibleOrganization": "OpenStreetMap contributors",
        "isSynthetic": false,
        "validFrom": "2026-05-06",
        "sourceIdentifier": "osm-way-1012764374"
      }
    },
    {
      "type": "Feature",
      "geometry": {
        "type": "Point",
        "coordinates": [
          34.4187947,
          31.5022836
        ]
      },
      "properties": {
        "id": "osm-damage-way-1012764375",
        "featureType": "critical_infrastructure",
        "infrastructureType": "building_damage_assessment",
        "status": "osm_destroyed",
        "name": "Destroyed (OSM)",
        "responsibleOrganization": "OpenStreetMap contributors",
        "isSynthetic": false,
        "validFrom": "2026-05-06",
        "sourceIdentifier": "osm-way-1012764375"
      }
    },
    {
      "type": "Feature",
      "geometry": {
        "type": "Point",
        "coordinates": [
          34.4191649,
          31.5022241
        ]
      },
      "properties": {
        "id": "osm-damage-way-1012764376",
        "featureType": "critical_infrastructure",
        "infrastructureType": "building_damage_assessment",
        "status": "osm_destroyed",
        "name": "Destroyed (OSM)",
        "responsibleOrganization": "OpenStreetMap contributors",
        "isSynthetic": false,
        "validFrom": "2026-05-06",
        "sourceIdentifier": "osm-way-1012764376"
      }
    },
    {
      "type": "Feature",
      "geometry": {
        "type": "Point",
        "coordinates": [
          34.4168299,
          31.5014621
        ]
      },
      "properties": {
        "id": "osm-damage-way-1012764377",
        "featureType": "critical_infrastructure",
        "infrastructureType": "building_damage_assessment",
        "status": "osm_destroyed",
        "name": "Destroyed (OSM)",
        "responsibleOrganization": "OpenStreetMap contributors",
        "isSynthetic": false,
        "validFrom": "2026-05-06",
        "sourceIdentifier": "osm-way-1012764377"
      }
    },
    {
      "type": "Feature",
      "geometry": {
        "type": "Point",
        "coordinates": [
          34.4144032,
          31.5006504
        ]
      },
      "properties": {
        "id": "osm-damage-way-1015414380",
        "featureType": "critical_infrastructure",
        "infrastructureType": "building_damage_assessment",
        "status": "osm_damaged",
        "name": "Damaged (OSM)",
        "responsibleOrganization": "OpenStreetMap contributors",
        "isSynthetic": false,
        "validFrom": "2026-05-06",
        "sourceIdentifier": "osm-way-1015414380"
      }
    },
    {
      "type": "Feature",
      "geometry": {
        "type": "Point",
        "coordinates": [
          34.4145757,
          31.5005867
        ]
      },
      "properties": {
        "id": "osm-damage-way-1015414381",
        "featureType": "critical_infrastructure",
        "infrastructureType": "building_damage_assessment",
        "status": "osm_damaged",
        "name": "Damaged (OSM)",
        "responsibleOrganization": "OpenStreetMap contributors",
        "isSynthetic": false,
        "validFrom": "2026-05-06",
        "sourceIdentifier": "osm-way-1015414381"
      }
    },
    {
      "type": "Feature",
      "geometry": {
        "type": "Point",
        "coordinates": [
          34.4136004,
          31.500593
        ]
      },
      "properties": {
        "id": "osm-damage-way-1015414382",
        "featureType": "critical_infrastructure",
        "infrastructureType": "building_damage_assessment",
        "status": "osm_damaged",
        "name": "Damaged (OSM)",
        "responsibleOrganization": "OpenStreetMap contributors",
        "isSynthetic": false,
        "validFrom": "2026-05-06",
        "sourceIdentifier": "osm-way-1015414382"
      }
    },
    {
      "type": "Feature",
      "geometry": {
        "type": "Point",
        "coordinates": [
          34.4234596,
          31.5022027
        ]
      },
      "properties": {
        "id": "osm-damage-way-1015425159",
        "featureType": "critical_infrastructure",
        "infrastructureType": "building_damage_assessment",
        "status": "osm_damaged",
        "name": "Damaged (OSM)",
        "responsibleOrganization": "OpenStreetMap contributors",
        "isSynthetic": false,
        "validFrom": "2026-05-06",
        "sourceIdentifier": "osm-way-1015425159"
      }
    },
    {
      "type": "Feature",
      "geometry": {
        "type": "Point",
        "coordinates": [
          34.4241626,
          31.5015965
        ]
      },
      "properties": {
        "id": "osm-damage-way-1015425160",
        "featureType": "critical_infrastructure",
        "infrastructureType": "building_damage_assessment",
        "status": "osm_damaged",
        "name": "Damaged (OSM)",
        "responsibleOrganization": "OpenStreetMap contributors",
        "isSynthetic": false,
        "validFrom": "2026-05-06",
        "sourceIdentifier": "osm-way-1015425160"
      }
    },
    {
      "type": "Feature",
      "geometry": {
        "type": "Point",
        "coordinates": [
          34.4244337,
          31.5012403
        ]
      },
      "properties": {
        "id": "osm-damage-way-1015425161",
        "featureType": "critical_infrastructure",
        "infrastructureType": "building_damage_assessment",
        "status": "osm_damaged",
        "name": "Damaged (OSM)",
        "responsibleOrganization": "OpenStreetMap contributors",
        "isSynthetic": false,
        "validFrom": "2026-05-06",
        "sourceIdentifier": "osm-way-1015425161"
      }
    },
    {
      "type": "Feature",
      "geometry": {
        "type": "Point",
        "coordinates": [
          34.4232321,
          31.5013127
        ]
      },
      "properties": {
        "id": "osm-damage-way-1015425162",
        "featureType": "critical_infrastructure",
        "infrastructureType": "building_damage_assessment",
        "status": "osm_damaged",
        "name": "Damaged (OSM)",
        "responsibleOrganization": "OpenStreetMap contributors",
        "isSynthetic": false,
        "validFrom": "2026-05-06",
        "sourceIdentifier": "osm-way-1015425162"
      }
    },
    {
      "type": "Feature",
      "geometry": {
        "type": "Point",
        "coordinates": [
          34.4228574,
          31.5008563
        ]
      },
      "properties": {
        "id": "osm-damage-way-1015425163",
        "featureType": "critical_infrastructure",
        "infrastructureType": "building_damage_assessment",
        "status": "osm_damaged",
        "name": "Damaged (OSM)",
        "responsibleOrganization": "OpenStreetMap contributors",
        "isSynthetic": false,
        "validFrom": "2026-05-06",
        "sourceIdentifier": "osm-way-1015425163"
      }
    },
    {
      "type": "Feature",
      "geometry": {
        "type": "Point",
        "coordinates": [
          34.4230187,
          31.5009726
        ]
      },
      "properties": {
        "id": "osm-damage-way-1015425164",
        "featureType": "critical_infrastructure",
        "infrastructureType": "building_damage_assessment",
        "status": "osm_damaged",
        "name": "Damaged (OSM)",
        "responsibleOrganization": "OpenStreetMap contributors",
        "isSynthetic": false,
        "validFrom": "2026-05-06",
        "sourceIdentifier": "osm-way-1015425164"
      }
    },
    {
      "type": "Feature",
      "geometry": {
        "type": "Point",
        "coordinates": [
          34.4239167,
          31.5112683
        ]
      },
      "properties": {
        "id": "osm-damage-way-1015425174",
        "featureType": "critical_infrastructure",
        "infrastructureType": "building_damage_assessment",
        "status": "osm_damaged",
        "name": "Damaged (OSM)",
        "responsibleOrganization": "OpenStreetMap contributors",
        "isSynthetic": false,
        "validFrom": "2026-05-06",
        "sourceIdentifier": "osm-way-1015425174"
      }
    },
    {
      "type": "Feature",
      "geometry": {
        "type": "Point",
        "coordinates": [
          34.4237794,
          31.5114103
        ]
      },
      "properties": {
        "id": "osm-damage-way-1015425175",
        "featureType": "critical_infrastructure",
        "infrastructureType": "building_damage_assessment",
        "status": "osm_damaged",
        "name": "Damaged (OSM)",
        "responsibleOrganization": "OpenStreetMap contributors",
        "isSynthetic": false,
        "validFrom": "2026-05-06",
        "sourceIdentifier": "osm-way-1015425175"
      }
    },
    {
      "type": "Feature",
      "geometry": {
        "type": "Point",
        "coordinates": [
          34.4448915,
          31.4745343
        ]
      },
      "properties": {
        "id": "osm-damage-way-1015815726",
        "featureType": "critical_infrastructure",
        "infrastructureType": "building_damage_assessment",
        "status": "osm_destroyed",
        "name": "Destroyed (OSM)",
        "responsibleOrganization": "OpenStreetMap contributors",
        "isSynthetic": false,
        "validFrom": "2026-05-06",
        "sourceIdentifier": "osm-way-1015815726"
      }
    },
    {
      "type": "Feature",
      "geometry": {
        "type": "Point",
        "coordinates": [
          34.4591815,
          31.5076307
        ]
      },
      "properties": {
        "id": "osm-damage-way-1021583248",
        "featureType": "critical_infrastructure",
        "infrastructureType": "building_damage_assessment",
        "status": "osm_destroyed",
        "name": "Destroyed (OSM)",
        "responsibleOrganization": "OpenStreetMap contributors",
        "isSynthetic": false,
        "validFrom": "2026-05-06",
        "sourceIdentifier": "osm-way-1021583248"
      }
    },
    {
      "type": "Feature",
      "geometry": {
        "type": "Point",
        "coordinates": [
          34.4177528,
          31.5051139
        ]
      },
      "properties": {
        "id": "osm-damage-way-1027337696",
        "featureType": "critical_infrastructure",
        "infrastructureType": "building_damage_assessment",
        "status": "osm_destroyed",
        "name": "Destroyed (OSM)",
        "responsibleOrganization": "OpenStreetMap contributors",
        "isSynthetic": false,
        "validFrom": "2026-05-06",
        "sourceIdentifier": "osm-way-1027337696"
      }
    },
    {
      "type": "Feature",
      "geometry": {
        "type": "Point",
        "coordinates": [
          34.4186698,
          31.504184
        ]
      },
      "properties": {
        "id": "osm-damage-way-1027337697",
        "featureType": "critical_infrastructure",
        "infrastructureType": "building_damage_assessment",
        "status": "osm_destroyed",
        "name": "Destroyed (OSM)",
        "responsibleOrganization": "OpenStreetMap contributors",
        "isSynthetic": false,
        "validFrom": "2026-05-06",
        "sourceIdentifier": "osm-way-1027337697"
      }
    },
    {
      "type": "Feature",
      "geometry": {
        "type": "Point",
        "coordinates": [
          34.4671611,
          31.5035643
        ]
      },
      "properties": {
        "id": "osm-damage-way-1028581262",
        "featureType": "critical_infrastructure",
        "infrastructureType": "building_damage_assessment",
        "status": "osm_destroyed",
        "name": "Destroyed (OSM)",
        "responsibleOrganization": "OpenStreetMap contributors",
        "isSynthetic": false,
        "validFrom": "2026-05-06",
        "sourceIdentifier": "osm-way-1028581262"
      }
    },
    {
      "type": "Feature",
      "geometry": {
        "type": "Point",
        "coordinates": [
          34.4399731,
          31.4824938
        ]
      },
      "properties": {
        "id": "osm-damage-way-1066902918",
        "featureType": "critical_infrastructure",
        "infrastructureType": "building_damage_assessment",
        "status": "osm_destroyed",
        "name": "Destroyed (OSM)",
        "responsibleOrganization": "OpenStreetMap contributors",
        "isSynthetic": false,
        "validFrom": "2026-05-06",
        "sourceIdentifier": "osm-way-1066902918"
      }
    },
    {
      "type": "Feature",
      "geometry": {
        "type": "Point",
        "coordinates": [
          34.4219236,
          31.504685
        ]
      },
      "properties": {
        "id": "osm-damage-way-1066902921",
        "featureType": "critical_infrastructure",
        "infrastructureType": "building_damage_assessment",
        "status": "osm_destroyed",
        "name": "Destroyed (OSM)",
        "responsibleOrganization": "OpenStreetMap contributors",
        "isSynthetic": false,
        "validFrom": "2026-05-06",
        "sourceIdentifier": "osm-way-1066902921"
      }
    },
    {
      "type": "Feature",
      "geometry": {
        "type": "Point",
        "coordinates": [
          34.4212096,
          31.5045522
        ]
      },
      "properties": {
        "id": "osm-damage-way-1066902923",
        "featureType": "critical_infrastructure",
        "infrastructureType": "building_damage_assessment",
        "status": "osm_destroyed",
        "name": "Destroyed (OSM)",
        "responsibleOrganization": "OpenStreetMap contributors",
        "isSynthetic": false,
        "validFrom": "2026-05-06",
        "sourceIdentifier": "osm-way-1066902923"
      }
    },
    {
      "type": "Feature",
      "geometry": {
        "type": "Point",
        "coordinates": [
          34.4210094,
          31.5046214
        ]
      },
      "properties": {
        "id": "osm-damage-way-1066902924",
        "featureType": "critical_infrastructure",
        "infrastructureType": "building_damage_assessment",
        "status": "osm_destroyed",
        "name": "Destroyed (OSM)",
        "responsibleOrganization": "OpenStreetMap contributors",
        "isSynthetic": false,
        "validFrom": "2026-05-06",
        "sourceIdentifier": "osm-way-1066902924"
      }
    },
    {
      "type": "Feature",
      "geometry": {
        "type": "Point",
        "coordinates": [
          34.4174454,
          31.5047903
        ]
      },
      "properties": {
        "id": "osm-damage-way-1080507025",
        "featureType": "critical_infrastructure",
        "infrastructureType": "building_damage_assessment",
        "status": "osm_destroyed",
        "name": "Destroyed (OSM)",
        "responsibleOrganization": "OpenStreetMap contributors",
        "isSynthetic": false,
        "validFrom": "2026-05-06",
        "sourceIdentifier": "osm-way-1080507025"
      }
    },
    {
      "type": "Feature",
      "geometry": {
        "type": "Point",
        "coordinates": [
          34.4170766,
          31.5049899
        ]
      },
      "properties": {
        "id": "osm-damage-way-1080507026",
        "featureType": "critical_infrastructure",
        "infrastructureType": "building_damage_assessment",
        "status": "osm_destroyed",
        "name": "Destroyed (OSM)",
        "responsibleOrganization": "OpenStreetMap contributors",
        "isSynthetic": false,
        "validFrom": "2026-05-06",
        "sourceIdentifier": "osm-way-1080507026"
      }
    },
    {
      "type": "Feature",
      "geometry": {
        "type": "Point",
        "coordinates": [
          34.4173833,
          31.5048564
        ]
      },
      "properties": {
        "id": "osm-damage-way-1080507027",
        "featureType": "critical_infrastructure",
        "infrastructureType": "building_damage_assessment",
        "status": "osm_destroyed",
        "name": "Destroyed (OSM)",
        "responsibleOrganization": "OpenStreetMap contributors",
        "isSynthetic": false,
        "validFrom": "2026-05-06",
        "sourceIdentifier": "osm-way-1080507027"
      }
    },
    {
      "type": "Feature",
      "geometry": {
        "type": "Point",
        "coordinates": [
          34.4169799,
          31.5048471
        ]
      },
      "properties": {
        "id": "osm-damage-way-1080507028",
        "featureType": "critical_infrastructure",
        "infrastructureType": "building_damage_assessment",
        "status": "osm_destroyed",
        "name": "Destroyed (OSM)",
        "responsibleOrganization": "OpenStreetMap contributors",
        "isSynthetic": false,
        "validFrom": "2026-05-06",
        "sourceIdentifier": "osm-way-1080507028"
      }
    },
    {
      "type": "Feature",
      "geometry": {
        "type": "Point",
        "coordinates": [
          34.4170778,
          31.5047722
        ]
      },
      "properties": {
        "id": "osm-damage-way-1080507029",
        "featureType": "critical_infrastructure",
        "infrastructureType": "building_damage_assessment",
        "status": "osm_destroyed",
        "name": "Destroyed (OSM)",
        "responsibleOrganization": "OpenStreetMap contributors",
        "isSynthetic": false,
        "validFrom": "2026-05-06",
        "sourceIdentifier": "osm-way-1080507029"
      }
    },
    {
      "type": "Feature",
      "geometry": {
        "type": "Point",
        "coordinates": [
          34.4172171,
          31.503898
        ]
      },
      "properties": {
        "id": "osm-damage-way-1080507030",
        "featureType": "critical_infrastructure",
        "infrastructureType": "building_damage_assessment",
        "status": "osm_destroyed",
        "name": "Destroyed (OSM)",
        "responsibleOrganization": "OpenStreetMap contributors",
        "isSynthetic": false,
        "validFrom": "2026-05-06",
        "sourceIdentifier": "osm-way-1080507030"
      }
    },
    {
      "type": "Feature",
      "geometry": {
        "type": "Point",
        "coordinates": [
          34.4173349,
          31.5035538
        ]
      },
      "properties": {
        "id": "osm-damage-way-1080507031",
        "featureType": "critical_infrastructure",
        "infrastructureType": "building_damage_assessment",
        "status": "osm_destroyed",
        "name": "Destroyed (OSM)",
        "responsibleOrganization": "OpenStreetMap contributors",
        "isSynthetic": false,
        "validFrom": "2026-05-06",
        "sourceIdentifier": "osm-way-1080507031"
      }
    },
    {
      "type": "Feature",
      "geometry": {
        "type": "Point",
        "coordinates": [
          34.4180034,
          31.5034509
        ]
      },
      "properties": {
        "id": "osm-damage-way-1080507032",
        "featureType": "critical_infrastructure",
        "infrastructureType": "building_damage_assessment",
        "status": "osm_destroyed",
        "name": "Destroyed (OSM)",
        "responsibleOrganization": "OpenStreetMap contributors",
        "isSynthetic": false,
        "validFrom": "2026-05-06",
        "sourceIdentifier": "osm-way-1080507032"
      }
    },
    {
      "type": "Feature",
      "geometry": {
        "type": "Point",
        "coordinates": [
          34.4183306,
          31.5039651
        ]
      },
      "properties": {
        "id": "osm-damage-way-1080507033",
        "featureType": "critical_infrastructure",
        "infrastructureType": "building_damage_assessment",
        "status": "osm_destroyed",
        "name": "Destroyed (OSM)",
        "responsibleOrganization": "OpenStreetMap contributors",
        "isSynthetic": false,
        "validFrom": "2026-05-06",
        "sourceIdentifier": "osm-way-1080507033"
      }
    },
    {
      "type": "Feature",
      "geometry": {
        "type": "Point",
        "coordinates": [
          34.4185193,
          31.5041346
        ]
      },
      "properties": {
        "id": "osm-damage-way-1080507034",
        "featureType": "critical_infrastructure",
        "infrastructureType": "building_damage_assessment",
        "status": "osm_destroyed",
        "name": "Destroyed (OSM)",
        "responsibleOrganization": "OpenStreetMap contributors",
        "isSynthetic": false,
        "validFrom": "2026-05-06",
        "sourceIdentifier": "osm-way-1080507034"
      }
    },
    {
      "type": "Feature",
      "geometry": {
        "type": "Point",
        "coordinates": [
          34.4196757,
          31.5032644
        ]
      },
      "properties": {
        "id": "osm-damage-way-1080507044",
        "featureType": "critical_infrastructure",
        "infrastructureType": "building_damage_assessment",
        "status": "osm_destroyed",
        "name": "Destroyed (OSM)",
        "responsibleOrganization": "OpenStreetMap contributors",
        "isSynthetic": false,
        "validFrom": "2026-05-06",
        "sourceIdentifier": "osm-way-1080507044"
      }
    },
    {
      "type": "Feature",
      "geometry": {
        "type": "Point",
        "coordinates": [
          34.4193493,
          31.5028753
        ]
      },
      "properties": {
        "id": "osm-damage-way-1080507045",
        "featureType": "critical_infrastructure",
        "infrastructureType": "building_damage_assessment",
        "status": "osm_destroyed",
        "name": "Destroyed (OSM)",
        "responsibleOrganization": "OpenStreetMap contributors",
        "isSynthetic": false,
        "validFrom": "2026-05-06",
        "sourceIdentifier": "osm-way-1080507045"
      }
    },
    {
      "type": "Feature",
      "geometry": {
        "type": "Point",
        "coordinates": [
          34.418857,
          31.5030513
        ]
      },
      "properties": {
        "id": "osm-damage-way-1080507049",
        "featureType": "critical_infrastructure",
        "infrastructureType": "building_damage_assessment",
        "status": "osm_destroyed",
        "name": "Destroyed (OSM)",
        "responsibleOrganization": "OpenStreetMap contributors",
        "isSynthetic": false,
        "validFrom": "2026-05-06",
        "sourceIdentifier": "osm-way-1080507049"
      }
    },
    {
      "type": "Feature",
      "geometry": {
        "type": "Point",
        "coordinates": [
          34.4188633,
          31.5032303
        ]
      },
      "properties": {
        "id": "osm-damage-way-1080507050",
        "featureType": "critical_infrastructure",
        "infrastructureType": "building_damage_assessment",
        "status": "osm_destroyed",
        "name": "Destroyed (OSM)",
        "responsibleOrganization": "OpenStreetMap contributors",
        "isSynthetic": false,
        "validFrom": "2026-05-06",
        "sourceIdentifier": "osm-way-1080507050"
      }
    },
    {
      "type": "Feature",
      "geometry": {
        "type": "Point",
        "coordinates": [
          34.4245528,
          31.5038421
        ]
      },
      "properties": {
        "id": "osm-damage-way-1080507071",
        "featureType": "critical_infrastructure",
        "infrastructureType": "building_damage_assessment",
        "status": "osm_damaged",
        "name": "Damaged (OSM)",
        "responsibleOrganization": "OpenStreetMap contributors",
        "isSynthetic": false,
        "validFrom": "2026-05-06",
        "sourceIdentifier": "osm-way-1080507071"
      }
    },
    {
      "type": "Feature",
      "geometry": {
        "type": "Point",
        "coordinates": [
          34.4137208,
          31.5008009
        ]
      },
      "properties": {
        "id": "osm-damage-way-1086956330",
        "featureType": "critical_infrastructure",
        "infrastructureType": "building_damage_assessment",
        "status": "osm_damaged",
        "name": "Damaged (OSM)",
        "responsibleOrganization": "OpenStreetMap contributors",
        "isSynthetic": false,
        "validFrom": "2026-05-06",
        "sourceIdentifier": "osm-way-1086956330"
      }
    },
    {
      "type": "Feature",
      "geometry": {
        "type": "Point",
        "coordinates": [
          34.4156045,
          31.5005902
        ]
      },
      "properties": {
        "id": "osm-damage-way-1086956331",
        "featureType": "critical_infrastructure",
        "infrastructureType": "building_damage_assessment",
        "status": "osm_damaged",
        "name": "Damaged (OSM)",
        "responsibleOrganization": "OpenStreetMap contributors",
        "isSynthetic": false,
        "validFrom": "2026-05-06",
        "sourceIdentifier": "osm-way-1086956331"
      }
    },
    {
      "type": "Feature",
      "geometry": {
        "type": "Point",
        "coordinates": [
          34.4167829,
          31.500724
        ]
      },
      "properties": {
        "id": "osm-damage-way-1086956332",
        "featureType": "critical_infrastructure",
        "infrastructureType": "building_damage_assessment",
        "status": "osm_damaged",
        "name": "Damaged (OSM)",
        "responsibleOrganization": "OpenStreetMap contributors",
        "isSynthetic": false,
        "validFrom": "2026-05-06",
        "sourceIdentifier": "osm-way-1086956332"
      }
    },
    {
      "type": "Feature",
      "geometry": {
        "type": "Point",
        "coordinates": [
          34.4183669,
          31.4997054
        ]
      },
      "properties": {
        "id": "osm-damage-way-1086956333",
        "featureType": "critical_infrastructure",
        "infrastructureType": "building_damage_assessment",
        "status": "osm_damaged",
        "name": "Damaged (OSM)",
        "responsibleOrganization": "OpenStreetMap contributors",
        "isSynthetic": false,
        "validFrom": "2026-05-06",
        "sourceIdentifier": "osm-way-1086956333"
      }
    },
    {
      "type": "Feature",
      "geometry": {
        "type": "Point",
        "coordinates": [
          34.4181557,
          31.5050298
        ]
      },
      "properties": {
        "id": "osm-damage-way-1217442312",
        "featureType": "critical_infrastructure",
        "infrastructureType": "building_damage_assessment",
        "status": "osm_destroyed",
        "name": "Destroyed (OSM)",
        "responsibleOrganization": "OpenStreetMap contributors",
        "isSynthetic": false,
        "validFrom": "2026-05-06",
        "sourceIdentifier": "osm-way-1217442312"
      }
    },
    {
      "type": "Feature",
      "geometry": {
        "type": "Point",
        "coordinates": [
          34.4179553,
          31.505521
        ]
      },
      "properties": {
        "id": "osm-damage-way-1217442313",
        "featureType": "critical_infrastructure",
        "infrastructureType": "building_damage_assessment",
        "status": "osm_destroyed",
        "name": "Destroyed (OSM)",
        "responsibleOrganization": "OpenStreetMap contributors",
        "isSynthetic": false,
        "validFrom": "2026-05-06",
        "sourceIdentifier": "osm-way-1217442313"
      }
    },
    {
      "type": "Feature",
      "geometry": {
        "type": "Point",
        "coordinates": [
          34.4176458,
          31.5054276
        ]
      },
      "properties": {
        "id": "osm-damage-way-1217442314",
        "featureType": "critical_infrastructure",
        "infrastructureType": "building_damage_assessment",
        "status": "osm_destroyed",
        "name": "Destroyed (OSM) \u2014 Motor One",
        "responsibleOrganization": "OpenStreetMap contributors",
        "isSynthetic": false,
        "validFrom": "2026-05-06",
        "sourceIdentifier": "osm-way-1217442314"
      }
    },
    {
      "type": "Feature",
      "geometry": {
        "type": "Point",
        "coordinates": [
          34.4156418,
          31.5022448
        ]
      },
      "properties": {
        "id": "osm-damage-way-1223582536",
        "featureType": "critical_infrastructure",
        "infrastructureType": "building_damage_assessment",
        "status": "osm_damaged",
        "name": "Damaged (OSM)",
        "responsibleOrganization": "OpenStreetMap contributors",
        "isSynthetic": false,
        "validFrom": "2026-05-06",
        "sourceIdentifier": "osm-way-1223582536"
      }
    },
    {
      "type": "Feature",
      "geometry": {
        "type": "Point",
        "coordinates": [
          34.4168035,
          31.504494
        ]
      },
      "properties": {
        "id": "osm-damage-way-1223582537",
        "featureType": "critical_infrastructure",
        "infrastructureType": "building_damage_assessment",
        "status": "osm_destroyed",
        "name": "Destroyed (OSM)",
        "responsibleOrganization": "OpenStreetMap contributors",
        "isSynthetic": false,
        "validFrom": "2026-05-06",
        "sourceIdentifier": "osm-way-1223582537"
      }
    },
    {
      "type": "Feature",
      "geometry": {
        "type": "Point",
        "coordinates": [
          34.4146346,
          31.5018801
        ]
      },
      "properties": {
        "id": "osm-damage-way-1252874982",
        "featureType": "critical_infrastructure",
        "infrastructureType": "building_damage_assessment",
        "status": "osm_damaged",
        "name": "Damaged (OSM)",
        "responsibleOrganization": "OpenStreetMap contributors",
        "isSynthetic": false,
        "validFrom": "2026-05-06",
        "sourceIdentifier": "osm-way-1252874982"
      }
    },
    {
      "type": "Feature",
      "geometry": {
        "type": "Point",
        "coordinates": [
          34.4146774,
          31.5023282
        ]
      },
      "properties": {
        "id": "osm-damage-way-1252874983",
        "featureType": "critical_infrastructure",
        "infrastructureType": "building_damage_assessment",
        "status": "osm_damaged",
        "name": "Damaged (OSM)",
        "responsibleOrganization": "OpenStreetMap contributors",
        "isSynthetic": false,
        "validFrom": "2026-05-06",
        "sourceIdentifier": "osm-way-1252874983"
      }
    },
    {
      "type": "Feature",
      "geometry": {
        "type": "Point",
        "coordinates": [
          34.4146256,
          31.50213
        ]
      },
      "properties": {
        "id": "osm-damage-way-1252874984",
        "featureType": "critical_infrastructure",
        "infrastructureType": "building_damage_assessment",
        "status": "osm_damaged",
        "name": "Damaged (OSM)",
        "responsibleOrganization": "OpenStreetMap contributors",
        "isSynthetic": false,
        "validFrom": "2026-05-06",
        "sourceIdentifier": "osm-way-1252874984"
      }
    },
    {
      "type": "Feature",
      "geometry": {
        "type": "Point",
        "coordinates": [
          34.4143176,
          31.5019992
        ]
      },
      "properties": {
        "id": "osm-damage-way-1252874985",
        "featureType": "critical_infrastructure",
        "infrastructureType": "building_damage_assessment",
        "status": "osm_damaged",
        "name": "Damaged (OSM)",
        "responsibleOrganization": "OpenStreetMap contributors",
        "isSynthetic": false,
        "validFrom": "2026-05-06",
        "sourceIdentifier": "osm-way-1252874985"
      }
    },
    {
      "type": "Feature",
      "geometry": {
        "type": "Point",
        "coordinates": [
          34.4141991,
          31.5015099
        ]
      },
      "properties": {
        "id": "osm-damage-way-1252874987",
        "featureType": "critical_infrastructure",
        "infrastructureType": "building_damage_assessment",
        "status": "osm_damaged",
        "name": "Damaged (OSM)",
        "responsibleOrganization": "OpenStreetMap contributors",
        "isSynthetic": false,
        "validFrom": "2026-05-06",
        "sourceIdentifier": "osm-way-1252874987"
      }
    },
    {
      "type": "Feature",
      "geometry": {
        "type": "Point",
        "coordinates": [
          34.4144522,
          31.5012701
        ]
      },
      "properties": {
        "id": "osm-damage-way-1252879549",
        "featureType": "critical_infrastructure",
        "infrastructureType": "building_damage_assessment",
        "status": "osm_damaged",
        "name": "Damaged (OSM)",
        "responsibleOrganization": "OpenStreetMap contributors",
        "isSynthetic": false,
        "validFrom": "2026-05-06",
        "sourceIdentifier": "osm-way-1252879549"
      }
    },
    {
      "type": "Feature",
      "geometry": {
        "type": "Point",
        "coordinates": [
          34.4144545,
          31.5010434
        ]
      },
      "properties": {
        "id": "osm-damage-way-1252879567",
        "featureType": "critical_infrastructure",
        "infrastructureType": "building_damage_assessment",
        "status": "osm_damaged",
        "name": "Damaged (OSM)",
        "responsibleOrganization": "OpenStreetMap contributors",
        "isSynthetic": false,
        "validFrom": "2026-05-06",
        "sourceIdentifier": "osm-way-1252879567"
      }
    },
    {
      "type": "Feature",
      "geometry": {
        "type": "Point",
        "coordinates": [
          34.4143605,
          31.5011913
        ]
      },
      "properties": {
        "id": "osm-damage-way-1252879568",
        "featureType": "critical_infrastructure",
        "infrastructureType": "building_damage_assessment",
        "status": "osm_damaged",
        "name": "Damaged (OSM)",
        "responsibleOrganization": "OpenStreetMap contributors",
        "isSynthetic": false,
        "validFrom": "2026-05-06",
        "sourceIdentifier": "osm-way-1252879568"
      }
    },
    {
      "type": "Feature",
      "geometry": {
        "type": "Point",
        "coordinates": [
          34.4144355,
          31.5012064
        ]
      },
      "properties": {
        "id": "osm-damage-way-1252879569",
        "featureType": "critical_infrastructure",
        "infrastructureType": "building_damage_assessment",
        "status": "osm_damaged",
        "name": "Damaged (OSM)",
        "responsibleOrganization": "OpenStreetMap contributors",
        "isSynthetic": false,
        "validFrom": "2026-05-06",
        "sourceIdentifier": "osm-way-1252879569"
      }
    },
    {
      "type": "Feature",
      "geometry": {
        "type": "Point",
        "coordinates": [
          34.4144318,
          31.5019962
        ]
      },
      "properties": {
        "id": "osm-damage-way-1252912650",
        "featureType": "critical_infrastructure",
        "infrastructureType": "building_damage_assessment",
        "status": "osm_damaged",
        "name": "Damaged (OSM)",
        "responsibleOrganization": "OpenStreetMap contributors",
        "isSynthetic": false,
        "validFrom": "2026-05-06",
        "sourceIdentifier": "osm-way-1252912650"
      }
    },
    {
      "type": "Feature",
      "geometry": {
        "type": "Point",
        "coordinates": [
          34.4139438,
          31.5011807
        ]
      },
      "properties": {
        "id": "osm-damage-way-1252955863",
        "featureType": "critical_infrastructure",
        "infrastructureType": "building_damage_assessment",
        "status": "osm_damaged",
        "name": "Damaged (OSM)",
        "responsibleOrganization": "OpenStreetMap contributors",
        "isSynthetic": false,
        "validFrom": "2026-05-06",
        "sourceIdentifier": "osm-way-1252955863"
      }
    },
    {
      "type": "Feature",
      "geometry": {
        "type": "Point",
        "coordinates": [
          34.4163242,
          31.4993603
        ]
      },
      "properties": {
        "id": "osm-damage-way-1253330801",
        "featureType": "critical_infrastructure",
        "infrastructureType": "building_damage_assessment",
        "status": "osm_damaged",
        "name": "Damaged (OSM)",
        "responsibleOrganization": "OpenStreetMap contributors",
        "isSynthetic": false,
        "validFrom": "2026-05-06",
        "sourceIdentifier": "osm-way-1253330801"
      }
    },
    {
      "type": "Feature",
      "geometry": {
        "type": "Point",
        "coordinates": [
          34.4162733,
          31.499582
        ]
      },
      "properties": {
        "id": "osm-damage-way-1253330802",
        "featureType": "critical_infrastructure",
        "infrastructureType": "building_damage_assessment",
        "status": "osm_damaged",
        "name": "Damaged (OSM)",
        "responsibleOrganization": "OpenStreetMap contributors",
        "isSynthetic": false,
        "validFrom": "2026-05-06",
        "sourceIdentifier": "osm-way-1253330802"
      }
    },
    {
      "type": "Feature",
      "geometry": {
        "type": "Point",
        "coordinates": [
          34.416528,
          31.4995013
        ]
      },
      "properties": {
        "id": "osm-damage-way-1253330803",
        "featureType": "critical_infrastructure",
        "infrastructureType": "building_damage_assessment",
        "status": "osm_damaged",
        "name": "Damaged (OSM)",
        "responsibleOrganization": "OpenStreetMap contributors",
        "isSynthetic": false,
        "validFrom": "2026-05-06",
        "sourceIdentifier": "osm-way-1253330803"
      }
    },
    {
      "type": "Feature",
      "geometry": {
        "type": "Point",
        "coordinates": [
          34.416617,
          31.4995906
        ]
      },
      "properties": {
        "id": "osm-damage-way-1253330804",
        "featureType": "critical_infrastructure",
        "infrastructureType": "building_damage_assessment",
        "status": "osm_damaged",
        "name": "Damaged (OSM)",
        "responsibleOrganization": "OpenStreetMap contributors",
        "isSynthetic": false,
        "validFrom": "2026-05-06",
        "sourceIdentifier": "osm-way-1253330804"
      }
    },
    {
      "type": "Feature",
      "geometry": {
        "type": "Point",
        "coordinates": [
          34.4152349,
          31.5008254
        ]
      },
      "properties": {
        "id": "osm-damage-way-1253330806",
        "featureType": "critical_infrastructure",
        "infrastructureType": "building_damage_assessment",
        "status": "osm_damaged",
        "name": "Damaged (OSM)",
        "responsibleOrganization": "OpenStreetMap contributors",
        "isSynthetic": false,
        "validFrom": "2026-05-06",
        "sourceIdentifier": "osm-way-1253330806"
      }
    },
    {
      "type": "Feature",
      "geometry": {
        "type": "Point",
        "coordinates": [
          34.4172109,
          31.5012377
        ]
      },
      "properties": {
        "id": "osm-damage-way-1253330807",
        "featureType": "critical_infrastructure",
        "infrastructureType": "building_damage_assessment",
        "status": "osm_destroyed",
        "name": "Destroyed (OSM)",
        "responsibleOrganization": "OpenStreetMap contributors",
        "isSynthetic": false,
        "validFrom": "2026-05-06",
        "sourceIdentifier": "osm-way-1253330807"
      }
    },
    {
      "type": "Feature",
      "geometry": {
        "type": "Point",
        "coordinates": [
          34.416872,
          31.500031
        ]
      },
      "properties": {
        "id": "osm-damage-way-1253330810",
        "featureType": "critical_infrastructure",
        "infrastructureType": "building_damage_assessment",
        "status": "osm_damaged",
        "name": "Damaged (OSM)",
        "responsibleOrganization": "OpenStreetMap contributors",
        "isSynthetic": false,
        "validFrom": "2026-05-06",
        "sourceIdentifier": "osm-way-1253330810"
      }
    },
    {
      "type": "Feature",
      "geometry": {
        "type": "Point",
        "coordinates": [
          34.4186411,
          31.4992642
        ]
      },
      "properties": {
        "id": "osm-damage-way-1253395541",
        "featureType": "critical_infrastructure",
        "infrastructureType": "building_damage_assessment",
        "status": "osm_damaged",
        "name": "Damaged (OSM)",
        "responsibleOrganization": "OpenStreetMap contributors",
        "isSynthetic": false,
        "validFrom": "2026-05-06",
        "sourceIdentifier": "osm-way-1253395541"
      }
    },
    {
      "type": "Feature",
      "geometry": {
        "type": "Point",
        "coordinates": [
          34.4184855,
          31.4993747
        ]
      },
      "properties": {
        "id": "osm-damage-way-1253395542",
        "featureType": "critical_infrastructure",
        "infrastructureType": "building_damage_assessment",
        "status": "osm_damaged",
        "name": "Damaged (OSM)",
        "responsibleOrganization": "OpenStreetMap contributors",
        "isSynthetic": false,
        "validFrom": "2026-05-06",
        "sourceIdentifier": "osm-way-1253395542"
      }
    },
    {
      "type": "Feature",
      "geometry": {
        "type": "Point",
        "coordinates": [
          34.4184839,
          31.4995362
        ]
      },
      "properties": {
        "id": "osm-damage-way-1253395543",
        "featureType": "critical_infrastructure",
        "infrastructureType": "building_damage_assessment",
        "status": "osm_damaged",
        "name": "Damaged (OSM)",
        "responsibleOrganization": "OpenStreetMap contributors",
        "isSynthetic": false,
        "validFrom": "2026-05-06",
        "sourceIdentifier": "osm-way-1253395543"
      }
    },
    {
      "type": "Feature",
      "geometry": {
        "type": "Point",
        "coordinates": [
          34.4189643,
          31.4990598
        ]
      },
      "properties": {
        "id": "osm-damage-way-1253395544",
        "featureType": "critical_infrastructure",
        "infrastructureType": "building_damage_assessment",
        "status": "osm_damaged",
        "name": "Damaged (OSM)",
        "responsibleOrganization": "OpenStreetMap contributors",
        "isSynthetic": false,
        "validFrom": "2026-05-06",
        "sourceIdentifier": "osm-way-1253395544"
      }
    },
    {
      "type": "Feature",
      "geometry": {
        "type": "Point",
        "coordinates": [
          34.4188765,
          31.4989211
        ]
      },
      "properties": {
        "id": "osm-damage-way-1253534660",
        "featureType": "critical_infrastructure",
        "infrastructureType": "building_damage_assessment",
        "status": "osm_damaged",
        "name": "Damaged (OSM)",
        "responsibleOrganization": "OpenStreetMap contributors",
        "isSynthetic": false,
        "validFrom": "2026-05-06",
        "sourceIdentifier": "osm-way-1253534660"
      }
    },
    {
      "type": "Feature",
      "geometry": {
        "type": "Point",
        "coordinates": [
          34.4191105,
          31.4988813
        ]
      },
      "properties": {
        "id": "osm-damage-way-1253534661",
        "featureType": "critical_infrastructure",
        "infrastructureType": "building_damage_assessment",
        "status": "osm_damaged",
        "name": "Damaged (OSM)",
        "responsibleOrganization": "OpenStreetMap contributors",
        "isSynthetic": false,
        "validFrom": "2026-05-06",
        "sourceIdentifier": "osm-way-1253534661"
      }
    },
    {
      "type": "Feature",
      "geometry": {
        "type": "Point",
        "coordinates": [
          34.4228361,
          31.5006352
        ]
      },
      "properties": {
        "id": "osm-damage-way-1253572064",
        "featureType": "critical_infrastructure",
        "infrastructureType": "building_damage_assessment",
        "status": "osm_damaged",
        "name": "Damaged (OSM)",
        "responsibleOrganization": "OpenStreetMap contributors",
        "isSynthetic": false,
        "validFrom": "2026-05-06",
        "sourceIdentifier": "osm-way-1253572064"
      }
    },
    {
      "type": "Feature",
      "geometry": {
        "type": "Point",
        "coordinates": [
          34.4220245,
          31.5007713
        ]
      },
      "properties": {
        "id": "osm-damage-way-1253572065",
        "featureType": "critical_infrastructure",
        "infrastructureType": "building_damage_assessment",
        "status": "osm_damaged",
        "name": "Damaged (OSM)",
        "responsibleOrganization": "OpenStreetMap contributors",
        "isSynthetic": false,
        "validFrom": "2026-05-06",
        "sourceIdentifier": "osm-way-1253572065"
      }
    },
    {
      "type": "Feature",
      "geometry": {
        "type": "Point",
        "coordinates": [
          34.4220169,
          31.5010653
        ]
      },
      "properties": {
        "id": "osm-damage-way-1253572066",
        "featureType": "critical_infrastructure",
        "infrastructureType": "building_damage_assessment",
        "status": "osm_damaged",
        "name": "Damaged (OSM)",
        "responsibleOrganization": "OpenStreetMap contributors",
        "isSynthetic": false,
        "validFrom": "2026-05-06",
        "sourceIdentifier": "osm-way-1253572066"
      }
    },
    {
      "type": "Feature",
      "geometry": {
        "type": "Point",
        "coordinates": [
          34.4230252,
          31.5007916
        ]
      },
      "properties": {
        "id": "osm-damage-way-1253575789",
        "featureType": "critical_infrastructure",
        "infrastructureType": "building_damage_assessment",
        "status": "osm_damaged",
        "name": "Damaged (OSM)",
        "responsibleOrganization": "OpenStreetMap contributors",
        "isSynthetic": false,
        "validFrom": "2026-05-06",
        "sourceIdentifier": "osm-way-1253575789"
      }
    },
    {
      "type": "Feature",
      "geometry": {
        "type": "Point",
        "coordinates": [
          34.4243056,
          31.5005585
        ]
      },
      "properties": {
        "id": "osm-damage-way-1253575790",
        "featureType": "critical_infrastructure",
        "infrastructureType": "building_damage_assessment",
        "status": "osm_damaged",
        "name": "Damaged (OSM)",
        "responsibleOrganization": "OpenStreetMap contributors",
        "isSynthetic": false,
        "validFrom": "2026-05-06",
        "sourceIdentifier": "osm-way-1253575790"
      }
    },
    {
      "type": "Feature",
      "geometry": {
        "type": "Point",
        "coordinates": [
          34.4247712,
          31.5007223
        ]
      },
      "properties": {
        "id": "osm-damage-way-1253575796",
        "featureType": "critical_infrastructure",
        "infrastructureType": "building_damage_assessment",
        "status": "osm_damaged",
        "name": "Damaged (OSM)",
        "responsibleOrganization": "OpenStreetMap contributors",
        "isSynthetic": false,
        "validFrom": "2026-05-06",
        "sourceIdentifier": "osm-way-1253575796"
      }
    },
    {
      "type": "Feature",
      "geometry": {
        "type": "Point",
        "coordinates": [
          34.4245337,
          31.5011265
        ]
      },
      "properties": {
        "id": "osm-damage-way-1253575797",
        "featureType": "critical_infrastructure",
        "infrastructureType": "building_damage_assessment",
        "status": "osm_damaged",
        "name": "Damaged (OSM)",
        "responsibleOrganization": "OpenStreetMap contributors",
        "isSynthetic": false,
        "validFrom": "2026-05-06",
        "sourceIdentifier": "osm-way-1253575797"
      }
    },
    {
      "type": "Feature",
      "geometry": {
        "type": "Point",
        "coordinates": [
          34.4236137,
          31.5007867
        ]
      },
      "properties": {
        "id": "osm-damage-way-1253575798",
        "featureType": "critical_infrastructure",
        "infrastructureType": "building_damage_assessment",
        "status": "osm_damaged",
        "name": "Damaged (OSM)",
        "responsibleOrganization": "OpenStreetMap contributors",
        "isSynthetic": false,
        "validFrom": "2026-05-06",
        "sourceIdentifier": "osm-way-1253575798"
      }
    },
    {
      "type": "Feature",
      "geometry": {
        "type": "Point",
        "coordinates": [
          34.423739,
          31.5009193
        ]
      },
      "properties": {
        "id": "osm-damage-way-1253575799",
        "featureType": "critical_infrastructure",
        "infrastructureType": "building_damage_assessment",
        "status": "osm_damaged",
        "name": "Damaged (OSM)",
        "responsibleOrganization": "OpenStreetMap contributors",
        "isSynthetic": false,
        "validFrom": "2026-05-06",
        "sourceIdentifier": "osm-way-1253575799"
      }
    },
    {
      "type": "Feature",
      "geometry": {
        "type": "Point",
        "coordinates": [
          34.4239597,
          31.5012072
        ]
      },
      "properties": {
        "id": "osm-damage-way-1253575801",
        "featureType": "critical_infrastructure",
        "infrastructureType": "building_damage_assessment",
        "status": "osm_damaged",
        "name": "Damaged (OSM)",
        "responsibleOrganization": "OpenStreetMap contributors",
        "isSynthetic": false,
        "validFrom": "2026-05-06",
        "sourceIdentifier": "osm-way-1253575801"
      }
    },
    {
      "type": "Feature",
      "geometry": {
        "type": "Point",
        "coordinates": [
          34.4173202,
          31.5051192
        ]
      },
      "properties": {
        "id": "osm-damage-way-1253579805",
        "featureType": "critical_infrastructure",
        "infrastructureType": "building_damage_assessment",
        "status": "osm_destroyed",
        "name": "Destroyed (OSM)",
        "responsibleOrganization": "OpenStreetMap contributors",
        "isSynthetic": false,
        "validFrom": "2026-05-06",
        "sourceIdentifier": "osm-way-1253579805"
      }
    },
    {
      "type": "Feature",
      "geometry": {
        "type": "Point",
        "coordinates": [
          34.4166965,
          31.504591
        ]
      },
      "properties": {
        "id": "osm-damage-way-1253579806",
        "featureType": "critical_infrastructure",
        "infrastructureType": "building_damage_assessment",
        "status": "osm_destroyed",
        "name": "Destroyed (OSM)",
        "responsibleOrganization": "OpenStreetMap contributors",
        "isSynthetic": false,
        "validFrom": "2026-05-06",
        "sourceIdentifier": "osm-way-1253579806"
      }
    },
    {
      "type": "Feature",
      "geometry": {
        "type": "Point",
        "coordinates": [
          34.4163533,
          31.5036453
        ]
      },
      "properties": {
        "id": "osm-damage-way-1253579807",
        "featureType": "critical_infrastructure",
        "infrastructureType": "building_damage_assessment",
        "status": "osm_destroyed",
        "name": "Destroyed (OSM)",
        "responsibleOrganization": "OpenStreetMap contributors",
        "isSynthetic": false,
        "validFrom": "2026-05-06",
        "sourceIdentifier": "osm-way-1253579807"
      }
    },
    {
      "type": "Feature",
      "geometry": {
        "type": "Point",
        "coordinates": [
          34.4225517,
          31.5015834
        ]
      },
      "properties": {
        "id": "osm-damage-way-1253642329",
        "featureType": "critical_infrastructure",
        "infrastructureType": "building_damage_assessment",
        "status": "osm_damaged",
        "name": "Damaged (OSM)",
        "responsibleOrganization": "OpenStreetMap contributors",
        "isSynthetic": false,
        "validFrom": "2026-05-06",
        "sourceIdentifier": "osm-way-1253642329"
      }
    },
    {
      "type": "Feature",
      "geometry": {
        "type": "Point",
        "coordinates": [
          34.422507,
          31.5035476
        ]
      },
      "properties": {
        "id": "osm-damage-way-1253642330",
        "featureType": "critical_infrastructure",
        "infrastructureType": "building_damage_assessment",
        "status": "osm_destroyed",
        "name": "Destroyed (OSM)",
        "responsibleOrganization": "OpenStreetMap contributors",
        "isSynthetic": false,
        "validFrom": "2026-05-06",
        "sourceIdentifier": "osm-way-1253642330"
      }
    },
    {
      "type": "Feature",
      "geometry": {
        "type": "Point",
        "coordinates": [
          34.4210391,
          31.5037162
        ]
      },
      "properties": {
        "id": "osm-damage-way-1253648958",
        "featureType": "critical_infrastructure",
        "infrastructureType": "building_damage_assessment",
        "status": "osm_destroyed",
        "name": "Destroyed (OSM)",
        "responsibleOrganization": "OpenStreetMap contributors",
        "isSynthetic": false,
        "validFrom": "2026-05-06",
        "sourceIdentifier": "osm-way-1253648958"
      }
    },
    {
      "type": "Feature",
      "geometry": {
        "type": "Point",
        "coordinates": [
          34.453186,
          31.5388062
        ]
      },
      "properties": {
        "id": "osm-damage-way-1253680311",
        "featureType": "critical_infrastructure",
        "infrastructureType": "building_damage_assessment",
        "status": "osm_destroyed",
        "name": "Destroyed (OSM)",
        "responsibleOrganization": "OpenStreetMap contributors",
        "isSynthetic": false,
        "validFrom": "2026-05-06",
        "sourceIdentifier": "osm-way-1253680311"
      }
    },
    {
      "type": "Feature",
      "geometry": {
        "type": "Point",
        "coordinates": [
          34.4541627,
          31.5398686
        ]
      },
      "properties": {
        "id": "osm-damage-way-1253681210",
        "featureType": "critical_infrastructure",
        "infrastructureType": "building_damage_assessment",
        "status": "osm_destroyed",
        "name": "Destroyed (OSM)",
        "responsibleOrganization": "OpenStreetMap contributors",
        "isSynthetic": false,
        "validFrom": "2026-05-06",
        "sourceIdentifier": "osm-way-1253681210"
      }
    },
    {
      "type": "Feature",
      "geometry": {
        "type": "Point",
        "coordinates": [
          34.4550605,
          31.5390822
        ]
      },
      "properties": {
        "id": "osm-damage-way-1253681843",
        "featureType": "critical_infrastructure",
        "infrastructureType": "building_damage_assessment",
        "status": "osm_destroyed",
        "name": "Destroyed (OSM)",
        "responsibleOrganization": "OpenStreetMap contributors",
        "isSynthetic": false,
        "validFrom": "2026-05-06",
        "sourceIdentifier": "osm-way-1253681843"
      }
    },
    {
      "type": "Feature",
      "geometry": {
        "type": "Point",
        "coordinates": [
          34.4546975,
          31.540143
        ]
      },
      "properties": {
        "id": "osm-damage-way-1253682172",
        "featureType": "critical_infrastructure",
        "infrastructureType": "building_damage_assessment",
        "status": "osm_destroyed",
        "name": "Destroyed (OSM)",
        "responsibleOrganization": "OpenStreetMap contributors",
        "isSynthetic": false,
        "validFrom": "2026-05-06",
        "sourceIdentifier": "osm-way-1253682172"
      }
    },
    {
      "type": "Feature",
      "geometry": {
        "type": "Point",
        "coordinates": [
          34.4518,
          31.5390908
        ]
      },
      "properties": {
        "id": "osm-damage-way-1253729013",
        "featureType": "critical_infrastructure",
        "infrastructureType": "building_damage_assessment",
        "status": "osm_damaged",
        "name": "Damaged (OSM)",
        "responsibleOrganization": "OpenStreetMap contributors",
        "isSynthetic": false,
        "validFrom": "2026-05-06",
        "sourceIdentifier": "osm-way-1253729013"
      }
    },
    {
      "type": "Feature",
      "geometry": {
        "type": "Point",
        "coordinates": [
          34.452016,
          31.5394013
        ]
      },
      "properties": {
        "id": "osm-damage-way-1253739243",
        "featureType": "critical_infrastructure",
        "infrastructureType": "building_damage_assessment",
        "status": "osm_damaged",
        "name": "Damaged (OSM)",
        "responsibleOrganization": "OpenStreetMap contributors",
        "isSynthetic": false,
        "validFrom": "2026-05-06",
        "sourceIdentifier": "osm-way-1253739243"
      }
    },
    {
      "type": "Feature",
      "geometry": {
        "type": "Point",
        "coordinates": [
          34.4519012,
          31.5395028
        ]
      },
      "properties": {
        "id": "osm-damage-way-1253739244",
        "featureType": "critical_infrastructure",
        "infrastructureType": "building_damage_assessment",
        "status": "osm_damaged",
        "name": "Damaged (OSM)",
        "responsibleOrganization": "OpenStreetMap contributors",
        "isSynthetic": false,
        "validFrom": "2026-05-06",
        "sourceIdentifier": "osm-way-1253739244"
      }
    },
    {
      "type": "Feature",
      "geometry": {
        "type": "Point",
        "coordinates": [
          34.4517458,
          31.5394747
        ]
      },
      "properties": {
        "id": "osm-damage-way-1253739245",
        "featureType": "critical_infrastructure",
        "infrastructureType": "building_damage_assessment",
        "status": "osm_damaged",
        "name": "Damaged (OSM)",
        "responsibleOrganization": "OpenStreetMap contributors",
        "isSynthetic": false,
        "validFrom": "2026-05-06",
        "sourceIdentifier": "osm-way-1253739245"
      }
    },
    {
      "type": "Feature",
      "geometry": {
        "type": "Point",
        "coordinates": [
          34.451418,
          31.5390418
        ]
      },
      "properties": {
        "id": "osm-damage-way-1253739950",
        "featureType": "critical_infrastructure",
        "infrastructureType": "building_damage_assessment",
        "status": "osm_damaged",
        "name": "Damaged (OSM)",
        "responsibleOrganization": "OpenStreetMap contributors",
        "isSynthetic": false,
        "validFrom": "2026-05-06",
        "sourceIdentifier": "osm-way-1253739950"
      }
    },
    {
      "type": "Feature",
      "geometry": {
        "type": "Point",
        "coordinates": [
          34.424398,
          31.5119481
        ]
      },
      "properties": {
        "id": "osm-damage-way-1253814441",
        "featureType": "critical_infrastructure",
        "infrastructureType": "building_damage_assessment",
        "status": "osm_damaged",
        "name": "Damaged (OSM)",
        "responsibleOrganization": "OpenStreetMap contributors",
        "isSynthetic": false,
        "validFrom": "2026-05-06",
        "sourceIdentifier": "osm-way-1253814441"
      }
    },
    {
      "type": "Feature",
      "geometry": {
        "type": "Point",
        "coordinates": [
          34.4242052,
          31.5117823
        ]
      },
      "properties": {
        "id": "osm-damage-way-1253814442",
        "featureType": "critical_infrastructure",
        "infrastructureType": "building_damage_assessment",
        "status": "osm_damaged",
        "name": "Damaged (OSM)",
        "responsibleOrganization": "OpenStreetMap contributors",
        "isSynthetic": false,
        "validFrom": "2026-05-06",
        "sourceIdentifier": "osm-way-1253814442"
      }
    },
    {
      "type": "Feature",
      "geometry": {
        "type": "Point",
        "coordinates": [
          34.4545336,
          31.5398961
        ]
      },
      "properties": {
        "id": "osm-damage-way-1253900121",
        "featureType": "critical_infrastructure",
        "infrastructureType": "building_damage_assessment",
        "status": "osm_destroyed",
        "name": "Destroyed (OSM)",
        "responsibleOrganization": "OpenStreetMap contributors",
        "isSynthetic": false,
        "validFrom": "2026-05-06",
        "sourceIdentifier": "osm-way-1253900121"
      }
    },
    {
      "type": "Feature",
      "geometry": {
        "type": "Point",
        "coordinates": [
          34.415289,
          31.5015756
        ]
      },
      "properties": {
        "id": "osm-damage-way-1253912982",
        "featureType": "critical_infrastructure",
        "infrastructureType": "building_damage_assessment",
        "status": "osm_damaged",
        "name": "Damaged (OSM)",
        "responsibleOrganization": "OpenStreetMap contributors",
        "isSynthetic": false,
        "validFrom": "2026-05-06",
        "sourceIdentifier": "osm-way-1253912982"
      }
    },
    {
      "type": "Feature",
      "geometry": {
        "type": "Point",
        "coordinates": [
          34.4150169,
          31.501678
        ]
      },
      "properties": {
        "id": "osm-damage-way-1253912983",
        "featureType": "critical_infrastructure",
        "infrastructureType": "building_damage_assessment",
        "status": "osm_damaged",
        "name": "Damaged (OSM)",
        "responsibleOrganization": "OpenStreetMap contributors",
        "isSynthetic": false,
        "validFrom": "2026-05-06",
        "sourceIdentifier": "osm-way-1253912983"
      }
    },
    {
      "type": "Feature",
      "geometry": {
        "type": "Point",
        "coordinates": [
          34.416934,
          31.5029341
        ]
      },
      "properties": {
        "id": "osm-damage-way-1253912984",
        "featureType": "critical_infrastructure",
        "infrastructureType": "building_damage_assessment",
        "status": "osm_damaged",
        "name": "Damaged (OSM)",
        "responsibleOrganization": "OpenStreetMap contributors",
        "isSynthetic": false,
        "validFrom": "2026-05-06",
        "sourceIdentifier": "osm-way-1253912984"
      }
    },
    {
      "type": "Feature",
      "geometry": {
        "type": "Point",
        "coordinates": [
          34.4157283,
          31.503467
        ]
      },
      "properties": {
        "id": "osm-damage-way-1253912985",
        "featureType": "critical_infrastructure",
        "infrastructureType": "building_damage_assessment",
        "status": "osm_damaged",
        "name": "Damaged (OSM)",
        "responsibleOrganization": "OpenStreetMap contributors",
        "isSynthetic": false,
        "validFrom": "2026-05-06",
        "sourceIdentifier": "osm-way-1253912985"
      }
    },
    {
      "type": "Feature",
      "geometry": {
        "type": "Point",
        "coordinates": [
          34.4163438,
          31.5017401
        ]
      },
      "properties": {
        "id": "osm-damage-way-1253912986",
        "featureType": "critical_infrastructure",
        "infrastructureType": "building_damage_assessment",
        "status": "osm_damaged",
        "name": "Damaged (OSM)",
        "responsibleOrganization": "OpenStreetMap contributors",
        "isSynthetic": false,
        "validFrom": "2026-05-06",
        "sourceIdentifier": "osm-way-1253912986"
      }
    },
    {
      "type": "Feature",
      "geometry": {
        "type": "Point",
        "coordinates": [
          34.4162248,
          31.5018054
        ]
      },
      "properties": {
        "id": "osm-damage-way-1253912987",
        "featureType": "critical_infrastructure",
        "infrastructureType": "building_damage_assessment",
        "status": "osm_damaged",
        "name": "Damaged (OSM)",
        "responsibleOrganization": "OpenStreetMap contributors",
        "isSynthetic": false,
        "validFrom": "2026-05-06",
        "sourceIdentifier": "osm-way-1253912987"
      }
    },
    {
      "type": "Feature",
      "geometry": {
        "type": "Point",
        "coordinates": [
          34.4154115,
          31.5024015
        ]
      },
      "properties": {
        "id": "osm-damage-way-1253912988",
        "featureType": "critical_infrastructure",
        "infrastructureType": "building_damage_assessment",
        "status": "osm_damaged",
        "name": "Damaged (OSM)",
        "responsibleOrganization": "OpenStreetMap contributors",
        "isSynthetic": false,
        "validFrom": "2026-05-06",
        "sourceIdentifier": "osm-way-1253912988"
      }
    },
    {
      "type": "Feature",
      "geometry": {
        "type": "Point",
        "coordinates": [
          34.4161383,
          31.5029648
        ]
      },
      "properties": {
        "id": "osm-damage-way-1253921056",
        "featureType": "critical_infrastructure",
        "infrastructureType": "building_damage_assessment",
        "status": "osm_damaged",
        "name": "Damaged (OSM)",
        "responsibleOrganization": "OpenStreetMap contributors",
        "isSynthetic": false,
        "validFrom": "2026-05-06",
        "sourceIdentifier": "osm-way-1253921056"
      }
    },
    {
      "type": "Feature",
      "geometry": {
        "type": "Point",
        "coordinates": [
          34.4149689,
          31.5029098
        ]
      },
      "properties": {
        "id": "osm-damage-way-1253921057",
        "featureType": "critical_infrastructure",
        "infrastructureType": "building_damage_assessment",
        "status": "osm_damaged",
        "name": "Damaged (OSM)",
        "responsibleOrganization": "OpenStreetMap contributors",
        "isSynthetic": false,
        "validFrom": "2026-05-06",
        "sourceIdentifier": "osm-way-1253921057"
      }
    },
    {
      "type": "Feature",
      "geometry": {
        "type": "Point",
        "coordinates": [
          34.4148175,
          31.5016388
        ]
      },
      "properties": {
        "id": "osm-damage-way-1253921061",
        "featureType": "critical_infrastructure",
        "infrastructureType": "building_damage_assessment",
        "status": "osm_damaged",
        "name": "Damaged (OSM)",
        "responsibleOrganization": "OpenStreetMap contributors",
        "isSynthetic": false,
        "validFrom": "2026-05-06",
        "sourceIdentifier": "osm-way-1253921061"
      }
    },
    {
      "type": "Feature",
      "geometry": {
        "type": "Point",
        "coordinates": [
          34.4169467,
          31.5015488
        ]
      },
      "properties": {
        "id": "osm-damage-way-1253921062",
        "featureType": "critical_infrastructure",
        "infrastructureType": "building_damage_assessment",
        "status": "osm_destroyed",
        "name": "Destroyed (OSM)",
        "responsibleOrganization": "OpenStreetMap contributors",
        "isSynthetic": false,
        "validFrom": "2026-05-06",
        "sourceIdentifier": "osm-way-1253921062"
      }
    },
    {
      "type": "Feature",
      "geometry": {
        "type": "Point",
        "coordinates": [
          34.4166736,
          31.5024951
        ]
      },
      "properties": {
        "id": "osm-damage-way-1253921063",
        "featureType": "critical_infrastructure",
        "infrastructureType": "building_damage_assessment",
        "status": "osm_damaged",
        "name": "Damaged (OSM)",
        "responsibleOrganization": "OpenStreetMap contributors",
        "isSynthetic": false,
        "validFrom": "2026-05-06",
        "sourceIdentifier": "osm-way-1253921063"
      }
    },
    {
      "type": "Feature",
      "geometry": {
        "type": "Point",
        "coordinates": [
          34.4166527,
          31.5026591
        ]
      },
      "properties": {
        "id": "osm-damage-way-1253921064",
        "featureType": "critical_infrastructure",
        "infrastructureType": "building_damage_assessment",
        "status": "osm_damaged",
        "name": "Damaged (OSM)",
        "responsibleOrganization": "OpenStreetMap contributors",
        "isSynthetic": false,
        "validFrom": "2026-05-06",
        "sourceIdentifier": "osm-way-1253921064"
      }
    },
    {
      "type": "Feature",
      "geometry": {
        "type": "Point",
        "coordinates": [
          34.4181177,
          31.5035038
        ]
      },
      "properties": {
        "id": "osm-damage-way-1253926684",
        "featureType": "critical_infrastructure",
        "infrastructureType": "building_damage_assessment",
        "status": "osm_destroyed",
        "name": "Destroyed (OSM)",
        "responsibleOrganization": "OpenStreetMap contributors",
        "isSynthetic": false,
        "validFrom": "2026-05-06",
        "sourceIdentifier": "osm-way-1253926684"
      }
    },
    {
      "type": "Feature",
      "geometry": {
        "type": "Point",
        "coordinates": [
          34.4189483,
          31.501897
        ]
      },
      "properties": {
        "id": "osm-damage-way-1253926686",
        "featureType": "critical_infrastructure",
        "infrastructureType": "building_damage_assessment",
        "status": "osm_destroyed",
        "name": "Destroyed (OSM)",
        "responsibleOrganization": "OpenStreetMap contributors",
        "isSynthetic": false,
        "validFrom": "2026-05-06",
        "sourceIdentifier": "osm-way-1253926686"
      }
    },
    {
      "type": "Feature",
      "geometry": {
        "type": "Point",
        "coordinates": [
          34.4186627,
          31.5029488
        ]
      },
      "properties": {
        "id": "osm-damage-way-1253926688",
        "featureType": "critical_infrastructure",
        "infrastructureType": "building_damage_assessment",
        "status": "osm_destroyed",
        "name": "Destroyed (OSM)",
        "responsibleOrganization": "OpenStreetMap contributors",
        "isSynthetic": false,
        "validFrom": "2026-05-06",
        "sourceIdentifier": "osm-way-1253926688"
      }
    },
    {
      "type": "Feature",
      "geometry": {
        "type": "Point",
        "coordinates": [
          34.4182709,
          31.5027177
        ]
      },
      "properties": {
        "id": "osm-damage-way-1253926689",
        "featureType": "critical_infrastructure",
        "infrastructureType": "building_damage_assessment",
        "status": "osm_destroyed",
        "name": "Destroyed (OSM)",
        "responsibleOrganization": "OpenStreetMap contributors",
        "isSynthetic": false,
        "validFrom": "2026-05-06",
        "sourceIdentifier": "osm-way-1253926689"
      }
    },
    {
      "type": "Feature",
      "geometry": {
        "type": "Point",
        "coordinates": [
          34.4183131,
          31.5027567
        ]
      },
      "properties": {
        "id": "osm-damage-way-1253926690",
        "featureType": "critical_infrastructure",
        "infrastructureType": "building_damage_assessment",
        "status": "osm_destroyed",
        "name": "Destroyed (OSM)",
        "responsibleOrganization": "OpenStreetMap contributors",
        "isSynthetic": false,
        "validFrom": "2026-05-06",
        "sourceIdentifier": "osm-way-1253926690"
      }
    },
    {
      "type": "Feature",
      "geometry": {
        "type": "Point",
        "coordinates": [
          34.4177336,
          31.503009
        ]
      },
      "properties": {
        "id": "osm-damage-way-1253931446",
        "featureType": "critical_infrastructure",
        "infrastructureType": "building_damage_assessment",
        "status": "osm_destroyed",
        "name": "Destroyed (OSM)",
        "responsibleOrganization": "OpenStreetMap contributors",
        "isSynthetic": false,
        "validFrom": "2026-05-06",
        "sourceIdentifier": "osm-way-1253931446"
      }
    },
    {
      "type": "Feature",
      "geometry": {
        "type": "Point",
        "coordinates": [
          34.4179151,
          31.5027179
        ]
      },
      "properties": {
        "id": "osm-damage-way-1253931447",
        "featureType": "critical_infrastructure",
        "infrastructureType": "building_damage_assessment",
        "status": "osm_destroyed",
        "name": "Destroyed (OSM)",
        "responsibleOrganization": "OpenStreetMap contributors",
        "isSynthetic": false,
        "validFrom": "2026-05-06",
        "sourceIdentifier": "osm-way-1253931447"
      }
    },
    {
      "type": "Feature",
      "geometry": {
        "type": "Point",
        "coordinates": [
          34.4247503,
          31.5036356
        ]
      },
      "properties": {
        "id": "osm-damage-way-1253945337",
        "featureType": "critical_infrastructure",
        "infrastructureType": "building_damage_assessment",
        "status": "osm_damaged",
        "name": "Damaged (OSM)",
        "responsibleOrganization": "OpenStreetMap contributors",
        "isSynthetic": false,
        "validFrom": "2026-05-06",
        "sourceIdentifier": "osm-way-1253945337"
      }
    },
    {
      "type": "Feature",
      "geometry": {
        "type": "Point",
        "coordinates": [
          34.4241888,
          31.5035757
        ]
      },
      "properties": {
        "id": "osm-damage-way-1253945338",
        "featureType": "critical_infrastructure",
        "infrastructureType": "building_damage_assessment",
        "status": "osm_damaged",
        "name": "Damaged (OSM)",
        "responsibleOrganization": "OpenStreetMap contributors",
        "isSynthetic": false,
        "validFrom": "2026-05-06",
        "sourceIdentifier": "osm-way-1253945338"
      }
    },
    {
      "type": "Feature",
      "geometry": {
        "type": "Point",
        "coordinates": [
          34.4238718,
          31.5036101
        ]
      },
      "properties": {
        "id": "osm-damage-way-1253945339",
        "featureType": "critical_infrastructure",
        "infrastructureType": "building_damage_assessment",
        "status": "osm_damaged",
        "name": "Damaged (OSM)",
        "responsibleOrganization": "OpenStreetMap contributors",
        "isSynthetic": false,
        "validFrom": "2026-05-06",
        "sourceIdentifier": "osm-way-1253945339"
      }
    },
    {
      "type": "Feature",
      "geometry": {
        "type": "Point",
        "coordinates": [
          34.4237423,
          31.5017661
        ]
      },
      "properties": {
        "id": "osm-damage-way-1253945344",
        "featureType": "critical_infrastructure",
        "infrastructureType": "building_damage_assessment",
        "status": "osm_damaged",
        "name": "Damaged (OSM)",
        "responsibleOrganization": "OpenStreetMap contributors",
        "isSynthetic": false,
        "validFrom": "2026-05-06",
        "sourceIdentifier": "osm-way-1253945344"
      }
    },
    {
      "type": "Feature",
      "geometry": {
        "type": "Point",
        "coordinates": [
          34.4238565,
          31.5018217
        ]
      },
      "properties": {
        "id": "osm-damage-way-1253945345",
        "featureType": "critical_infrastructure",
        "infrastructureType": "building_damage_assessment",
        "status": "osm_damaged",
        "name": "Damaged (OSM)",
        "responsibleOrganization": "OpenStreetMap contributors",
        "isSynthetic": false,
        "validFrom": "2026-05-06",
        "sourceIdentifier": "osm-way-1253945345"
      }
    },
    {
      "type": "Feature",
      "geometry": {
        "type": "Point",
        "coordinates": [
          34.4239428,
          31.5017974
        ]
      },
      "properties": {
        "id": "osm-damage-way-1253945346",
        "featureType": "critical_infrastructure",
        "infrastructureType": "building_damage_assessment",
        "status": "osm_damaged",
        "name": "Damaged (OSM)",
        "responsibleOrganization": "OpenStreetMap contributors",
        "isSynthetic": false,
        "validFrom": "2026-05-06",
        "sourceIdentifier": "osm-way-1253945346"
      }
    },
    {
      "type": "Feature",
      "geometry": {
        "type": "Point",
        "coordinates": [
          34.4242108,
          31.5014479
        ]
      },
      "properties": {
        "id": "osm-damage-way-1253945347",
        "featureType": "critical_infrastructure",
        "infrastructureType": "building_damage_assessment",
        "status": "osm_damaged",
        "name": "Damaged (OSM)",
        "responsibleOrganization": "OpenStreetMap contributors",
        "isSynthetic": false,
        "validFrom": "2026-05-06",
        "sourceIdentifier": "osm-way-1253945347"
      }
    },
    {
      "type": "Feature",
      "geometry": {
        "type": "Point",
        "coordinates": [
          34.4231322,
          31.5019183
        ]
      },
      "properties": {
        "id": "osm-damage-way-1253945349",
        "featureType": "critical_infrastructure",
        "infrastructureType": "building_damage_assessment",
        "status": "osm_damaged",
        "name": "Damaged (OSM)",
        "responsibleOrganization": "OpenStreetMap contributors",
        "isSynthetic": false,
        "validFrom": "2026-05-06",
        "sourceIdentifier": "osm-way-1253945349"
      }
    },
    {
      "type": "Feature",
      "geometry": {
        "type": "Point",
        "coordinates": [
          34.4170244,
          31.5047371
        ]
      },
      "properties": {
        "id": "osm-damage-way-1253951315",
        "featureType": "critical_infrastructure",
        "infrastructureType": "building_damage_assessment",
        "status": "osm_destroyed",
        "name": "Destroyed (OSM)",
        "responsibleOrganization": "OpenStreetMap contributors",
        "isSynthetic": false,
        "validFrom": "2026-05-06",
        "sourceIdentifier": "osm-way-1253951315"
      }
    },
    {
      "type": "Feature",
      "geometry": {
        "type": "Point",
        "coordinates": [
          34.4181805,
          31.5047754
        ]
      },
      "properties": {
        "id": "osm-damage-way-1253959916",
        "featureType": "critical_infrastructure",
        "infrastructureType": "building_damage_assessment",
        "status": "osm_destroyed",
        "name": "Destroyed (OSM)",
        "responsibleOrganization": "OpenStreetMap contributors",
        "isSynthetic": false,
        "validFrom": "2026-05-06",
        "sourceIdentifier": "osm-way-1253959916"
      }
    },
    {
      "type": "Feature",
      "geometry": {
        "type": "Point",
        "coordinates": [
          34.4187943,
          31.5047315
        ]
      },
      "properties": {
        "id": "osm-damage-way-1253959917",
        "featureType": "critical_infrastructure",
        "infrastructureType": "building_damage_assessment",
        "status": "osm_destroyed",
        "name": "Destroyed (OSM)",
        "responsibleOrganization": "OpenStreetMap contributors",
        "isSynthetic": false,
        "validFrom": "2026-05-06",
        "sourceIdentifier": "osm-way-1253959917"
      }
    },
    {
      "type": "Feature",
      "geometry": {
        "type": "Point",
        "coordinates": [
          34.418693,
          31.5046265
        ]
      },
      "properties": {
        "id": "osm-damage-way-1253959918",
        "featureType": "critical_infrastructure",
        "infrastructureType": "building_damage_assessment",
        "status": "osm_destroyed",
        "name": "Destroyed (OSM)",
        "responsibleOrganization": "OpenStreetMap contributors",
        "isSynthetic": false,
        "validFrom": "2026-05-06",
        "sourceIdentifier": "osm-way-1253959918"
      }
    },
    {
      "type": "Feature",
      "geometry": {
        "type": "Point",
        "coordinates": [
          34.4185002,
          31.5044517
        ]
      },
      "properties": {
        "id": "osm-damage-way-1253959919",
        "featureType": "critical_infrastructure",
        "infrastructureType": "building_damage_assessment",
        "status": "osm_destroyed",
        "name": "Destroyed (OSM)",
        "responsibleOrganization": "OpenStreetMap contributors",
        "isSynthetic": false,
        "validFrom": "2026-05-06",
        "sourceIdentifier": "osm-way-1253959919"
      }
    },
    {
      "type": "Feature",
      "geometry": {
        "type": "Point",
        "coordinates": [
          34.4227312,
          31.5046252
        ]
      },
      "properties": {
        "id": "osm-damage-way-1253967824",
        "featureType": "critical_infrastructure",
        "infrastructureType": "building_damage_assessment",
        "status": "osm_destroyed",
        "name": "Destroyed (OSM)",
        "responsibleOrganization": "OpenStreetMap contributors",
        "isSynthetic": false,
        "validFrom": "2026-05-06",
        "sourceIdentifier": "osm-way-1253967824"
      }
    },
    {
      "type": "Feature",
      "geometry": {
        "type": "Point",
        "coordinates": [
          34.4226795,
          31.5045446
        ]
      },
      "properties": {
        "id": "osm-damage-way-1253967825",
        "featureType": "critical_infrastructure",
        "infrastructureType": "building_damage_assessment",
        "status": "osm_destroyed",
        "name": "Destroyed (OSM)",
        "responsibleOrganization": "OpenStreetMap contributors",
        "isSynthetic": false,
        "validFrom": "2026-05-06",
        "sourceIdentifier": "osm-way-1253967825"
      }
    },
    {
      "type": "Feature",
      "geometry": {
        "type": "Point",
        "coordinates": [
          34.4229282,
          31.5045549
        ]
      },
      "properties": {
        "id": "osm-damage-way-1253967827",
        "featureType": "critical_infrastructure",
        "infrastructureType": "building_damage_assessment",
        "status": "osm_destroyed",
        "name": "Destroyed (OSM)",
        "responsibleOrganization": "OpenStreetMap contributors",
        "isSynthetic": false,
        "validFrom": "2026-05-06",
        "sourceIdentifier": "osm-way-1253967827"
      }
    },
    {
      "type": "Feature",
      "geometry": {
        "type": "Point",
        "coordinates": [
          34.4217684,
          31.5039793
        ]
      },
      "properties": {
        "id": "osm-damage-way-1253967830",
        "featureType": "critical_infrastructure",
        "infrastructureType": "building_damage_assessment",
        "status": "osm_destroyed",
        "name": "Destroyed (OSM)",
        "responsibleOrganization": "OpenStreetMap contributors",
        "isSynthetic": false,
        "validFrom": "2026-05-06",
        "sourceIdentifier": "osm-way-1253967830"
      }
    },
    {
      "type": "Feature",
      "geometry": {
        "type": "Point",
        "coordinates": [
          34.4218429,
          31.5046166
        ]
      },
      "properties": {
        "id": "osm-damage-way-1253967833",
        "featureType": "critical_infrastructure",
        "infrastructureType": "building_damage_assessment",
        "status": "osm_destroyed",
        "name": "Destroyed (OSM)",
        "responsibleOrganization": "OpenStreetMap contributors",
        "isSynthetic": false,
        "validFrom": "2026-05-06",
        "sourceIdentifier": "osm-way-1253967833"
      }
    },
    {
      "type": "Feature",
      "geometry": {
        "type": "Point",
        "coordinates": [
          34.424395,
          31.5040784
        ]
      },
      "properties": {
        "id": "osm-damage-way-1254055982",
        "featureType": "critical_infrastructure",
        "infrastructureType": "building_damage_assessment",
        "status": "osm_damaged",
        "name": "Damaged (OSM)",
        "responsibleOrganization": "OpenStreetMap contributors",
        "isSynthetic": false,
        "validFrom": "2026-05-06",
        "sourceIdentifier": "osm-way-1254055982"
      }
    },
    {
      "type": "Feature",
      "geometry": {
        "type": "Point",
        "coordinates": [
          34.4505109,
          31.5387695
        ]
      },
      "properties": {
        "id": "osm-damage-way-1254114626",
        "featureType": "critical_infrastructure",
        "infrastructureType": "building_damage_assessment",
        "status": "osm_damaged",
        "name": "Damaged (OSM)",
        "responsibleOrganization": "OpenStreetMap contributors",
        "isSynthetic": false,
        "validFrom": "2026-05-06",
        "sourceIdentifier": "osm-way-1254114626"
      }
    },
    {
      "type": "Feature",
      "geometry": {
        "type": "Point",
        "coordinates": [
          34.4525303,
          31.5391628
        ]
      },
      "properties": {
        "id": "osm-damage-way-1254114627",
        "featureType": "critical_infrastructure",
        "infrastructureType": "building_damage_assessment",
        "status": "osm_destroyed",
        "name": "Destroyed (OSM)",
        "responsibleOrganization": "OpenStreetMap contributors",
        "isSynthetic": false,
        "validFrom": "2026-05-06",
        "sourceIdentifier": "osm-way-1254114627"
      }
    },
    {
      "type": "Feature",
      "geometry": {
        "type": "Point",
        "coordinates": [
          34.4523404,
          31.5391446
        ]
      },
      "properties": {
        "id": "osm-damage-way-1254114628",
        "featureType": "critical_infrastructure",
        "infrastructureType": "building_damage_assessment",
        "status": "osm_destroyed",
        "name": "Destroyed (OSM)",
        "responsibleOrganization": "OpenStreetMap contributors",
        "isSynthetic": false,
        "validFrom": "2026-05-06",
        "sourceIdentifier": "osm-way-1254114628"
      }
    },
    {
      "type": "Feature",
      "geometry": {
        "type": "Point",
        "coordinates": [
          34.4524196,
          31.5388919
        ]
      },
      "properties": {
        "id": "osm-damage-way-1254114629",
        "featureType": "critical_infrastructure",
        "infrastructureType": "building_damage_assessment",
        "status": "osm_destroyed",
        "name": "Destroyed (OSM)",
        "responsibleOrganization": "OpenStreetMap contributors",
        "isSynthetic": false,
        "validFrom": "2026-05-06",
        "sourceIdentifier": "osm-way-1254114629"
      }
    },
    {
      "type": "Feature",
      "geometry": {
        "type": "Point",
        "coordinates": [
          34.4519468,
          31.5387676
        ]
      },
      "properties": {
        "id": "osm-damage-way-1254114630",
        "featureType": "critical_infrastructure",
        "infrastructureType": "building_damage_assessment",
        "status": "osm_damaged",
        "name": "Damaged (OSM)",
        "responsibleOrganization": "OpenStreetMap contributors",
        "isSynthetic": false,
        "validFrom": "2026-05-06",
        "sourceIdentifier": "osm-way-1254114630"
      }
    },
    {
      "type": "Feature",
      "geometry": {
        "type": "Point",
        "coordinates": [
          34.452658,
          31.5389113
        ]
      },
      "properties": {
        "id": "osm-damage-way-1254114631",
        "featureType": "critical_infrastructure",
        "infrastructureType": "building_damage_assessment",
        "status": "osm_destroyed",
        "name": "Destroyed (OSM)",
        "responsibleOrganization": "OpenStreetMap contributors",
        "isSynthetic": false,
        "validFrom": "2026-05-06",
        "sourceIdentifier": "osm-way-1254114631"
      }
    },
    {
      "type": "Feature",
      "geometry": {
        "type": "Point",
        "coordinates": [
          34.4528502,
          31.5387551
        ]
      },
      "properties": {
        "id": "osm-damage-way-1254114632",
        "featureType": "critical_infrastructure",
        "infrastructureType": "building_damage_assessment",
        "status": "osm_destroyed",
        "name": "Destroyed (OSM)",
        "responsibleOrganization": "OpenStreetMap contributors",
        "isSynthetic": false,
        "validFrom": "2026-05-06",
        "sourceIdentifier": "osm-way-1254114632"
      }
    },
    {
      "type": "Feature",
      "geometry": {
        "type": "Point",
        "coordinates": [
          34.4529927,
          31.5387861
        ]
      },
      "properties": {
        "id": "osm-damage-way-1254114633",
        "featureType": "critical_infrastructure",
        "infrastructureType": "building_damage_assessment",
        "status": "osm_destroyed",
        "name": "Destroyed (OSM)",
        "responsibleOrganization": "OpenStreetMap contributors",
        "isSynthetic": false,
        "validFrom": "2026-05-06",
        "sourceIdentifier": "osm-way-1254114633"
      }
    },
    {
      "type": "Feature",
      "geometry": {
        "type": "Point",
        "coordinates": [
          34.4528106,
          31.5389384
        ]
      },
      "properties": {
        "id": "osm-damage-way-1254114634",
        "featureType": "critical_infrastructure",
        "infrastructureType": "building_damage_assessment",
        "status": "osm_destroyed",
        "name": "Destroyed (OSM)",
        "responsibleOrganization": "OpenStreetMap contributors",
        "isSynthetic": false,
        "validFrom": "2026-05-06",
        "sourceIdentifier": "osm-way-1254114634"
      }
    },
    {
      "type": "Feature",
      "geometry": {
        "type": "Point",
        "coordinates": [
          34.4527421,
          31.5391594
        ]
      },
      "properties": {
        "id": "osm-damage-way-1254114635",
        "featureType": "critical_infrastructure",
        "infrastructureType": "building_damage_assessment",
        "status": "osm_destroyed",
        "name": "Destroyed (OSM)",
        "responsibleOrganization": "OpenStreetMap contributors",
        "isSynthetic": false,
        "validFrom": "2026-05-06",
        "sourceIdentifier": "osm-way-1254114635"
      }
    },
    {
      "type": "Feature",
      "geometry": {
        "type": "Point",
        "coordinates": [
          34.4528542,
          31.5390714
        ]
      },
      "properties": {
        "id": "osm-damage-way-1254114636",
        "featureType": "critical_infrastructure",
        "infrastructureType": "building_damage_assessment",
        "status": "osm_destroyed",
        "name": "Destroyed (OSM)",
        "responsibleOrganization": "OpenStreetMap contributors",
        "isSynthetic": false,
        "validFrom": "2026-05-06",
        "sourceIdentifier": "osm-way-1254114636"
      }
    },
    {
      "type": "Feature",
      "geometry": {
        "type": "Point",
        "coordinates": [
          34.4515713,
          31.5389645
        ]
      },
      "properties": {
        "id": "osm-damage-way-1254114637",
        "featureType": "critical_infrastructure",
        "infrastructureType": "building_damage_assessment",
        "status": "osm_damaged",
        "name": "Damaged (OSM)",
        "responsibleOrganization": "OpenStreetMap contributors",
        "isSynthetic": false,
        "validFrom": "2026-05-06",
        "sourceIdentifier": "osm-way-1254114637"
      }
    },
    {
      "type": "Feature",
      "geometry": {
        "type": "Point",
        "coordinates": [
          34.4511091,
          31.5388411
        ]
      },
      "properties": {
        "id": "osm-damage-way-1254114639",
        "featureType": "critical_infrastructure",
        "infrastructureType": "building_damage_assessment",
        "status": "osm_damaged",
        "name": "Damaged (OSM)",
        "responsibleOrganization": "OpenStreetMap contributors",
        "isSynthetic": false,
        "validFrom": "2026-05-06",
        "sourceIdentifier": "osm-way-1254114639"
      }
    },
    {
      "type": "Feature",
      "geometry": {
        "type": "Point",
        "coordinates": [
          34.4509538,
          31.5389075
        ]
      },
      "properties": {
        "id": "osm-damage-way-1254114640",
        "featureType": "critical_infrastructure",
        "infrastructureType": "building_damage_assessment",
        "status": "osm_damaged",
        "name": "Damaged (OSM)",
        "responsibleOrganization": "OpenStreetMap contributors",
        "isSynthetic": false,
        "validFrom": "2026-05-06",
        "sourceIdentifier": "osm-way-1254114640"
      }
    },
    {
      "type": "Feature",
      "geometry": {
        "type": "Point",
        "coordinates": [
          34.4516088,
          31.5394057
        ]
      },
      "properties": {
        "id": "osm-damage-way-1254114641",
        "featureType": "critical_infrastructure",
        "infrastructureType": "building_damage_assessment",
        "status": "osm_damaged",
        "name": "Damaged (OSM)",
        "responsibleOrganization": "OpenStreetMap contributors",
        "isSynthetic": false,
        "validFrom": "2026-05-06",
        "sourceIdentifier": "osm-way-1254114641"
      }
    },
    {
      "type": "Feature",
      "geometry": {
        "type": "Point",
        "coordinates": [
          34.4514069,
          31.5392325
        ]
      },
      "properties": {
        "id": "osm-damage-way-1254118171",
        "featureType": "critical_infrastructure",
        "infrastructureType": "building_damage_assessment",
        "status": "osm_damaged",
        "name": "Damaged (OSM)",
        "responsibleOrganization": "OpenStreetMap contributors",
        "isSynthetic": false,
        "validFrom": "2026-05-06",
        "sourceIdentifier": "osm-way-1254118171"
      }
    },
    {
      "type": "Feature",
      "geometry": {
        "type": "Point",
        "coordinates": [
          34.4538579,
          31.5374628
        ]
      },
      "properties": {
        "id": "osm-damage-way-1254522849",
        "featureType": "critical_infrastructure",
        "infrastructureType": "building_damage_assessment",
        "status": "osm_damaged",
        "name": "Damaged (OSM)",
        "responsibleOrganization": "OpenStreetMap contributors",
        "isSynthetic": false,
        "validFrom": "2026-05-06",
        "sourceIdentifier": "osm-way-1254522849"
      }
    },
    {
      "type": "Feature",
      "geometry": {
        "type": "Point",
        "coordinates": [
          34.4541224,
          31.5368399
        ]
      },
      "properties": {
        "id": "osm-damage-way-1254522850",
        "featureType": "critical_infrastructure",
        "infrastructureType": "building_damage_assessment",
        "status": "osm_damaged",
        "name": "Damaged (OSM)",
        "responsibleOrganization": "OpenStreetMap contributors",
        "isSynthetic": false,
        "validFrom": "2026-05-06",
        "sourceIdentifier": "osm-way-1254522850"
      }
    },
    {
      "type": "Feature",
      "geometry": {
        "type": "Point",
        "coordinates": [
          34.4541184,
          31.5366984
        ]
      },
      "properties": {
        "id": "osm-damage-way-1254522851",
        "featureType": "critical_infrastructure",
        "infrastructureType": "building_damage_assessment",
        "status": "osm_damaged",
        "name": "Damaged (OSM)",
        "responsibleOrganization": "OpenStreetMap contributors",
        "isSynthetic": false,
        "validFrom": "2026-05-06",
        "sourceIdentifier": "osm-way-1254522851"
      }
    },
    {
      "type": "Feature",
      "geometry": {
        "type": "Point",
        "coordinates": [
          34.4552888,
          31.5373557
        ]
      },
      "properties": {
        "id": "osm-damage-way-1254522858",
        "featureType": "critical_infrastructure",
        "infrastructureType": "building_damage_assessment",
        "status": "osm_damaged",
        "name": "Damaged (OSM)",
        "responsibleOrganization": "OpenStreetMap contributors",
        "isSynthetic": false,
        "validFrom": "2026-05-06",
        "sourceIdentifier": "osm-way-1254522858"
      }
    },
    {
      "type": "Feature",
      "geometry": {
        "type": "Point",
        "coordinates": [
          34.4545909,
          31.5376066
        ]
      },
      "properties": {
        "id": "osm-damage-way-1254522859",
        "featureType": "critical_infrastructure",
        "infrastructureType": "building_damage_assessment",
        "status": "osm_damaged",
        "name": "Damaged (OSM)",
        "responsibleOrganization": "OpenStreetMap contributors",
        "isSynthetic": false,
        "validFrom": "2026-05-06",
        "sourceIdentifier": "osm-way-1254522859"
      }
    },
    {
      "type": "Feature",
      "geometry": {
        "type": "Point",
        "coordinates": [
          34.455325,
          31.5377959
        ]
      },
      "properties": {
        "id": "osm-damage-way-1254522860",
        "featureType": "critical_infrastructure",
        "infrastructureType": "building_damage_assessment",
        "status": "osm_damaged",
        "name": "Damaged (OSM)",
        "responsibleOrganization": "OpenStreetMap contributors",
        "isSynthetic": false,
        "validFrom": "2026-05-06",
        "sourceIdentifier": "osm-way-1254522860"
      }
    },
    {
      "type": "Feature",
      "geometry": {
        "type": "Point",
        "coordinates": [
          34.4551024,
          31.5384461
        ]
      },
      "properties": {
        "id": "osm-damage-way-1254522861",
        "featureType": "critical_infrastructure",
        "infrastructureType": "building_damage_assessment",
        "status": "osm_damaged",
        "name": "Damaged (OSM)",
        "responsibleOrganization": "OpenStreetMap contributors",
        "isSynthetic": false,
        "validFrom": "2026-05-06",
        "sourceIdentifier": "osm-way-1254522861"
      }
    },
    {
      "type": "Feature",
      "geometry": {
        "type": "Point",
        "coordinates": [
          34.455139,
          31.5386768
        ]
      },
      "properties": {
        "id": "osm-damage-way-1254522862",
        "featureType": "critical_infrastructure",
        "infrastructureType": "building_damage_assessment",
        "status": "osm_damaged",
        "name": "Damaged (OSM)",
        "responsibleOrganization": "OpenStreetMap contributors",
        "isSynthetic": false,
        "validFrom": "2026-05-06",
        "sourceIdentifier": "osm-way-1254522862"
      }
    },
    {
      "type": "Feature",
      "geometry": {
        "type": "Point",
        "coordinates": [
          34.455081,
          31.5387219
        ]
      },
      "properties": {
        "id": "osm-damage-way-1254522863",
        "featureType": "critical_infrastructure",
        "infrastructureType": "building_damage_assessment",
        "status": "osm_damaged",
        "name": "Damaged (OSM)",
        "responsibleOrganization": "OpenStreetMap contributors",
        "isSynthetic": false,
        "validFrom": "2026-05-06",
        "sourceIdentifier": "osm-way-1254522863"
      }
    },
    {
      "type": "Feature",
      "geometry": {
        "type": "Point",
        "coordinates": [
          34.4548389,
          31.5387442
        ]
      },
      "properties": {
        "id": "osm-damage-way-1254522864",
        "featureType": "critical_infrastructure",
        "infrastructureType": "building_damage_assessment",
        "status": "osm_damaged",
        "name": "Damaged (OSM)",
        "responsibleOrganization": "OpenStreetMap contributors",
        "isSynthetic": false,
        "validFrom": "2026-05-06",
        "sourceIdentifier": "osm-way-1254522864"
      }
    },
    {
      "type": "Feature",
      "geometry": {
        "type": "Point",
        "coordinates": [
          34.4555055,
          31.5387639
        ]
      },
      "properties": {
        "id": "osm-damage-way-1254522865",
        "featureType": "critical_infrastructure",
        "infrastructureType": "building_damage_assessment",
        "status": "osm_damaged",
        "name": "Damaged (OSM)",
        "responsibleOrganization": "OpenStreetMap contributors",
        "isSynthetic": false,
        "validFrom": "2026-05-06",
        "sourceIdentifier": "osm-way-1254522865"
      }
    },
    {
      "type": "Feature",
      "geometry": {
        "type": "Point",
        "coordinates": [
          34.4556455,
          31.5384531
        ]
      },
      "properties": {
        "id": "osm-damage-way-1254522867",
        "featureType": "critical_infrastructure",
        "infrastructureType": "building_damage_assessment",
        "status": "osm_destroyed",
        "name": "Destroyed (OSM)",
        "responsibleOrganization": "OpenStreetMap contributors",
        "isSynthetic": false,
        "validFrom": "2026-05-06",
        "sourceIdentifier": "osm-way-1254522867"
      }
    },
    {
      "type": "Feature",
      "geometry": {
        "type": "Point",
        "coordinates": [
          34.4509984,
          31.5387313
        ]
      },
      "properties": {
        "id": "osm-damage-way-1254525419",
        "featureType": "critical_infrastructure",
        "infrastructureType": "building_damage_assessment",
        "status": "osm_damaged",
        "name": "Damaged (OSM)",
        "responsibleOrganization": "OpenStreetMap contributors",
        "isSynthetic": false,
        "validFrom": "2026-05-06",
        "sourceIdentifier": "osm-way-1254525419"
      }
    },
    {
      "type": "Feature",
      "geometry": {
        "type": "Point",
        "coordinates": [
          34.4521761,
          31.5384218
        ]
      },
      "properties": {
        "id": "osm-damage-way-1254525422",
        "featureType": "critical_infrastructure",
        "infrastructureType": "building_damage_assessment",
        "status": "osm_damaged",
        "name": "Damaged (OSM)",
        "responsibleOrganization": "OpenStreetMap contributors",
        "isSynthetic": false,
        "validFrom": "2026-05-06",
        "sourceIdentifier": "osm-way-1254525422"
      }
    },
    {
      "type": "Feature",
      "geometry": {
        "type": "Point",
        "coordinates": [
          34.4515311,
          31.538149
        ]
      },
      "properties": {
        "id": "osm-damage-way-1254525424",
        "featureType": "critical_infrastructure",
        "infrastructureType": "building_damage_assessment",
        "status": "osm_damaged",
        "name": "Damaged (OSM)",
        "responsibleOrganization": "OpenStreetMap contributors",
        "isSynthetic": false,
        "validFrom": "2026-05-06",
        "sourceIdentifier": "osm-way-1254525424"
      }
    },
    {
      "type": "Feature",
      "geometry": {
        "type": "Point",
        "coordinates": [
          34.4519418,
          31.5380089
        ]
      },
      "properties": {
        "id": "osm-damage-way-1254525425",
        "featureType": "critical_infrastructure",
        "infrastructureType": "building_damage_assessment",
        "status": "osm_damaged",
        "name": "Damaged (OSM)",
        "responsibleOrganization": "OpenStreetMap contributors",
        "isSynthetic": false,
        "validFrom": "2026-05-06",
        "sourceIdentifier": "osm-way-1254525425"
      }
    },
    {
      "type": "Feature",
      "geometry": {
        "type": "Point",
        "coordinates": [
          34.4504364,
          31.5384623
        ]
      },
      "properties": {
        "id": "osm-damage-way-1254525435",
        "featureType": "critical_infrastructure",
        "infrastructureType": "building_damage_assessment",
        "status": "osm_damaged",
        "name": "Damaged (OSM)",
        "responsibleOrganization": "OpenStreetMap contributors",
        "isSynthetic": false,
        "validFrom": "2026-05-06",
        "sourceIdentifier": "osm-way-1254525435"
      }
    },
    {
      "type": "Feature",
      "geometry": {
        "type": "Point",
        "coordinates": [
          34.4507264,
          31.5382421
        ]
      },
      "properties": {
        "id": "osm-damage-way-1254525436",
        "featureType": "critical_infrastructure",
        "infrastructureType": "building_damage_assessment",
        "status": "osm_damaged",
        "name": "Damaged (OSM)",
        "responsibleOrganization": "OpenStreetMap contributors",
        "isSynthetic": false,
        "validFrom": "2026-05-06",
        "sourceIdentifier": "osm-way-1254525436"
      }
    },
    {
      "type": "Feature",
      "geometry": {
        "type": "Point",
        "coordinates": [
          34.4514061,
          31.5386289
        ]
      },
      "properties": {
        "id": "osm-damage-way-1254525437",
        "featureType": "critical_infrastructure",
        "infrastructureType": "building_damage_assessment",
        "status": "osm_damaged",
        "name": "Damaged (OSM)",
        "responsibleOrganization": "OpenStreetMap contributors",
        "isSynthetic": false,
        "validFrom": "2026-05-06",
        "sourceIdentifier": "osm-way-1254525437"
      }
    },
    {
      "type": "Feature",
      "geometry": {
        "type": "Point",
        "coordinates": [
          34.4513211,
          31.538548
        ]
      },
      "properties": {
        "id": "osm-damage-way-1254525438",
        "featureType": "critical_infrastructure",
        "infrastructureType": "building_damage_assessment",
        "status": "osm_damaged",
        "name": "Damaged (OSM)",
        "responsibleOrganization": "OpenStreetMap contributors",
        "isSynthetic": false,
        "validFrom": "2026-05-06",
        "sourceIdentifier": "osm-way-1254525438"
      }
    },
    {
      "type": "Feature",
      "geometry": {
        "type": "Point",
        "coordinates": [
          34.4523523,
          31.5386506
        ]
      },
      "properties": {
        "id": "osm-damage-way-1254526735",
        "featureType": "critical_infrastructure",
        "infrastructureType": "building_damage_assessment",
        "status": "osm_damaged",
        "name": "Damaged (OSM)",
        "responsibleOrganization": "OpenStreetMap contributors",
        "isSynthetic": false,
        "validFrom": "2026-05-06",
        "sourceIdentifier": "osm-way-1254526735"
      }
    },
    {
      "type": "Feature",
      "geometry": {
        "type": "Point",
        "coordinates": [
          34.4525079,
          31.537999
        ]
      },
      "properties": {
        "id": "osm-damage-way-1254526738",
        "featureType": "critical_infrastructure",
        "infrastructureType": "building_damage_assessment",
        "status": "osm_damaged",
        "name": "Damaged (OSM)",
        "responsibleOrganization": "OpenStreetMap contributors",
        "isSynthetic": false,
        "validFrom": "2026-05-06",
        "sourceIdentifier": "osm-way-1254526738"
      }
    },
    {
      "type": "Feature",
      "geometry": {
        "type": "Point",
        "coordinates": [
          34.4524104,
          31.5380212
        ]
      },
      "properties": {
        "id": "osm-damage-way-1254526739",
        "featureType": "critical_infrastructure",
        "infrastructureType": "building_damage_assessment",
        "status": "osm_damaged",
        "name": "Damaged (OSM)",
        "responsibleOrganization": "OpenStreetMap contributors",
        "isSynthetic": false,
        "validFrom": "2026-05-06",
        "sourceIdentifier": "osm-way-1254526739"
      }
    },
    {
      "type": "Feature",
      "geometry": {
        "type": "Point",
        "coordinates": [
          34.4499916,
          31.538023
        ]
      },
      "properties": {
        "id": "osm-damage-way-1254595206",
        "featureType": "critical_infrastructure",
        "infrastructureType": "building_damage_assessment",
        "status": "osm_damaged",
        "name": "Damaged (OSM)",
        "responsibleOrganization": "OpenStreetMap contributors",
        "isSynthetic": false,
        "validFrom": "2026-05-06",
        "sourceIdentifier": "osm-way-1254595206"
      }
    },
    {
      "type": "Feature",
      "geometry": {
        "type": "Point",
        "coordinates": [
          34.449741,
          31.5382436
        ]
      },
      "properties": {
        "id": "osm-damage-way-1254595207",
        "featureType": "critical_infrastructure",
        "infrastructureType": "building_damage_assessment",
        "status": "osm_damaged",
        "name": "Damaged (OSM)",
        "responsibleOrganization": "OpenStreetMap contributors",
        "isSynthetic": false,
        "validFrom": "2026-05-06",
        "sourceIdentifier": "osm-way-1254595207"
      }
    },
    {
      "type": "Feature",
      "geometry": {
        "type": "Point",
        "coordinates": [
          34.449833,
          31.5383127
        ]
      },
      "properties": {
        "id": "osm-damage-way-1254595208",
        "featureType": "critical_infrastructure",
        "infrastructureType": "building_damage_assessment",
        "status": "osm_damaged",
        "name": "Damaged (OSM)",
        "responsibleOrganization": "OpenStreetMap contributors",
        "isSynthetic": false,
        "validFrom": "2026-05-06",
        "sourceIdentifier": "osm-way-1254595208"
      }
    },
    {
      "type": "Feature",
      "geometry": {
        "type": "Point",
        "coordinates": [
          34.4500556,
          31.5383651
        ]
      },
      "properties": {
        "id": "osm-damage-way-1254595209",
        "featureType": "critical_infrastructure",
        "infrastructureType": "building_damage_assessment",
        "status": "osm_damaged",
        "name": "Damaged (OSM)",
        "responsibleOrganization": "OpenStreetMap contributors",
        "isSynthetic": false,
        "validFrom": "2026-05-06",
        "sourceIdentifier": "osm-way-1254595209"
      }
    },
    {
      "type": "Feature",
      "geometry": {
        "type": "Point",
        "coordinates": [
          34.4500984,
          31.5385556
        ]
      },
      "properties": {
        "id": "osm-damage-way-1254597073",
        "featureType": "critical_infrastructure",
        "infrastructureType": "building_damage_assessment",
        "status": "osm_damaged",
        "name": "Damaged (OSM)",
        "responsibleOrganization": "OpenStreetMap contributors",
        "isSynthetic": false,
        "validFrom": "2026-05-06",
        "sourceIdentifier": "osm-way-1254597073"
      }
    },
    {
      "type": "Feature",
      "geometry": {
        "type": "Point",
        "coordinates": [
          34.4501243,
          31.5383007
        ]
      },
      "properties": {
        "id": "osm-damage-way-1254597074",
        "featureType": "critical_infrastructure",
        "infrastructureType": "building_damage_assessment",
        "status": "osm_damaged",
        "name": "Damaged (OSM)",
        "responsibleOrganization": "OpenStreetMap contributors",
        "isSynthetic": false,
        "validFrom": "2026-05-06",
        "sourceIdentifier": "osm-way-1254597074"
      }
    },
    {
      "type": "Feature",
      "geometry": {
        "type": "Point",
        "coordinates": [
          34.4500478,
          31.5379269
        ]
      },
      "properties": {
        "id": "osm-damage-way-1254597075",
        "featureType": "critical_infrastructure",
        "infrastructureType": "building_damage_assessment",
        "status": "osm_damaged",
        "name": "Damaged (OSM)",
        "responsibleOrganization": "OpenStreetMap contributors",
        "isSynthetic": false,
        "validFrom": "2026-05-06",
        "sourceIdentifier": "osm-way-1254597075"
      }
    },
    {
      "type": "Feature",
      "geometry": {
        "type": "Point",
        "coordinates": [
          34.4501876,
          31.5378691
        ]
      },
      "properties": {
        "id": "osm-damage-way-1254597076",
        "featureType": "critical_infrastructure",
        "infrastructureType": "building_damage_assessment",
        "status": "osm_damaged",
        "name": "Damaged (OSM)",
        "responsibleOrganization": "OpenStreetMap contributors",
        "isSynthetic": false,
        "validFrom": "2026-05-06",
        "sourceIdentifier": "osm-way-1254597076"
      }
    },
    {
      "type": "Feature",
      "geometry": {
        "type": "Point",
        "coordinates": [
          34.4502533,
          31.5378252
        ]
      },
      "properties": {
        "id": "osm-damage-way-1254597077",
        "featureType": "critical_infrastructure",
        "infrastructureType": "building_damage_assessment",
        "status": "osm_damaged",
        "name": "Damaged (OSM)",
        "responsibleOrganization": "OpenStreetMap contributors",
        "isSynthetic": false,
        "validFrom": "2026-05-06",
        "sourceIdentifier": "osm-way-1254597077"
      }
    },
    {
      "type": "Feature",
      "geometry": {
        "type": "Point",
        "coordinates": [
          34.4503769,
          31.5379032
        ]
      },
      "properties": {
        "id": "osm-damage-way-1254597078",
        "featureType": "critical_infrastructure",
        "infrastructureType": "building_damage_assessment",
        "status": "osm_damaged",
        "name": "Damaged (OSM)",
        "responsibleOrganization": "OpenStreetMap contributors",
        "isSynthetic": false,
        "validFrom": "2026-05-06",
        "sourceIdentifier": "osm-way-1254597078"
      }
    },
    {
      "type": "Feature",
      "geometry": {
        "type": "Point",
        "coordinates": [
          34.4498672,
          31.5383786
        ]
      },
      "properties": {
        "id": "osm-damage-way-1254612233",
        "featureType": "critical_infrastructure",
        "infrastructureType": "building_damage_assessment",
        "status": "osm_damaged",
        "name": "Damaged (OSM)",
        "responsibleOrganization": "OpenStreetMap contributors",
        "isSynthetic": false,
        "validFrom": "2026-05-06",
        "sourceIdentifier": "osm-way-1254612233"
      }
    },
    {
      "type": "Feature",
      "geometry": {
        "type": "Point",
        "coordinates": [
          34.4243605,
          31.5120835
        ]
      },
      "properties": {
        "id": "osm-damage-way-1254849211",
        "featureType": "critical_infrastructure",
        "infrastructureType": "building_damage_assessment",
        "status": "osm_damaged",
        "name": "Damaged (OSM)",
        "responsibleOrganization": "OpenStreetMap contributors",
        "isSynthetic": false,
        "validFrom": "2026-05-06",
        "sourceIdentifier": "osm-way-1254849211"
      }
    },
    {
      "type": "Feature",
      "geometry": {
        "type": "Point",
        "coordinates": [
          34.424118,
          31.511899
        ]
      },
      "properties": {
        "id": "osm-damage-way-1254849213",
        "featureType": "critical_infrastructure",
        "infrastructureType": "building_damage_assessment",
        "status": "osm_damaged",
        "name": "Damaged (OSM)",
        "responsibleOrganization": "OpenStreetMap contributors",
        "isSynthetic": false,
        "validFrom": "2026-05-06",
        "sourceIdentifier": "osm-way-1254849213"
      }
    },
    {
      "type": "Feature",
      "geometry": {
        "type": "Point",
        "coordinates": [
          34.4239315,
          31.5117472
        ]
      },
      "properties": {
        "id": "osm-damage-way-1254849236",
        "featureType": "critical_infrastructure",
        "infrastructureType": "building_damage_assessment",
        "status": "osm_damaged",
        "name": "Damaged (OSM)",
        "responsibleOrganization": "OpenStreetMap contributors",
        "isSynthetic": false,
        "validFrom": "2026-05-06",
        "sourceIdentifier": "osm-way-1254849236"
      }
    },
    {
      "type": "Feature",
      "geometry": {
        "type": "Point",
        "coordinates": [
          34.4240133,
          31.5117851
        ]
      },
      "properties": {
        "id": "osm-damage-way-1254849237",
        "featureType": "critical_infrastructure",
        "infrastructureType": "building_damage_assessment",
        "status": "osm_damaged",
        "name": "Damaged (OSM)",
        "responsibleOrganization": "OpenStreetMap contributors",
        "isSynthetic": false,
        "validFrom": "2026-05-06",
        "sourceIdentifier": "osm-way-1254849237"
      }
    },
    {
      "type": "Feature",
      "geometry": {
        "type": "Point",
        "coordinates": [
          34.4236767,
          31.5117871
        ]
      },
      "properties": {
        "id": "osm-damage-way-1254849238",
        "featureType": "critical_infrastructure",
        "infrastructureType": "building_damage_assessment",
        "status": "osm_damaged",
        "name": "Damaged (OSM)",
        "responsibleOrganization": "OpenStreetMap contributors",
        "isSynthetic": false,
        "validFrom": "2026-05-06",
        "sourceIdentifier": "osm-way-1254849238"
      }
    },
    {
      "type": "Feature",
      "geometry": {
        "type": "Point",
        "coordinates": [
          34.4235657,
          31.5118585
        ]
      },
      "properties": {
        "id": "osm-damage-way-1254849239",
        "featureType": "critical_infrastructure",
        "infrastructureType": "building_damage_assessment",
        "status": "osm_damaged",
        "name": "Damaged (OSM)",
        "responsibleOrganization": "OpenStreetMap contributors",
        "isSynthetic": false,
        "validFrom": "2026-05-06",
        "sourceIdentifier": "osm-way-1254849239"
      }
    },
    {
      "type": "Feature",
      "geometry": {
        "type": "Point",
        "coordinates": [
          34.4236029,
          31.5118929
        ]
      },
      "properties": {
        "id": "osm-damage-way-1254849240",
        "featureType": "critical_infrastructure",
        "infrastructureType": "building_damage_assessment",
        "status": "osm_damaged",
        "name": "Damaged (OSM)",
        "responsibleOrganization": "OpenStreetMap contributors",
        "isSynthetic": false,
        "validFrom": "2026-05-06",
        "sourceIdentifier": "osm-way-1254849240"
      }
    },
    {
      "type": "Feature",
      "geometry": {
        "type": "Point",
        "coordinates": [
          34.4599889,
          31.5211298
        ]
      },
      "properties": {
        "id": "osm-damage-way-1254879000",
        "featureType": "critical_infrastructure",
        "infrastructureType": "building_damage_assessment",
        "status": "osm_destroyed",
        "name": "Destroyed (OSM)",
        "responsibleOrganization": "OpenStreetMap contributors",
        "isSynthetic": false,
        "validFrom": "2026-05-06",
        "sourceIdentifier": "osm-way-1254879000"
      }
    },
    {
      "type": "Feature",
      "geometry": {
        "type": "Point",
        "coordinates": [
          34.4601386,
          31.5213745
        ]
      },
      "properties": {
        "id": "osm-damage-way-1254879001",
        "featureType": "critical_infrastructure",
        "infrastructureType": "building_damage_assessment",
        "status": "osm_destroyed",
        "name": "Destroyed (OSM)",
        "responsibleOrganization": "OpenStreetMap contributors",
        "isSynthetic": false,
        "validFrom": "2026-05-06",
        "sourceIdentifier": "osm-way-1254879001"
      }
    },
    {
      "type": "Feature",
      "geometry": {
        "type": "Point",
        "coordinates": [
          34.4314855,
          31.5187834
        ]
      },
      "properties": {
        "id": "osm-damage-way-1254926866",
        "featureType": "critical_infrastructure",
        "infrastructureType": "building_damage_assessment",
        "status": "osm_damaged",
        "name": "Damaged (OSM)",
        "responsibleOrganization": "OpenStreetMap contributors",
        "isSynthetic": false,
        "validFrom": "2026-05-06",
        "sourceIdentifier": "osm-way-1254926866"
      }
    },
    {
      "type": "Feature",
      "geometry": {
        "type": "Point",
        "coordinates": [
          34.4296247,
          31.5171669
        ]
      },
      "properties": {
        "id": "osm-damage-way-1255137251",
        "featureType": "critical_infrastructure",
        "infrastructureType": "building_damage_assessment",
        "status": "osm_damaged",
        "name": "Damaged (OSM)",
        "responsibleOrganization": "OpenStreetMap contributors",
        "isSynthetic": false,
        "validFrom": "2026-05-06",
        "sourceIdentifier": "osm-way-1255137251"
      }
    },
    {
      "type": "Feature",
      "geometry": {
        "type": "Point",
        "coordinates": [
          34.4300502,
          31.5173819
        ]
      },
      "properties": {
        "id": "osm-damage-way-1255137255",
        "featureType": "critical_infrastructure",
        "infrastructureType": "building_damage_assessment",
        "status": "osm_damaged",
        "name": "Damaged (OSM)",
        "responsibleOrganization": "OpenStreetMap contributors",
        "isSynthetic": false,
        "validFrom": "2026-05-06",
        "sourceIdentifier": "osm-way-1255137255"
      }
    },
    {
      "type": "Feature",
      "geometry": {
        "type": "Point",
        "coordinates": [
          34.4290697,
          31.5175384
        ]
      },
      "properties": {
        "id": "osm-damage-way-1255137257",
        "featureType": "critical_infrastructure",
        "infrastructureType": "building_damage_assessment",
        "status": "osm_damaged",
        "name": "Damaged (OSM)",
        "responsibleOrganization": "OpenStreetMap contributors",
        "isSynthetic": false,
        "validFrom": "2026-05-06",
        "sourceIdentifier": "osm-way-1255137257"
      }
    },
    {
      "type": "Feature",
      "geometry": {
        "type": "Point",
        "coordinates": [
          34.4313597,
          31.5185826
        ]
      },
      "properties": {
        "id": "osm-damage-way-1255195049",
        "featureType": "critical_infrastructure",
        "infrastructureType": "building_damage_assessment",
        "status": "osm_damaged",
        "name": "Damaged (OSM)",
        "responsibleOrganization": "OpenStreetMap contributors",
        "isSynthetic": false,
        "validFrom": "2026-05-06",
        "sourceIdentifier": "osm-way-1255195049"
      }
    },
    {
      "type": "Feature",
      "geometry": {
        "type": "Point",
        "coordinates": [
          34.4419415,
          31.5320245
        ]
      },
      "properties": {
        "id": "osm-damage-way-1255209947",
        "featureType": "critical_infrastructure",
        "infrastructureType": "building_damage_assessment",
        "status": "osm_damaged",
        "name": "Damaged (OSM)",
        "responsibleOrganization": "OpenStreetMap contributors",
        "isSynthetic": false,
        "validFrom": "2026-05-06",
        "sourceIdentifier": "osm-way-1255209947"
      }
    },
    {
      "type": "Feature",
      "geometry": {
        "type": "Point",
        "coordinates": [
          34.4419312,
          31.5322388
        ]
      },
      "properties": {
        "id": "osm-damage-way-1255209948",
        "featureType": "critical_infrastructure",
        "infrastructureType": "building_damage_assessment",
        "status": "osm_damaged",
        "name": "Damaged (OSM)",
        "responsibleOrganization": "OpenStreetMap contributors",
        "isSynthetic": false,
        "validFrom": "2026-05-06",
        "sourceIdentifier": "osm-way-1255209948"
      }
    },
    {
      "type": "Feature",
      "geometry": {
        "type": "Point",
        "coordinates": [
          34.4419805,
          31.53243
        ]
      },
      "properties": {
        "id": "osm-damage-way-1255209949",
        "featureType": "critical_infrastructure",
        "infrastructureType": "building_damage_assessment",
        "status": "osm_damaged",
        "name": "Damaged (OSM)",
        "responsibleOrganization": "OpenStreetMap contributors",
        "isSynthetic": false,
        "validFrom": "2026-05-06",
        "sourceIdentifier": "osm-way-1255209949"
      }
    },
    {
      "type": "Feature",
      "geometry": {
        "type": "Point",
        "coordinates": [
          34.4410204,
          31.5324714
        ]
      },
      "properties": {
        "id": "osm-damage-way-1255209970",
        "featureType": "critical_infrastructure",
        "infrastructureType": "building_damage_assessment",
        "status": "osm_destroyed",
        "name": "Destroyed (OSM)",
        "responsibleOrganization": "OpenStreetMap contributors",
        "isSynthetic": false,
        "validFrom": "2026-05-06",
        "sourceIdentifier": "osm-way-1255209970"
      }
    },
    {
      "type": "Feature",
      "geometry": {
        "type": "Point",
        "coordinates": [
          34.4410144,
          31.5321814
        ]
      },
      "properties": {
        "id": "osm-damage-way-1255209971",
        "featureType": "critical_infrastructure",
        "infrastructureType": "building_damage_assessment",
        "status": "osm_destroyed",
        "name": "Destroyed (OSM)",
        "responsibleOrganization": "OpenStreetMap contributors",
        "isSynthetic": false,
        "validFrom": "2026-05-06",
        "sourceIdentifier": "osm-way-1255209971"
      }
    },
    {
      "type": "Feature",
      "geometry": {
        "type": "Point",
        "coordinates": [
          34.4409628,
          31.5322035
        ]
      },
      "properties": {
        "id": "osm-damage-way-1255209972",
        "featureType": "critical_infrastructure",
        "infrastructureType": "building_damage_assessment",
        "status": "osm_destroyed",
        "name": "Destroyed (OSM)",
        "responsibleOrganization": "OpenStreetMap contributors",
        "isSynthetic": false,
        "validFrom": "2026-05-06",
        "sourceIdentifier": "osm-way-1255209972"
      }
    },
    {
      "type": "Feature",
      "geometry": {
        "type": "Point",
        "coordinates": [
          34.4409041,
          31.5322232
        ]
      },
      "properties": {
        "id": "osm-damage-way-1255209973",
        "featureType": "critical_infrastructure",
        "infrastructureType": "building_damage_assessment",
        "status": "osm_destroyed",
        "name": "Destroyed (OSM)",
        "responsibleOrganization": "OpenStreetMap contributors",
        "isSynthetic": false,
        "validFrom": "2026-05-06",
        "sourceIdentifier": "osm-way-1255209973"
      }
    },
    {
      "type": "Feature",
      "geometry": {
        "type": "Point",
        "coordinates": [
          34.440701,
          31.5322689
        ]
      },
      "properties": {
        "id": "osm-damage-way-1255209974",
        "featureType": "critical_infrastructure",
        "infrastructureType": "building_damage_assessment",
        "status": "osm_destroyed",
        "name": "Destroyed (OSM)",
        "responsibleOrganization": "OpenStreetMap contributors",
        "isSynthetic": false,
        "validFrom": "2026-05-06",
        "sourceIdentifier": "osm-way-1255209974"
      }
    },
    {
      "type": "Feature",
      "geometry": {
        "type": "Point",
        "coordinates": [
          34.44073,
          31.5323426
        ]
      },
      "properties": {
        "id": "osm-damage-way-1255209975",
        "featureType": "critical_infrastructure",
        "infrastructureType": "building_damage_assessment",
        "status": "osm_destroyed",
        "name": "Destroyed (OSM)",
        "responsibleOrganization": "OpenStreetMap contributors",
        "isSynthetic": false,
        "validFrom": "2026-05-06",
        "sourceIdentifier": "osm-way-1255209975"
      }
    },
    {
      "type": "Feature",
      "geometry": {
        "type": "Point",
        "coordinates": [
          34.4347029,
          31.5187283
        ]
      },
      "properties": {
        "id": "osm-damage-way-1255378259",
        "featureType": "critical_infrastructure",
        "infrastructureType": "building_damage_assessment",
        "status": "osm_damaged",
        "name": "Damaged (OSM)",
        "responsibleOrganization": "OpenStreetMap contributors",
        "isSynthetic": false,
        "validFrom": "2026-05-06",
        "sourceIdentifier": "osm-way-1255378259"
      }
    },
    {
      "type": "Feature",
      "geometry": {
        "type": "Point",
        "coordinates": [
          34.4347075,
          31.5188349
        ]
      },
      "properties": {
        "id": "osm-damage-way-1255378260",
        "featureType": "critical_infrastructure",
        "infrastructureType": "building_damage_assessment",
        "status": "osm_damaged",
        "name": "Damaged (OSM)",
        "responsibleOrganization": "OpenStreetMap contributors",
        "isSynthetic": false,
        "validFrom": "2026-05-06",
        "sourceIdentifier": "osm-way-1255378260"
      }
    },
    {
      "type": "Feature",
      "geometry": {
        "type": "Point",
        "coordinates": [
          34.4345653,
          31.518906
        ]
      },
      "properties": {
        "id": "osm-damage-way-1255378261",
        "featureType": "critical_infrastructure",
        "infrastructureType": "building_damage_assessment",
        "status": "osm_damaged",
        "name": "Damaged (OSM)",
        "responsibleOrganization": "OpenStreetMap contributors",
        "isSynthetic": false,
        "validFrom": "2026-05-06",
        "sourceIdentifier": "osm-way-1255378261"
      }
    },
    {
      "type": "Feature",
      "geometry": {
        "type": "Point",
        "coordinates": [
          34.4343449,
          31.5186129
        ]
      },
      "properties": {
        "id": "osm-damage-way-1255378263",
        "featureType": "critical_infrastructure",
        "infrastructureType": "building_damage_assessment",
        "status": "osm_damaged",
        "name": "Damaged (OSM)",
        "responsibleOrganization": "OpenStreetMap contributors",
        "isSynthetic": false,
        "validFrom": "2026-05-06",
        "sourceIdentifier": "osm-way-1255378263"
      }
    },
    {
      "type": "Feature",
      "geometry": {
        "type": "Point",
        "coordinates": [
          34.4408804,
          31.5296054
        ]
      },
      "properties": {
        "id": "osm-damage-way-1255970339",
        "featureType": "critical_infrastructure",
        "infrastructureType": "building_damage_assessment",
        "status": "osm_damaged",
        "name": "Damaged (OSM)",
        "responsibleOrganization": "OpenStreetMap contributors",
        "isSynthetic": false,
        "validFrom": "2026-05-06",
        "sourceIdentifier": "osm-way-1255970339"
      }
    },
    {
      "type": "Feature",
      "geometry": {
        "type": "Point",
        "coordinates": [
          34.4414588,
          31.5300761
        ]
      },
      "properties": {
        "id": "osm-damage-way-1256028697",
        "featureType": "critical_infrastructure",
        "infrastructureType": "building_damage_assessment",
        "status": "osm_damaged",
        "name": "Damaged (OSM)",
        "responsibleOrganization": "OpenStreetMap contributors",
        "isSynthetic": false,
        "validFrom": "2026-05-06",
        "sourceIdentifier": "osm-way-1256028697"
      }
    },
    {
      "type": "Feature",
      "geometry": {
        "type": "Point",
        "coordinates": [
          34.4404844,
          31.5300873
        ]
      },
      "properties": {
        "id": "osm-damage-way-1256068874",
        "featureType": "critical_infrastructure",
        "infrastructureType": "building_damage_assessment",
        "status": "osm_damaged",
        "name": "Damaged (OSM)",
        "responsibleOrganization": "OpenStreetMap contributors",
        "isSynthetic": false,
        "validFrom": "2026-05-06",
        "sourceIdentifier": "osm-way-1256068874"
      }
    },
    {
      "type": "Feature",
      "geometry": {
        "type": "Point",
        "coordinates": [
          34.4422519,
          31.5320709
        ]
      },
      "properties": {
        "id": "osm-damage-way-1256339888",
        "featureType": "critical_infrastructure",
        "infrastructureType": "building_damage_assessment",
        "status": "osm_damaged",
        "name": "Damaged (OSM)",
        "responsibleOrganization": "OpenStreetMap contributors",
        "isSynthetic": false,
        "validFrom": "2026-05-06",
        "sourceIdentifier": "osm-way-1256339888"
      }
    },
    {
      "type": "Feature",
      "geometry": {
        "type": "Point",
        "coordinates": [
          34.4423597,
          31.5321397
        ]
      },
      "properties": {
        "id": "osm-damage-way-1256339889",
        "featureType": "critical_infrastructure",
        "infrastructureType": "building_damage_assessment",
        "status": "osm_damaged",
        "name": "Damaged (OSM)",
        "responsibleOrganization": "OpenStreetMap contributors",
        "isSynthetic": false,
        "validFrom": "2026-05-06",
        "sourceIdentifier": "osm-way-1256339889"
      }
    },
    {
      "type": "Feature",
      "geometry": {
        "type": "Point",
        "coordinates": [
          34.4422296,
          31.5321804
        ]
      },
      "properties": {
        "id": "osm-damage-way-1256339890",
        "featureType": "critical_infrastructure",
        "infrastructureType": "building_damage_assessment",
        "status": "osm_damaged",
        "name": "Damaged (OSM)",
        "responsibleOrganization": "OpenStreetMap contributors",
        "isSynthetic": false,
        "validFrom": "2026-05-06",
        "sourceIdentifier": "osm-way-1256339890"
      }
    },
    {
      "type": "Feature",
      "geometry": {
        "type": "Point",
        "coordinates": [
          34.4421326,
          31.5320296
        ]
      },
      "properties": {
        "id": "osm-damage-way-1256339899",
        "featureType": "critical_infrastructure",
        "infrastructureType": "building_damage_assessment",
        "status": "osm_damaged",
        "name": "Damaged (OSM)",
        "responsibleOrganization": "OpenStreetMap contributors",
        "isSynthetic": false,
        "validFrom": "2026-05-06",
        "sourceIdentifier": "osm-way-1256339899"
      }
    },
    {
      "type": "Feature",
      "geometry": {
        "type": "Point",
        "coordinates": [
          34.4378286,
          31.4801424
        ]
      },
      "properties": {
        "id": "osm-damage-way-1257130026",
        "featureType": "critical_infrastructure",
        "infrastructureType": "building_damage_assessment",
        "status": "osm_destroyed",
        "name": "Destroyed (OSM)",
        "responsibleOrganization": "OpenStreetMap contributors",
        "isSynthetic": false,
        "validFrom": "2026-05-06",
        "sourceIdentifier": "osm-way-1257130026"
      }
    },
    {
      "type": "Feature",
      "geometry": {
        "type": "Point",
        "coordinates": [
          34.4382978,
          31.4797847
        ]
      },
      "properties": {
        "id": "osm-damage-way-1257130027",
        "featureType": "critical_infrastructure",
        "infrastructureType": "building_damage_assessment",
        "status": "osm_destroyed",
        "name": "Destroyed (OSM)",
        "responsibleOrganization": "OpenStreetMap contributors",
        "isSynthetic": false,
        "validFrom": "2026-05-06",
        "sourceIdentifier": "osm-way-1257130027"
      }
    },
    {
      "type": "Feature",
      "geometry": {
        "type": "Point",
        "coordinates": [
          34.439172,
          31.479586
        ]
      },
      "properties": {
        "id": "osm-damage-way-1257130032",
        "featureType": "critical_infrastructure",
        "infrastructureType": "building_damage_assessment",
        "status": "osm_destroyed",
        "name": "Destroyed (OSM)",
        "responsibleOrganization": "OpenStreetMap contributors",
        "isSynthetic": false,
        "validFrom": "2026-05-06",
        "sourceIdentifier": "osm-way-1257130032"
      }
    },
    {
      "type": "Feature",
      "geometry": {
        "type": "Point",
        "coordinates": [
          34.4406949,
          31.4787463
        ]
      },
      "properties": {
        "id": "osm-damage-way-1257130040",
        "featureType": "critical_infrastructure",
        "infrastructureType": "building_damage_assessment",
        "status": "osm_destroyed",
        "name": "Destroyed (OSM)",
        "responsibleOrganization": "OpenStreetMap contributors",
        "isSynthetic": false,
        "validFrom": "2026-05-06",
        "sourceIdentifier": "osm-way-1257130040"
      }
    },
    {
      "type": "Feature",
      "geometry": {
        "type": "Point",
        "coordinates": [
          34.4395801,
          31.4777176
        ]
      },
      "properties": {
        "id": "osm-damage-way-1257130043",
        "featureType": "critical_infrastructure",
        "infrastructureType": "building_damage_assessment",
        "status": "osm_destroyed",
        "name": "Destroyed (OSM)",
        "responsibleOrganization": "OpenStreetMap contributors",
        "isSynthetic": false,
        "validFrom": "2026-05-06",
        "sourceIdentifier": "osm-way-1257130043"
      }
    },
    {
      "type": "Feature",
      "geometry": {
        "type": "Point",
        "coordinates": [
          34.439763,
          31.4778764
        ]
      },
      "properties": {
        "id": "osm-damage-way-1257130044",
        "featureType": "critical_infrastructure",
        "infrastructureType": "building_damage_assessment",
        "status": "osm_destroyed",
        "name": "Destroyed (OSM)",
        "responsibleOrganization": "OpenStreetMap contributors",
        "isSynthetic": false,
        "validFrom": "2026-05-06",
        "sourceIdentifier": "osm-way-1257130044"
      }
    },
    {
      "type": "Feature",
      "geometry": {
        "type": "Point",
        "coordinates": [
          34.4404871,
          31.4765638
        ]
      },
      "properties": {
        "id": "osm-damage-way-1257130059",
        "featureType": "critical_infrastructure",
        "infrastructureType": "building_damage_assessment",
        "status": "osm_destroyed",
        "name": "Destroyed (OSM)",
        "responsibleOrganization": "OpenStreetMap contributors",
        "isSynthetic": false,
        "validFrom": "2026-05-06",
        "sourceIdentifier": "osm-way-1257130059"
      }
    },
    {
      "type": "Feature",
      "geometry": {
        "type": "Point",
        "coordinates": [
          34.4403492,
          31.477381
        ]
      },
      "properties": {
        "id": "osm-damage-way-1257130064",
        "featureType": "critical_infrastructure",
        "infrastructureType": "building_damage_assessment",
        "status": "osm_destroyed",
        "name": "Destroyed (OSM)",
        "responsibleOrganization": "OpenStreetMap contributors",
        "isSynthetic": false,
        "validFrom": "2026-05-06",
        "sourceIdentifier": "osm-way-1257130064"
      }
    },
    {
      "type": "Feature",
      "geometry": {
        "type": "Point",
        "coordinates": [
          34.4372128,
          31.4753032
        ]
      },
      "properties": {
        "id": "osm-damage-way-1257130135",
        "featureType": "critical_infrastructure",
        "infrastructureType": "building_damage_assessment",
        "status": "osm_destroyed",
        "name": "Destroyed (OSM)",
        "responsibleOrganization": "OpenStreetMap contributors",
        "isSynthetic": false,
        "validFrom": "2026-05-06",
        "sourceIdentifier": "osm-way-1257130135"
      }
    },
    {
      "type": "Feature",
      "geometry": {
        "type": "Point",
        "coordinates": [
          34.4366727,
          31.4754811
        ]
      },
      "properties": {
        "id": "osm-damage-way-1257178388",
        "featureType": "critical_infrastructure",
        "infrastructureType": "building_damage_assessment",
        "status": "osm_destroyed",
        "name": "Destroyed (OSM)",
        "responsibleOrganization": "OpenStreetMap contributors",
        "isSynthetic": false,
        "validFrom": "2026-05-06",
        "sourceIdentifier": "osm-way-1257178388"
      }
    },
    {
      "type": "Feature",
      "geometry": {
        "type": "Point",
        "coordinates": [
          34.4364318,
          31.4755693
        ]
      },
      "properties": {
        "id": "osm-damage-way-1257178389",
        "featureType": "critical_infrastructure",
        "infrastructureType": "building_damage_assessment",
        "status": "osm_destroyed",
        "name": "Destroyed (OSM)",
        "responsibleOrganization": "OpenStreetMap contributors",
        "isSynthetic": false,
        "validFrom": "2026-05-06",
        "sourceIdentifier": "osm-way-1257178389"
      }
    },
    {
      "type": "Feature",
      "geometry": {
        "type": "Point",
        "coordinates": [
          34.4359298,
          31.475313
        ]
      },
      "properties": {
        "id": "osm-damage-way-1257178391",
        "featureType": "critical_infrastructure",
        "infrastructureType": "building_damage_assessment",
        "status": "osm_destroyed",
        "name": "Destroyed (OSM)",
        "responsibleOrganization": "OpenStreetMap contributors",
        "isSynthetic": false,
        "validFrom": "2026-05-06",
        "sourceIdentifier": "osm-way-1257178391"
      }
    },
    {
      "type": "Feature",
      "geometry": {
        "type": "Point",
        "coordinates": [
          34.436049,
          31.4751815
        ]
      },
      "properties": {
        "id": "osm-damage-way-1257178392",
        "featureType": "critical_infrastructure",
        "infrastructureType": "building_damage_assessment",
        "status": "osm_destroyed",
        "name": "Destroyed (OSM)",
        "responsibleOrganization": "OpenStreetMap contributors",
        "isSynthetic": false,
        "validFrom": "2026-05-06",
        "sourceIdentifier": "osm-way-1257178392"
      }
    },
    {
      "type": "Feature",
      "geometry": {
        "type": "Point",
        "coordinates": [
          34.4361473,
          31.4750856
        ]
      },
      "properties": {
        "id": "osm-damage-way-1257178393",
        "featureType": "critical_infrastructure",
        "infrastructureType": "building_damage_assessment",
        "status": "osm_destroyed",
        "name": "Destroyed (OSM)",
        "responsibleOrganization": "OpenStreetMap contributors",
        "isSynthetic": false,
        "validFrom": "2026-05-06",
        "sourceIdentifier": "osm-way-1257178393"
      }
    },
    {
      "type": "Feature",
      "geometry": {
        "type": "Point",
        "coordinates": [
          34.4362289,
          31.4750296
        ]
      },
      "properties": {
        "id": "osm-damage-way-1257178394",
        "featureType": "critical_infrastructure",
        "infrastructureType": "building_damage_assessment",
        "status": "osm_destroyed",
        "name": "Destroyed (OSM)",
        "responsibleOrganization": "OpenStreetMap contributors",
        "isSynthetic": false,
        "validFrom": "2026-05-06",
        "sourceIdentifier": "osm-way-1257178394"
      }
    },
    {
      "type": "Feature",
      "geometry": {
        "type": "Point",
        "coordinates": [
          34.4361659,
          31.4748861
        ]
      },
      "properties": {
        "id": "osm-damage-way-1257178395",
        "featureType": "critical_infrastructure",
        "infrastructureType": "building_damage_assessment",
        "status": "osm_destroyed",
        "name": "Destroyed (OSM)",
        "responsibleOrganization": "OpenStreetMap contributors",
        "isSynthetic": false,
        "validFrom": "2026-05-06",
        "sourceIdentifier": "osm-way-1257178395"
      }
    },
    {
      "type": "Feature",
      "geometry": {
        "type": "Point",
        "coordinates": [
          34.4357524,
          31.4748147
        ]
      },
      "properties": {
        "id": "osm-damage-way-1257178396",
        "featureType": "critical_infrastructure",
        "infrastructureType": "building_damage_assessment",
        "status": "osm_destroyed",
        "name": "Destroyed (OSM)",
        "responsibleOrganization": "OpenStreetMap contributors",
        "isSynthetic": false,
        "validFrom": "2026-05-06",
        "sourceIdentifier": "osm-way-1257178396"
      }
    },
    {
      "type": "Feature",
      "geometry": {
        "type": "Point",
        "coordinates": [
          34.4358451,
          31.4749085
        ]
      },
      "properties": {
        "id": "osm-damage-way-1257178397",
        "featureType": "critical_infrastructure",
        "infrastructureType": "building_damage_assessment",
        "status": "osm_destroyed",
        "name": "Destroyed (OSM)",
        "responsibleOrganization": "OpenStreetMap contributors",
        "isSynthetic": false,
        "validFrom": "2026-05-06",
        "sourceIdentifier": "osm-way-1257178397"
      }
    },
    {
      "type": "Feature",
      "geometry": {
        "type": "Point",
        "coordinates": [
          34.4354484,
          31.4750976
        ]
      },
      "properties": {
        "id": "osm-damage-way-1257178398",
        "featureType": "critical_infrastructure",
        "infrastructureType": "building_damage_assessment",
        "status": "osm_destroyed",
        "name": "Destroyed (OSM)",
        "responsibleOrganization": "OpenStreetMap contributors",
        "isSynthetic": false,
        "validFrom": "2026-05-06",
        "sourceIdentifier": "osm-way-1257178398"
      }
    },
    {
      "type": "Feature",
      "geometry": {
        "type": "Point",
        "coordinates": [
          34.4355225,
          31.4749726
        ]
      },
      "properties": {
        "id": "osm-damage-way-1257178399",
        "featureType": "critical_infrastructure",
        "infrastructureType": "building_damage_assessment",
        "status": "osm_destroyed",
        "name": "Destroyed (OSM)",
        "responsibleOrganization": "OpenStreetMap contributors",
        "isSynthetic": false,
        "validFrom": "2026-05-06",
        "sourceIdentifier": "osm-way-1257178399"
      }
    },
    {
      "type": "Feature",
      "geometry": {
        "type": "Point",
        "coordinates": [
          34.4349933,
          31.4754348
        ]
      },
      "properties": {
        "id": "osm-damage-way-1257178401",
        "featureType": "critical_infrastructure",
        "infrastructureType": "building_damage_assessment",
        "status": "osm_destroyed",
        "name": "Destroyed (OSM)",
        "responsibleOrganization": "OpenStreetMap contributors",
        "isSynthetic": false,
        "validFrom": "2026-05-06",
        "sourceIdentifier": "osm-way-1257178401"
      }
    },
    {
      "type": "Feature",
      "geometry": {
        "type": "Point",
        "coordinates": [
          34.43488,
          31.4755339
        ]
      },
      "properties": {
        "id": "osm-damage-way-1257178402",
        "featureType": "critical_infrastructure",
        "infrastructureType": "building_damage_assessment",
        "status": "osm_destroyed",
        "name": "Destroyed (OSM)",
        "responsibleOrganization": "OpenStreetMap contributors",
        "isSynthetic": false,
        "validFrom": "2026-05-06",
        "sourceIdentifier": "osm-way-1257178402"
      }
    },
    {
      "type": "Feature",
      "geometry": {
        "type": "Point",
        "coordinates": [
          34.4345825,
          31.475337
        ]
      },
      "properties": {
        "id": "osm-damage-way-1257178403",
        "featureType": "critical_infrastructure",
        "infrastructureType": "building_damage_assessment",
        "status": "osm_destroyed",
        "name": "Destroyed (OSM)",
        "responsibleOrganization": "OpenStreetMap contributors",
        "isSynthetic": false,
        "validFrom": "2026-05-06",
        "sourceIdentifier": "osm-way-1257178403"
      }
    },
    {
      "type": "Feature",
      "geometry": {
        "type": "Point",
        "coordinates": [
          34.4341726,
          31.4751345
        ]
      },
      "properties": {
        "id": "osm-damage-way-1257178405",
        "featureType": "critical_infrastructure",
        "infrastructureType": "building_damage_assessment",
        "status": "osm_destroyed",
        "name": "Destroyed (OSM)",
        "responsibleOrganization": "OpenStreetMap contributors",
        "isSynthetic": false,
        "validFrom": "2026-05-06",
        "sourceIdentifier": "osm-way-1257178405"
      }
    },
    {
      "type": "Feature",
      "geometry": {
        "type": "Point",
        "coordinates": [
          34.434078,
          31.4749821
        ]
      },
      "properties": {
        "id": "osm-damage-way-1257178406",
        "featureType": "critical_infrastructure",
        "infrastructureType": "building_damage_assessment",
        "status": "osm_destroyed",
        "name": "Destroyed (OSM)",
        "responsibleOrganization": "OpenStreetMap contributors",
        "isSynthetic": false,
        "validFrom": "2026-05-06",
        "sourceIdentifier": "osm-way-1257178406"
      }
    },
    {
      "type": "Feature",
      "geometry": {
        "type": "Point",
        "coordinates": [
          34.4344978,
          31.4749254
        ]
      },
      "properties": {
        "id": "osm-damage-way-1257178407",
        "featureType": "critical_infrastructure",
        "infrastructureType": "building_damage_assessment",
        "status": "osm_destroyed",
        "name": "Destroyed (OSM)",
        "responsibleOrganization": "OpenStreetMap contributors",
        "isSynthetic": false,
        "validFrom": "2026-05-06",
        "sourceIdentifier": "osm-way-1257178407"
      }
    },
    {
      "type": "Feature",
      "geometry": {
        "type": "Point",
        "coordinates": [
          34.4345601,
          31.4748274
        ]
      },
      "properties": {
        "id": "osm-damage-way-1257178408",
        "featureType": "critical_infrastructure",
        "infrastructureType": "building_damage_assessment",
        "status": "osm_destroyed",
        "name": "Destroyed (OSM)",
        "responsibleOrganization": "OpenStreetMap contributors",
        "isSynthetic": false,
        "validFrom": "2026-05-06",
        "sourceIdentifier": "osm-way-1257178408"
      }
    },
    {
      "type": "Feature",
      "geometry": {
        "type": "Point",
        "coordinates": [
          34.4344523,
          31.4747466
        ]
      },
      "properties": {
        "id": "osm-damage-way-1257178411",
        "featureType": "critical_infrastructure",
        "infrastructureType": "building_damage_assessment",
        "status": "osm_destroyed",
        "name": "Destroyed (OSM)",
        "responsibleOrganization": "OpenStreetMap contributors",
        "isSynthetic": false,
        "validFrom": "2026-05-06",
        "sourceIdentifier": "osm-way-1257178411"
      }
    },
    {
      "type": "Feature",
      "geometry": {
        "type": "Point",
        "coordinates": [
          34.4330783,
          31.4753427
        ]
      },
      "properties": {
        "id": "osm-damage-way-1257178412",
        "featureType": "critical_infrastructure",
        "infrastructureType": "building_damage_assessment",
        "status": "osm_destroyed",
        "name": "Destroyed (OSM)",
        "responsibleOrganization": "OpenStreetMap contributors",
        "isSynthetic": false,
        "validFrom": "2026-05-06",
        "sourceIdentifier": "osm-way-1257178412"
      }
    },
    {
      "type": "Feature",
      "geometry": {
        "type": "Point",
        "coordinates": [
          34.433186,
          31.4751683
        ]
      },
      "properties": {
        "id": "osm-damage-way-1257178413",
        "featureType": "critical_infrastructure",
        "infrastructureType": "building_damage_assessment",
        "status": "osm_destroyed",
        "name": "Destroyed (OSM)",
        "responsibleOrganization": "OpenStreetMap contributors",
        "isSynthetic": false,
        "validFrom": "2026-05-06",
        "sourceIdentifier": "osm-way-1257178413"
      }
    },
    {
      "type": "Feature",
      "geometry": {
        "type": "Point",
        "coordinates": [
          34.4333179,
          31.4752474
        ]
      },
      "properties": {
        "id": "osm-damage-way-1257178414",
        "featureType": "critical_infrastructure",
        "infrastructureType": "building_damage_assessment",
        "status": "osm_destroyed",
        "name": "Destroyed (OSM)",
        "responsibleOrganization": "OpenStreetMap contributors",
        "isSynthetic": false,
        "validFrom": "2026-05-06",
        "sourceIdentifier": "osm-way-1257178414"
      }
    },
    {
      "type": "Feature",
      "geometry": {
        "type": "Point",
        "coordinates": [
          34.4336139,
          31.475173
        ]
      },
      "properties": {
        "id": "osm-damage-way-1257178415",
        "featureType": "critical_infrastructure",
        "infrastructureType": "building_damage_assessment",
        "status": "osm_destroyed",
        "name": "Destroyed (OSM)",
        "responsibleOrganization": "OpenStreetMap contributors",
        "isSynthetic": false,
        "validFrom": "2026-05-06",
        "sourceIdentifier": "osm-way-1257178415"
      }
    },
    {
      "type": "Feature",
      "geometry": {
        "type": "Point",
        "coordinates": [
          34.4314481,
          31.4752824
        ]
      },
      "properties": {
        "id": "osm-damage-way-1257178418",
        "featureType": "critical_infrastructure",
        "infrastructureType": "building_damage_assessment",
        "status": "osm_destroyed",
        "name": "Destroyed (OSM)",
        "responsibleOrganization": "OpenStreetMap contributors",
        "isSynthetic": false,
        "validFrom": "2026-05-06",
        "sourceIdentifier": "osm-way-1257178418"
      }
    },
    {
      "type": "Feature",
      "geometry": {
        "type": "Point",
        "coordinates": [
          34.4313678,
          31.4754073
        ]
      },
      "properties": {
        "id": "osm-damage-way-1257178419",
        "featureType": "critical_infrastructure",
        "infrastructureType": "building_damage_assessment",
        "status": "osm_destroyed",
        "name": "Destroyed (OSM)",
        "responsibleOrganization": "OpenStreetMap contributors",
        "isSynthetic": false,
        "validFrom": "2026-05-06",
        "sourceIdentifier": "osm-way-1257178419"
      }
    },
    {
      "type": "Feature",
      "geometry": {
        "type": "Point",
        "coordinates": [
          34.431976,
          31.4752343
        ]
      },
      "properties": {
        "id": "osm-damage-way-1257178420",
        "featureType": "critical_infrastructure",
        "infrastructureType": "building_damage_assessment",
        "status": "osm_destroyed",
        "name": "Destroyed (OSM)",
        "responsibleOrganization": "OpenStreetMap contributors",
        "isSynthetic": false,
        "validFrom": "2026-05-06",
        "sourceIdentifier": "osm-way-1257178420"
      }
    },
    {
      "type": "Feature",
      "geometry": {
        "type": "Point",
        "coordinates": [
          34.4331057,
          31.4747518
        ]
      },
      "properties": {
        "id": "osm-damage-way-1257178424",
        "featureType": "critical_infrastructure",
        "infrastructureType": "building_damage_assessment",
        "status": "osm_destroyed",
        "name": "Destroyed (OSM)",
        "responsibleOrganization": "OpenStreetMap contributors",
        "isSynthetic": false,
        "validFrom": "2026-05-06",
        "sourceIdentifier": "osm-way-1257178424"
      }
    },
    {
      "type": "Feature",
      "geometry": {
        "type": "Point",
        "coordinates": [
          34.4339743,
          31.4736628
        ]
      },
      "properties": {
        "id": "osm-damage-way-1257178432",
        "featureType": "critical_infrastructure",
        "infrastructureType": "building_damage_assessment",
        "status": "osm_destroyed",
        "name": "Destroyed (OSM)",
        "responsibleOrganization": "OpenStreetMap contributors",
        "isSynthetic": false,
        "validFrom": "2026-05-06",
        "sourceIdentifier": "osm-way-1257178432"
      }
    },
    {
      "type": "Feature",
      "geometry": {
        "type": "Point",
        "coordinates": [
          34.436024,
          31.4741444
        ]
      },
      "properties": {
        "id": "osm-damage-way-1257178439",
        "featureType": "critical_infrastructure",
        "infrastructureType": "building_damage_assessment",
        "status": "osm_destroyed",
        "name": "Destroyed (OSM)",
        "responsibleOrganization": "OpenStreetMap contributors",
        "isSynthetic": false,
        "validFrom": "2026-05-06",
        "sourceIdentifier": "osm-way-1257178439"
      }
    },
    {
      "type": "Feature",
      "geometry": {
        "type": "Point",
        "coordinates": [
          34.4343218,
          31.4725197
        ]
      },
      "properties": {
        "id": "osm-damage-way-1257178442",
        "featureType": "critical_infrastructure",
        "infrastructureType": "building_damage_assessment",
        "status": "osm_destroyed",
        "name": "Destroyed (OSM)",
        "responsibleOrganization": "OpenStreetMap contributors",
        "isSynthetic": false,
        "validFrom": "2026-05-06",
        "sourceIdentifier": "osm-way-1257178442"
      }
    },
    {
      "type": "Feature",
      "geometry": {
        "type": "Point",
        "coordinates": [
          34.4339213,
          31.4723026
        ]
      },
      "properties": {
        "id": "osm-damage-way-1257178443",
        "featureType": "critical_infrastructure",
        "infrastructureType": "building_damage_assessment",
        "status": "osm_destroyed",
        "name": "Destroyed (OSM)",
        "responsibleOrganization": "OpenStreetMap contributors",
        "isSynthetic": false,
        "validFrom": "2026-05-06",
        "sourceIdentifier": "osm-way-1257178443"
      }
    },
    {
      "type": "Feature",
      "geometry": {
        "type": "Point",
        "coordinates": [
          34.4400976,
          31.4771492
        ]
      },
      "properties": {
        "id": "osm-damage-way-1257209056",
        "featureType": "critical_infrastructure",
        "infrastructureType": "building_damage_assessment",
        "status": "osm_destroyed",
        "name": "Destroyed (OSM)",
        "responsibleOrganization": "OpenStreetMap contributors",
        "isSynthetic": false,
        "validFrom": "2026-05-06",
        "sourceIdentifier": "osm-way-1257209056"
      }
    },
    {
      "type": "Feature",
      "geometry": {
        "type": "Point",
        "coordinates": [
          34.4400409,
          31.4770831
        ]
      },
      "properties": {
        "id": "osm-damage-way-1257209057",
        "featureType": "critical_infrastructure",
        "infrastructureType": "building_damage_assessment",
        "status": "osm_destroyed",
        "name": "Destroyed (OSM)",
        "responsibleOrganization": "OpenStreetMap contributors",
        "isSynthetic": false,
        "validFrom": "2026-05-06",
        "sourceIdentifier": "osm-way-1257209057"
      }
    },
    {
      "type": "Feature",
      "geometry": {
        "type": "Point",
        "coordinates": [
          34.439207,
          31.4805986
        ]
      },
      "properties": {
        "id": "osm-damage-way-1257597071",
        "featureType": "critical_infrastructure",
        "infrastructureType": "building_damage_assessment",
        "status": "osm_destroyed",
        "name": "Destroyed (OSM)",
        "responsibleOrganization": "OpenStreetMap contributors",
        "isSynthetic": false,
        "validFrom": "2026-05-06",
        "sourceIdentifier": "osm-way-1257597071"
      }
    },
    {
      "type": "Feature",
      "geometry": {
        "type": "Point",
        "coordinates": [
          34.439017,
          31.4804935
        ]
      },
      "properties": {
        "id": "osm-damage-way-1257597072",
        "featureType": "critical_infrastructure",
        "infrastructureType": "building_damage_assessment",
        "status": "osm_destroyed",
        "name": "Destroyed (OSM)",
        "responsibleOrganization": "OpenStreetMap contributors",
        "isSynthetic": false,
        "validFrom": "2026-05-06",
        "sourceIdentifier": "osm-way-1257597072"
      }
    },
    {
      "type": "Feature",
      "geometry": {
        "type": "Point",
        "coordinates": [
          34.438869,
          31.4803925
        ]
      },
      "properties": {
        "id": "osm-damage-way-1257597073",
        "featureType": "critical_infrastructure",
        "infrastructureType": "building_damage_assessment",
        "status": "osm_destroyed",
        "name": "Destroyed (OSM)",
        "responsibleOrganization": "OpenStreetMap contributors",
        "isSynthetic": false,
        "validFrom": "2026-05-06",
        "sourceIdentifier": "osm-way-1257597073"
      }
    },
    {
      "type": "Feature",
      "geometry": {
        "type": "Point",
        "coordinates": [
          34.4387171,
          31.4802817
        ]
      },
      "properties": {
        "id": "osm-damage-way-1257597074",
        "featureType": "critical_infrastructure",
        "infrastructureType": "building_damage_assessment",
        "status": "osm_destroyed",
        "name": "Destroyed (OSM)",
        "responsibleOrganization": "OpenStreetMap contributors",
        "isSynthetic": false,
        "validFrom": "2026-05-06",
        "sourceIdentifier": "osm-way-1257597074"
      }
    },
    {
      "type": "Feature",
      "geometry": {
        "type": "Point",
        "coordinates": [
          34.4375695,
          31.4804343
        ]
      },
      "properties": {
        "id": "osm-damage-way-1257597075",
        "featureType": "critical_infrastructure",
        "infrastructureType": "building_damage_assessment",
        "status": "osm_destroyed",
        "name": "Destroyed (OSM)",
        "responsibleOrganization": "OpenStreetMap contributors",
        "isSynthetic": false,
        "validFrom": "2026-05-06",
        "sourceIdentifier": "osm-way-1257597075"
      }
    },
    {
      "type": "Feature",
      "geometry": {
        "type": "Point",
        "coordinates": [
          34.4376685,
          31.4802828
        ]
      },
      "properties": {
        "id": "osm-damage-way-1257597076",
        "featureType": "critical_infrastructure",
        "infrastructureType": "building_damage_assessment",
        "status": "osm_destroyed",
        "name": "Destroyed (OSM)",
        "responsibleOrganization": "OpenStreetMap contributors",
        "isSynthetic": false,
        "validFrom": "2026-05-06",
        "sourceIdentifier": "osm-way-1257597076"
      }
    },
    {
      "type": "Feature",
      "geometry": {
        "type": "Point",
        "coordinates": [
          34.4310868,
          31.4755236
        ]
      },
      "properties": {
        "id": "osm-damage-way-1257758234",
        "featureType": "critical_infrastructure",
        "infrastructureType": "building_damage_assessment",
        "status": "osm_destroyed",
        "name": "Destroyed (OSM)",
        "responsibleOrganization": "OpenStreetMap contributors",
        "isSynthetic": false,
        "validFrom": "2026-05-06",
        "sourceIdentifier": "osm-way-1257758234"
      }
    },
    {
      "type": "Feature",
      "geometry": {
        "type": "Point",
        "coordinates": [
          34.4461669,
          31.4847429
        ]
      },
      "properties": {
        "id": "osm-damage-way-1257771827",
        "featureType": "critical_infrastructure",
        "infrastructureType": "building_damage_assessment",
        "status": "osm_destroyed",
        "name": "Destroyed (OSM)",
        "responsibleOrganization": "OpenStreetMap contributors",
        "isSynthetic": false,
        "validFrom": "2026-05-06",
        "sourceIdentifier": "osm-way-1257771827"
      }
    },
    {
      "type": "Feature",
      "geometry": {
        "type": "Point",
        "coordinates": [
          34.4454065,
          31.4848063
        ]
      },
      "properties": {
        "id": "osm-damage-way-1257771828",
        "featureType": "critical_infrastructure",
        "infrastructureType": "building_damage_assessment",
        "status": "osm_destroyed",
        "name": "Destroyed (OSM)",
        "responsibleOrganization": "OpenStreetMap contributors",
        "isSynthetic": false,
        "validFrom": "2026-05-06",
        "sourceIdentifier": "osm-way-1257771828"
      }
    },
    {
      "type": "Feature",
      "geometry": {
        "type": "Point",
        "coordinates": [
          34.4449422,
          31.4843455
        ]
      },
      "properties": {
        "id": "osm-damage-way-1257771829",
        "featureType": "critical_infrastructure",
        "infrastructureType": "building_damage_assessment",
        "status": "osm_destroyed",
        "name": "Destroyed (OSM)",
        "responsibleOrganization": "OpenStreetMap contributors",
        "isSynthetic": false,
        "validFrom": "2026-05-06",
        "sourceIdentifier": "osm-way-1257771829"
      }
    },
    {
      "type": "Feature",
      "geometry": {
        "type": "Point",
        "coordinates": [
          34.4309972,
          31.4764177
        ]
      },
      "properties": {
        "id": "osm-damage-way-1257798795",
        "featureType": "critical_infrastructure",
        "infrastructureType": "building_damage_assessment",
        "status": "osm_destroyed",
        "name": "Destroyed (OSM)",
        "responsibleOrganization": "OpenStreetMap contributors",
        "isSynthetic": false,
        "validFrom": "2026-05-06",
        "sourceIdentifier": "osm-way-1257798795"
      }
    },
    {
      "type": "Feature",
      "geometry": {
        "type": "Point",
        "coordinates": [
          34.4308883,
          31.4760738
        ]
      },
      "properties": {
        "id": "osm-damage-way-1257798796",
        "featureType": "critical_infrastructure",
        "infrastructureType": "building_damage_assessment",
        "status": "osm_destroyed",
        "name": "Destroyed (OSM)",
        "responsibleOrganization": "OpenStreetMap contributors",
        "isSynthetic": false,
        "validFrom": "2026-05-06",
        "sourceIdentifier": "osm-way-1257798796"
      }
    },
    {
      "type": "Feature",
      "geometry": {
        "type": "Point",
        "coordinates": [
          34.4311959,
          31.4756785
        ]
      },
      "properties": {
        "id": "osm-damage-way-1257798798",
        "featureType": "critical_infrastructure",
        "infrastructureType": "building_damage_assessment",
        "status": "osm_destroyed",
        "name": "Destroyed (OSM)",
        "responsibleOrganization": "OpenStreetMap contributors",
        "isSynthetic": false,
        "validFrom": "2026-05-06",
        "sourceIdentifier": "osm-way-1257798798"
      }
    },
    {
      "type": "Feature",
      "geometry": {
        "type": "Point",
        "coordinates": [
          34.4311577,
          31.4755627
        ]
      },
      "properties": {
        "id": "osm-damage-way-1257798799",
        "featureType": "critical_infrastructure",
        "infrastructureType": "building_damage_assessment",
        "status": "osm_destroyed",
        "name": "Destroyed (OSM)",
        "responsibleOrganization": "OpenStreetMap contributors",
        "isSynthetic": false,
        "validFrom": "2026-05-06",
        "sourceIdentifier": "osm-way-1257798799"
      }
    },
    {
      "type": "Feature",
      "geometry": {
        "type": "Point",
        "coordinates": [
          34.4306243,
          31.4756092
        ]
      },
      "properties": {
        "id": "osm-damage-way-1257798801",
        "featureType": "critical_infrastructure",
        "infrastructureType": "building_damage_assessment",
        "status": "osm_destroyed",
        "name": "Destroyed (OSM)",
        "responsibleOrganization": "OpenStreetMap contributors",
        "isSynthetic": false,
        "validFrom": "2026-05-06",
        "sourceIdentifier": "osm-way-1257798801"
      }
    },
    {
      "type": "Feature",
      "geometry": {
        "type": "Point",
        "coordinates": [
          34.4307857,
          31.4758371
        ]
      },
      "properties": {
        "id": "osm-damage-way-1257798803",
        "featureType": "critical_infrastructure",
        "infrastructureType": "building_damage_assessment",
        "status": "osm_destroyed",
        "name": "Destroyed (OSM)",
        "responsibleOrganization": "OpenStreetMap contributors",
        "isSynthetic": false,
        "validFrom": "2026-05-06",
        "sourceIdentifier": "osm-way-1257798803"
      }
    },
    {
      "type": "Feature",
      "geometry": {
        "type": "Point",
        "coordinates": [
          34.43057,
          31.4758708
        ]
      },
      "properties": {
        "id": "osm-damage-way-1257798804",
        "featureType": "critical_infrastructure",
        "infrastructureType": "building_damage_assessment",
        "status": "osm_destroyed",
        "name": "Destroyed (OSM)",
        "responsibleOrganization": "OpenStreetMap contributors",
        "isSynthetic": false,
        "validFrom": "2026-05-06",
        "sourceIdentifier": "osm-way-1257798804"
      }
    },
    {
      "type": "Feature",
      "geometry": {
        "type": "Point",
        "coordinates": [
          34.4303753,
          31.4757594
        ]
      },
      "properties": {
        "id": "osm-damage-way-1257798805",
        "featureType": "critical_infrastructure",
        "infrastructureType": "building_damage_assessment",
        "status": "osm_destroyed",
        "name": "Destroyed (OSM)",
        "responsibleOrganization": "OpenStreetMap contributors",
        "isSynthetic": false,
        "validFrom": "2026-05-06",
        "sourceIdentifier": "osm-way-1257798805"
      }
    },
    {
      "type": "Feature",
      "geometry": {
        "type": "Point",
        "coordinates": [
          34.4452439,
          31.4850295
        ]
      },
      "properties": {
        "id": "osm-damage-way-1257818577",
        "featureType": "critical_infrastructure",
        "infrastructureType": "building_damage_assessment",
        "status": "osm_destroyed",
        "name": "Destroyed (OSM)",
        "responsibleOrganization": "OpenStreetMap contributors",
        "isSynthetic": false,
        "validFrom": "2026-05-06",
        "sourceIdentifier": "osm-way-1257818577"
      }
    },
    {
      "type": "Feature",
      "geometry": {
        "type": "Point",
        "coordinates": [
          34.4398808,
          31.4803482
        ]
      },
      "properties": {
        "id": "osm-damage-way-1257867341",
        "featureType": "critical_infrastructure",
        "infrastructureType": "building_damage_assessment",
        "status": "osm_destroyed",
        "name": "Destroyed (OSM)",
        "responsibleOrganization": "OpenStreetMap contributors",
        "isSynthetic": false,
        "validFrom": "2026-05-06",
        "sourceIdentifier": "osm-way-1257867341"
      }
    },
    {
      "type": "Feature",
      "geometry": {
        "type": "Point",
        "coordinates": [
          34.4402456,
          31.4807547
        ]
      },
      "properties": {
        "id": "osm-damage-way-1257867342",
        "featureType": "critical_infrastructure",
        "infrastructureType": "building_damage_assessment",
        "status": "osm_destroyed",
        "name": "Destroyed (OSM)",
        "responsibleOrganization": "OpenStreetMap contributors",
        "isSynthetic": false,
        "validFrom": "2026-05-06",
        "sourceIdentifier": "osm-way-1257867342"
      }
    },
    {
      "type": "Feature",
      "geometry": {
        "type": "Point",
        "coordinates": [
          34.4307922,
          31.4765862
        ]
      },
      "properties": {
        "id": "osm-damage-way-1258165399",
        "featureType": "critical_infrastructure",
        "infrastructureType": "building_damage_assessment",
        "status": "osm_destroyed",
        "name": "Destroyed (OSM)",
        "responsibleOrganization": "OpenStreetMap contributors",
        "isSynthetic": false,
        "validFrom": "2026-05-06",
        "sourceIdentifier": "osm-way-1258165399"
      }
    },
    {
      "type": "Feature",
      "geometry": {
        "type": "Point",
        "coordinates": [
          34.4431952,
          31.4824204
        ]
      },
      "properties": {
        "id": "osm-damage-way-1258203363",
        "featureType": "critical_infrastructure",
        "infrastructureType": "building_damage_assessment",
        "status": "osm_destroyed",
        "name": "Destroyed (OSM)",
        "responsibleOrganization": "OpenStreetMap contributors",
        "isSynthetic": false,
        "validFrom": "2026-05-06",
        "sourceIdentifier": "osm-way-1258203363"
      }
    },
    {
      "type": "Feature",
      "geometry": {
        "type": "Point",
        "coordinates": [
          34.44341,
          31.482248
        ]
      },
      "properties": {
        "id": "osm-damage-way-1258203364",
        "featureType": "critical_infrastructure",
        "infrastructureType": "building_damage_assessment",
        "status": "osm_destroyed",
        "name": "Destroyed (OSM)",
        "responsibleOrganization": "OpenStreetMap contributors",
        "isSynthetic": false,
        "validFrom": "2026-05-06",
        "sourceIdentifier": "osm-way-1258203364"
      }
    },
    {
      "type": "Feature",
      "geometry": {
        "type": "Point",
        "coordinates": [
          34.443303,
          31.4821492
        ]
      },
      "properties": {
        "id": "osm-damage-way-1258203365",
        "featureType": "critical_infrastructure",
        "infrastructureType": "building_damage_assessment",
        "status": "osm_destroyed",
        "name": "Destroyed (OSM)",
        "responsibleOrganization": "OpenStreetMap contributors",
        "isSynthetic": false,
        "validFrom": "2026-05-06",
        "sourceIdentifier": "osm-way-1258203365"
      }
    },
    {
      "type": "Feature",
      "geometry": {
        "type": "Point",
        "coordinates": [
          34.442275,
          31.4822353
        ]
      },
      "properties": {
        "id": "osm-damage-way-1258203368",
        "featureType": "critical_infrastructure",
        "infrastructureType": "building_damage_assessment",
        "status": "osm_destroyed",
        "name": "Destroyed (OSM)",
        "responsibleOrganization": "OpenStreetMap contributors",
        "isSynthetic": false,
        "validFrom": "2026-05-06",
        "sourceIdentifier": "osm-way-1258203368"
      }
    },
    {
      "type": "Feature",
      "geometry": {
        "type": "Point",
        "coordinates": [
          34.442642,
          31.481604
        ]
      },
      "properties": {
        "id": "osm-damage-way-1258204910",
        "featureType": "critical_infrastructure",
        "infrastructureType": "building_damage_assessment",
        "status": "osm_destroyed",
        "name": "Destroyed (OSM)",
        "responsibleOrganization": "OpenStreetMap contributors",
        "isSynthetic": false,
        "validFrom": "2026-05-06",
        "sourceIdentifier": "osm-way-1258204910"
      }
    },
    {
      "type": "Feature",
      "geometry": {
        "type": "Point",
        "coordinates": [
          34.4438355,
          31.4825635
        ]
      },
      "properties": {
        "id": "osm-damage-way-1258204913",
        "featureType": "critical_infrastructure",
        "infrastructureType": "building_damage_assessment",
        "status": "osm_destroyed",
        "name": "Destroyed (OSM)",
        "responsibleOrganization": "OpenStreetMap contributors",
        "isSynthetic": false,
        "validFrom": "2026-05-06",
        "sourceIdentifier": "osm-way-1258204913"
      }
    },
    {
      "type": "Feature",
      "geometry": {
        "type": "Point",
        "coordinates": [
          34.4439877,
          31.4824229
        ]
      },
      "properties": {
        "id": "osm-damage-way-1258204914",
        "featureType": "critical_infrastructure",
        "infrastructureType": "building_damage_assessment",
        "status": "osm_destroyed",
        "name": "Destroyed (OSM)",
        "responsibleOrganization": "OpenStreetMap contributors",
        "isSynthetic": false,
        "validFrom": "2026-05-06",
        "sourceIdentifier": "osm-way-1258204914"
      }
    },
    {
      "type": "Feature",
      "geometry": {
        "type": "Point",
        "coordinates": [
          34.4438915,
          31.4824934
        ]
      },
      "properties": {
        "id": "osm-damage-way-1258204915",
        "featureType": "critical_infrastructure",
        "infrastructureType": "building_damage_assessment",
        "status": "osm_destroyed",
        "name": "Destroyed (OSM)",
        "responsibleOrganization": "OpenStreetMap contributors",
        "isSynthetic": false,
        "validFrom": "2026-05-06",
        "sourceIdentifier": "osm-way-1258204915"
      }
    },
    {
      "type": "Feature",
      "geometry": {
        "type": "Point",
        "coordinates": [
          34.4438998,
          31.4822438
        ]
      },
      "properties": {
        "id": "osm-damage-way-1258204916",
        "featureType": "critical_infrastructure",
        "infrastructureType": "building_damage_assessment",
        "status": "osm_destroyed",
        "name": "Destroyed (OSM)",
        "responsibleOrganization": "OpenStreetMap contributors",
        "isSynthetic": false,
        "validFrom": "2026-05-06",
        "sourceIdentifier": "osm-way-1258204916"
      }
    },
    {
      "type": "Feature",
      "geometry": {
        "type": "Point",
        "coordinates": [
          34.4351683,
          31.4757636
        ]
      },
      "properties": {
        "id": "osm-damage-way-1258426220",
        "featureType": "critical_infrastructure",
        "infrastructureType": "building_damage_assessment",
        "status": "osm_destroyed",
        "name": "Destroyed (OSM)",
        "responsibleOrganization": "OpenStreetMap contributors",
        "isSynthetic": false,
        "validFrom": "2026-05-06",
        "sourceIdentifier": "osm-way-1258426220"
      }
    },
    {
      "type": "Feature",
      "geometry": {
        "type": "Point",
        "coordinates": [
          34.4341722,
          31.4761188
        ]
      },
      "properties": {
        "id": "osm-damage-way-1258426227",
        "featureType": "critical_infrastructure",
        "infrastructureType": "building_damage_assessment",
        "status": "osm_destroyed",
        "name": "Destroyed (OSM)",
        "responsibleOrganization": "OpenStreetMap contributors",
        "isSynthetic": false,
        "validFrom": "2026-05-06",
        "sourceIdentifier": "osm-way-1258426227"
      }
    },
    {
      "type": "Feature",
      "geometry": {
        "type": "Point",
        "coordinates": [
          34.434084,
          31.4762206
        ]
      },
      "properties": {
        "id": "osm-damage-way-1258426228",
        "featureType": "critical_infrastructure",
        "infrastructureType": "building_damage_assessment",
        "status": "osm_destroyed",
        "name": "Destroyed (OSM)",
        "responsibleOrganization": "OpenStreetMap contributors",
        "isSynthetic": false,
        "validFrom": "2026-05-06",
        "sourceIdentifier": "osm-way-1258426228"
      }
    },
    {
      "type": "Feature",
      "geometry": {
        "type": "Point",
        "coordinates": [
          34.433975,
          31.476161
        ]
      },
      "properties": {
        "id": "osm-damage-way-1258426229",
        "featureType": "critical_infrastructure",
        "infrastructureType": "building_damage_assessment",
        "status": "osm_destroyed",
        "name": "Destroyed (OSM)",
        "responsibleOrganization": "OpenStreetMap contributors",
        "isSynthetic": false,
        "validFrom": "2026-05-06",
        "sourceIdentifier": "osm-way-1258426229"
      }
    },
    {
      "type": "Feature",
      "geometry": {
        "type": "Point",
        "coordinates": [
          34.4316278,
          31.4759322
        ]
      },
      "properties": {
        "id": "osm-damage-way-1258426273",
        "featureType": "critical_infrastructure",
        "infrastructureType": "building_damage_assessment",
        "status": "osm_destroyed",
        "name": "Destroyed (OSM)",
        "responsibleOrganization": "OpenStreetMap contributors",
        "isSynthetic": false,
        "validFrom": "2026-05-06",
        "sourceIdentifier": "osm-way-1258426273"
      }
    },
    {
      "type": "Feature",
      "geometry": {
        "type": "Point",
        "coordinates": [
          34.434819,
          31.4757651
        ]
      },
      "properties": {
        "id": "osm-damage-way-1258433540",
        "featureType": "critical_infrastructure",
        "infrastructureType": "building_damage_assessment",
        "status": "osm_destroyed",
        "name": "Destroyed (OSM)",
        "responsibleOrganization": "OpenStreetMap contributors",
        "isSynthetic": false,
        "validFrom": "2026-05-06",
        "sourceIdentifier": "osm-way-1258433540"
      }
    },
    {
      "type": "Feature",
      "geometry": {
        "type": "Point",
        "coordinates": [
          34.4346875,
          31.475735
        ]
      },
      "properties": {
        "id": "osm-damage-way-1258433541",
        "featureType": "critical_infrastructure",
        "infrastructureType": "building_damage_assessment",
        "status": "osm_destroyed",
        "name": "Destroyed (OSM)",
        "responsibleOrganization": "OpenStreetMap contributors",
        "isSynthetic": false,
        "validFrom": "2026-05-06",
        "sourceIdentifier": "osm-way-1258433541"
      }
    },
    {
      "type": "Feature",
      "geometry": {
        "type": "Point",
        "coordinates": [
          34.4346499,
          31.4756086
        ]
      },
      "properties": {
        "id": "osm-damage-way-1258433542",
        "featureType": "critical_infrastructure",
        "infrastructureType": "building_damage_assessment",
        "status": "osm_destroyed",
        "name": "Destroyed (OSM)",
        "responsibleOrganization": "OpenStreetMap contributors",
        "isSynthetic": false,
        "validFrom": "2026-05-06",
        "sourceIdentifier": "osm-way-1258433542"
      }
    },
    {
      "type": "Feature",
      "geometry": {
        "type": "Point",
        "coordinates": [
          34.4403702,
          31.4823599
        ]
      },
      "properties": {
        "id": "osm-damage-way-1258655492",
        "featureType": "critical_infrastructure",
        "infrastructureType": "building_damage_assessment",
        "status": "osm_destroyed",
        "name": "Destroyed (OSM)",
        "responsibleOrganization": "OpenStreetMap contributors",
        "isSynthetic": false,
        "validFrom": "2026-05-06",
        "sourceIdentifier": "osm-way-1258655492"
      }
    },
    {
      "type": "Feature",
      "geometry": {
        "type": "Point",
        "coordinates": [
          34.4417404,
          31.4823351
        ]
      },
      "properties": {
        "id": "osm-damage-way-1258655512",
        "featureType": "critical_infrastructure",
        "infrastructureType": "building_damage_assessment",
        "status": "osm_destroyed",
        "name": "Destroyed (OSM)",
        "responsibleOrganization": "OpenStreetMap contributors",
        "isSynthetic": false,
        "validFrom": "2026-05-06",
        "sourceIdentifier": "osm-way-1258655512"
      }
    },
    {
      "type": "Feature",
      "geometry": {
        "type": "Point",
        "coordinates": [
          34.4396621,
          31.4822907
        ]
      },
      "properties": {
        "id": "osm-damage-way-1258655513",
        "featureType": "critical_infrastructure",
        "infrastructureType": "building_damage_assessment",
        "status": "osm_destroyed",
        "name": "Destroyed (OSM)",
        "responsibleOrganization": "OpenStreetMap contributors",
        "isSynthetic": false,
        "validFrom": "2026-05-06",
        "sourceIdentifier": "osm-way-1258655513"
      }
    },
    {
      "type": "Feature",
      "geometry": {
        "type": "Point",
        "coordinates": [
          34.4398226,
          31.4824036
        ]
      },
      "properties": {
        "id": "osm-damage-way-1258655514",
        "featureType": "critical_infrastructure",
        "infrastructureType": "building_damage_assessment",
        "status": "osm_destroyed",
        "name": "Destroyed (OSM)",
        "responsibleOrganization": "OpenStreetMap contributors",
        "isSynthetic": false,
        "validFrom": "2026-05-06",
        "sourceIdentifier": "osm-way-1258655514"
      }
    },
    {
      "type": "Feature",
      "geometry": {
        "type": "Point",
        "coordinates": [
          34.4397586,
          31.4804281
        ]
      },
      "properties": {
        "id": "osm-damage-way-1258655527",
        "featureType": "critical_infrastructure",
        "infrastructureType": "building_damage_assessment",
        "status": "osm_destroyed",
        "name": "Destroyed (OSM)",
        "responsibleOrganization": "OpenStreetMap contributors",
        "isSynthetic": false,
        "validFrom": "2026-05-06",
        "sourceIdentifier": "osm-way-1258655527"
      }
    },
    {
      "type": "Feature",
      "geometry": {
        "type": "Point",
        "coordinates": [
          34.4400417,
          31.4802294
        ]
      },
      "properties": {
        "id": "osm-damage-way-1258655529",
        "featureType": "critical_infrastructure",
        "infrastructureType": "building_damage_assessment",
        "status": "osm_destroyed",
        "name": "Destroyed (OSM)",
        "responsibleOrganization": "OpenStreetMap contributors",
        "isSynthetic": false,
        "validFrom": "2026-05-06",
        "sourceIdentifier": "osm-way-1258655529"
      }
    },
    {
      "type": "Feature",
      "geometry": {
        "type": "Point",
        "coordinates": [
          34.4399688,
          31.4802464
        ]
      },
      "properties": {
        "id": "osm-damage-way-1258655530",
        "featureType": "critical_infrastructure",
        "infrastructureType": "building_damage_assessment",
        "status": "osm_destroyed",
        "name": "Destroyed (OSM)",
        "responsibleOrganization": "OpenStreetMap contributors",
        "isSynthetic": false,
        "validFrom": "2026-05-06",
        "sourceIdentifier": "osm-way-1258655530"
      }
    },
    {
      "type": "Feature",
      "geometry": {
        "type": "Point",
        "coordinates": [
          34.4402342,
          31.48032
        ]
      },
      "properties": {
        "id": "osm-damage-way-1258655531",
        "featureType": "critical_infrastructure",
        "infrastructureType": "building_damage_assessment",
        "status": "osm_destroyed",
        "name": "Destroyed (OSM)",
        "responsibleOrganization": "OpenStreetMap contributors",
        "isSynthetic": false,
        "validFrom": "2026-05-06",
        "sourceIdentifier": "osm-way-1258655531"
      }
    },
    {
      "type": "Feature",
      "geometry": {
        "type": "Point",
        "coordinates": [
          34.4401035,
          31.4804196
        ]
      },
      "properties": {
        "id": "osm-damage-way-1258655532",
        "featureType": "critical_infrastructure",
        "infrastructureType": "building_damage_assessment",
        "status": "osm_destroyed",
        "name": "Destroyed (OSM)",
        "responsibleOrganization": "OpenStreetMap contributors",
        "isSynthetic": false,
        "validFrom": "2026-05-06",
        "sourceIdentifier": "osm-way-1258655532"
      }
    },
    {
      "type": "Feature",
      "geometry": {
        "type": "Point",
        "coordinates": [
          34.441596,
          31.4847898
        ]
      },
      "properties": {
        "id": "osm-damage-way-1258685398",
        "featureType": "critical_infrastructure",
        "infrastructureType": "building_damage_assessment",
        "status": "osm_destroyed",
        "name": "Destroyed (OSM)",
        "responsibleOrganization": "OpenStreetMap contributors",
        "isSynthetic": false,
        "validFrom": "2026-05-06",
        "sourceIdentifier": "osm-way-1258685398"
      }
    },
    {
      "type": "Feature",
      "geometry": {
        "type": "Point",
        "coordinates": [
          34.4413438,
          31.4848217
        ]
      },
      "properties": {
        "id": "osm-damage-way-1258685400",
        "featureType": "critical_infrastructure",
        "infrastructureType": "building_damage_assessment",
        "status": "osm_destroyed",
        "name": "Destroyed (OSM)",
        "responsibleOrganization": "OpenStreetMap contributors",
        "isSynthetic": false,
        "validFrom": "2026-05-06",
        "sourceIdentifier": "osm-way-1258685400"
      }
    },
    {
      "type": "Feature",
      "geometry": {
        "type": "Point",
        "coordinates": [
          34.4414689,
          31.4847659
        ]
      },
      "properties": {
        "id": "osm-damage-way-1258685401",
        "featureType": "critical_infrastructure",
        "infrastructureType": "building_damage_assessment",
        "status": "osm_destroyed",
        "name": "Destroyed (OSM)",
        "responsibleOrganization": "OpenStreetMap contributors",
        "isSynthetic": false,
        "validFrom": "2026-05-06",
        "sourceIdentifier": "osm-way-1258685401"
      }
    },
    {
      "type": "Feature",
      "geometry": {
        "type": "Point",
        "coordinates": [
          34.4414567,
          31.4844398
        ]
      },
      "properties": {
        "id": "osm-damage-way-1258685404",
        "featureType": "critical_infrastructure",
        "infrastructureType": "building_damage_assessment",
        "status": "osm_destroyed",
        "name": "Destroyed (OSM)",
        "responsibleOrganization": "OpenStreetMap contributors",
        "isSynthetic": false,
        "validFrom": "2026-05-06",
        "sourceIdentifier": "osm-way-1258685404"
      }
    },
    {
      "type": "Feature",
      "geometry": {
        "type": "Point",
        "coordinates": [
          34.4410941,
          31.4842948
        ]
      },
      "properties": {
        "id": "osm-damage-way-1258685405",
        "featureType": "critical_infrastructure",
        "infrastructureType": "building_damage_assessment",
        "status": "osm_destroyed",
        "name": "Destroyed (OSM)",
        "responsibleOrganization": "OpenStreetMap contributors",
        "isSynthetic": false,
        "validFrom": "2026-05-06",
        "sourceIdentifier": "osm-way-1258685405"
      }
    },
    {
      "type": "Feature",
      "geometry": {
        "type": "Point",
        "coordinates": [
          34.4421219,
          31.4829625
        ]
      },
      "properties": {
        "id": "osm-damage-way-1258685410",
        "featureType": "critical_infrastructure",
        "infrastructureType": "building_damage_assessment",
        "status": "osm_destroyed",
        "name": "Destroyed (OSM)",
        "responsibleOrganization": "OpenStreetMap contributors",
        "isSynthetic": false,
        "validFrom": "2026-05-06",
        "sourceIdentifier": "osm-way-1258685410"
      }
    },
    {
      "type": "Feature",
      "geometry": {
        "type": "Point",
        "coordinates": [
          34.4420981,
          31.4832029
        ]
      },
      "properties": {
        "id": "osm-damage-way-1258685412",
        "featureType": "critical_infrastructure",
        "infrastructureType": "building_damage_assessment",
        "status": "osm_destroyed",
        "name": "Destroyed (OSM)",
        "responsibleOrganization": "OpenStreetMap contributors",
        "isSynthetic": false,
        "validFrom": "2026-05-06",
        "sourceIdentifier": "osm-way-1258685412"
      }
    },
    {
      "type": "Feature",
      "geometry": {
        "type": "Point",
        "coordinates": [
          34.4417171,
          31.4832016
        ]
      },
      "properties": {
        "id": "osm-damage-way-1258685416",
        "featureType": "critical_infrastructure",
        "infrastructureType": "building_damage_assessment",
        "status": "osm_destroyed",
        "name": "Destroyed (OSM)",
        "responsibleOrganization": "OpenStreetMap contributors",
        "isSynthetic": false,
        "validFrom": "2026-05-06",
        "sourceIdentifier": "osm-way-1258685416"
      }
    },
    {
      "type": "Feature",
      "geometry": {
        "type": "Point",
        "coordinates": [
          34.4417174,
          31.483073
        ]
      },
      "properties": {
        "id": "osm-damage-way-1258685418",
        "featureType": "critical_infrastructure",
        "infrastructureType": "building_damage_assessment",
        "status": "osm_destroyed",
        "name": "Destroyed (OSM)",
        "responsibleOrganization": "OpenStreetMap contributors",
        "isSynthetic": false,
        "validFrom": "2026-05-06",
        "sourceIdentifier": "osm-way-1258685418"
      }
    },
    {
      "type": "Feature",
      "geometry": {
        "type": "Point",
        "coordinates": [
          34.4416059,
          31.4829619
        ]
      },
      "properties": {
        "id": "osm-damage-way-1258685420",
        "featureType": "critical_infrastructure",
        "infrastructureType": "building_damage_assessment",
        "status": "osm_destroyed",
        "name": "Destroyed (OSM)",
        "responsibleOrganization": "OpenStreetMap contributors",
        "isSynthetic": false,
        "validFrom": "2026-05-06",
        "sourceIdentifier": "osm-way-1258685420"
      }
    },
    {
      "type": "Feature",
      "geometry": {
        "type": "Point",
        "coordinates": [
          34.4415135,
          31.482901
        ]
      },
      "properties": {
        "id": "osm-damage-way-1258685421",
        "featureType": "critical_infrastructure",
        "infrastructureType": "building_damage_assessment",
        "status": "osm_destroyed",
        "name": "Destroyed (OSM)",
        "responsibleOrganization": "OpenStreetMap contributors",
        "isSynthetic": false,
        "validFrom": "2026-05-06",
        "sourceIdentifier": "osm-way-1258685421"
      }
    },
    {
      "type": "Feature",
      "geometry": {
        "type": "Point",
        "coordinates": [
          34.4398235,
          31.4826581
        ]
      },
      "properties": {
        "id": "osm-damage-way-1258685427",
        "featureType": "critical_infrastructure",
        "infrastructureType": "building_damage_assessment",
        "status": "osm_destroyed",
        "name": "Destroyed (OSM)",
        "responsibleOrganization": "OpenStreetMap contributors",
        "isSynthetic": false,
        "validFrom": "2026-05-06",
        "sourceIdentifier": "osm-way-1258685427"
      }
    },
    {
      "type": "Feature",
      "geometry": {
        "type": "Point",
        "coordinates": [
          34.4406226,
          31.4848765
        ]
      },
      "properties": {
        "id": "osm-damage-way-1258686625",
        "featureType": "critical_infrastructure",
        "infrastructureType": "building_damage_assessment",
        "status": "osm_destroyed",
        "name": "Destroyed (OSM)",
        "responsibleOrganization": "OpenStreetMap contributors",
        "isSynthetic": false,
        "validFrom": "2026-05-06",
        "sourceIdentifier": "osm-way-1258686625"
      }
    },
    {
      "type": "Feature",
      "geometry": {
        "type": "Point",
        "coordinates": [
          34.4405208,
          31.4848009
        ]
      },
      "properties": {
        "id": "osm-damage-way-1258686626",
        "featureType": "critical_infrastructure",
        "infrastructureType": "building_damage_assessment",
        "status": "osm_destroyed",
        "name": "Destroyed (OSM)",
        "responsibleOrganization": "OpenStreetMap contributors",
        "isSynthetic": false,
        "validFrom": "2026-05-06",
        "sourceIdentifier": "osm-way-1258686626"
      }
    },
    {
      "type": "Feature",
      "geometry": {
        "type": "Point",
        "coordinates": [
          34.4410396,
          31.4845537
        ]
      },
      "properties": {
        "id": "osm-damage-way-1258686629",
        "featureType": "critical_infrastructure",
        "infrastructureType": "building_damage_assessment",
        "status": "osm_destroyed",
        "name": "Destroyed (OSM)",
        "responsibleOrganization": "OpenStreetMap contributors",
        "isSynthetic": false,
        "validFrom": "2026-05-06",
        "sourceIdentifier": "osm-way-1258686629"
      }
    },
    {
      "type": "Feature",
      "geometry": {
        "type": "Point",
        "coordinates": [
          34.4404048,
          31.4848797
        ]
      },
      "properties": {
        "id": "osm-damage-way-1258686630",
        "featureType": "critical_infrastructure",
        "infrastructureType": "building_damage_assessment",
        "status": "osm_destroyed",
        "name": "Destroyed (OSM)",
        "responsibleOrganization": "OpenStreetMap contributors",
        "isSynthetic": false,
        "validFrom": "2026-05-06",
        "sourceIdentifier": "osm-way-1258686630"
      }
    },
    {
      "type": "Feature",
      "geometry": {
        "type": "Point",
        "coordinates": [
          34.4404978,
          31.4849585
        ]
      },
      "properties": {
        "id": "osm-damage-way-1258686631",
        "featureType": "critical_infrastructure",
        "infrastructureType": "building_damage_assessment",
        "status": "osm_destroyed",
        "name": "Destroyed (OSM)",
        "responsibleOrganization": "OpenStreetMap contributors",
        "isSynthetic": false,
        "validFrom": "2026-05-06",
        "sourceIdentifier": "osm-way-1258686631"
      }
    },
    {
      "type": "Feature",
      "geometry": {
        "type": "Point",
        "coordinates": [
          34.4432433,
          31.4839244
        ]
      },
      "properties": {
        "id": "osm-damage-way-1258691322",
        "featureType": "critical_infrastructure",
        "infrastructureType": "building_damage_assessment",
        "status": "osm_destroyed",
        "name": "Destroyed (OSM)",
        "responsibleOrganization": "OpenStreetMap contributors",
        "isSynthetic": false,
        "validFrom": "2026-05-06",
        "sourceIdentifier": "osm-way-1258691322"
      }
    },
    {
      "type": "Feature",
      "geometry": {
        "type": "Point",
        "coordinates": [
          34.4430876,
          31.4838139
        ]
      },
      "properties": {
        "id": "osm-damage-way-1258691323",
        "featureType": "critical_infrastructure",
        "infrastructureType": "building_damage_assessment",
        "status": "osm_destroyed",
        "name": "Destroyed (OSM)",
        "responsibleOrganization": "OpenStreetMap contributors",
        "isSynthetic": false,
        "validFrom": "2026-05-06",
        "sourceIdentifier": "osm-way-1258691323"
      }
    },
    {
      "type": "Feature",
      "geometry": {
        "type": "Point",
        "coordinates": [
          34.4429007,
          31.4837324
        ]
      },
      "properties": {
        "id": "osm-damage-way-1258691324",
        "featureType": "critical_infrastructure",
        "infrastructureType": "building_damage_assessment",
        "status": "osm_destroyed",
        "name": "Destroyed (OSM)",
        "responsibleOrganization": "OpenStreetMap contributors",
        "isSynthetic": false,
        "validFrom": "2026-05-06",
        "sourceIdentifier": "osm-way-1258691324"
      }
    },
    {
      "type": "Feature",
      "geometry": {
        "type": "Point",
        "coordinates": [
          34.4426402,
          31.484751
        ]
      },
      "properties": {
        "id": "osm-damage-way-1258691330",
        "featureType": "critical_infrastructure",
        "infrastructureType": "building_damage_assessment",
        "status": "osm_destroyed",
        "name": "Destroyed (OSM)",
        "responsibleOrganization": "OpenStreetMap contributors",
        "isSynthetic": false,
        "validFrom": "2026-05-06",
        "sourceIdentifier": "osm-way-1258691330"
      }
    },
    {
      "type": "Feature",
      "geometry": {
        "type": "Point",
        "coordinates": [
          34.4425557,
          31.4848169
        ]
      },
      "properties": {
        "id": "osm-damage-way-1258691331",
        "featureType": "critical_infrastructure",
        "infrastructureType": "building_damage_assessment",
        "status": "osm_destroyed",
        "name": "Destroyed (OSM)",
        "responsibleOrganization": "OpenStreetMap contributors",
        "isSynthetic": false,
        "validFrom": "2026-05-06",
        "sourceIdentifier": "osm-way-1258691331"
      }
    },
    {
      "type": "Feature",
      "geometry": {
        "type": "Point",
        "coordinates": [
          34.4442593,
          31.4849062
        ]
      },
      "properties": {
        "id": "osm-damage-way-1258691335",
        "featureType": "critical_infrastructure",
        "infrastructureType": "building_damage_assessment",
        "status": "osm_destroyed",
        "name": "Destroyed (OSM)",
        "responsibleOrganization": "OpenStreetMap contributors",
        "isSynthetic": false,
        "validFrom": "2026-05-06",
        "sourceIdentifier": "osm-way-1258691335"
      }
    },
    {
      "type": "Feature",
      "geometry": {
        "type": "Point",
        "coordinates": [
          34.444367,
          31.4847046
        ]
      },
      "properties": {
        "id": "osm-damage-way-1258691339",
        "featureType": "critical_infrastructure",
        "infrastructureType": "building_damage_assessment",
        "status": "osm_destroyed",
        "name": "Destroyed (OSM)",
        "responsibleOrganization": "OpenStreetMap contributors",
        "isSynthetic": false,
        "validFrom": "2026-05-06",
        "sourceIdentifier": "osm-way-1258691339"
      }
    },
    {
      "type": "Feature",
      "geometry": {
        "type": "Point",
        "coordinates": [
          34.4444199,
          31.4847967
        ]
      },
      "properties": {
        "id": "osm-damage-way-1258691340",
        "featureType": "critical_infrastructure",
        "infrastructureType": "building_damage_assessment",
        "status": "osm_destroyed",
        "name": "Destroyed (OSM)",
        "responsibleOrganization": "OpenStreetMap contributors",
        "isSynthetic": false,
        "validFrom": "2026-05-06",
        "sourceIdentifier": "osm-way-1258691340"
      }
    },
    {
      "type": "Feature",
      "geometry": {
        "type": "Point",
        "coordinates": [
          34.444469,
          31.4844595
        ]
      },
      "properties": {
        "id": "osm-damage-way-1258691343",
        "featureType": "critical_infrastructure",
        "infrastructureType": "building_damage_assessment",
        "status": "osm_destroyed",
        "name": "Destroyed (OSM)",
        "responsibleOrganization": "OpenStreetMap contributors",
        "isSynthetic": false,
        "validFrom": "2026-05-06",
        "sourceIdentifier": "osm-way-1258691343"
      }
    },
    {
      "type": "Feature",
      "geometry": {
        "type": "Point",
        "coordinates": [
          34.4446164,
          31.4846098
        ]
      },
      "properties": {
        "id": "osm-damage-way-1258691344",
        "featureType": "critical_infrastructure",
        "infrastructureType": "building_damage_assessment",
        "status": "osm_destroyed",
        "name": "Destroyed (OSM)",
        "responsibleOrganization": "OpenStreetMap contributors",
        "isSynthetic": false,
        "validFrom": "2026-05-06",
        "sourceIdentifier": "osm-way-1258691344"
      }
    },
    {
      "type": "Feature",
      "geometry": {
        "type": "Point",
        "coordinates": [
          34.4432299,
          31.4828626
        ]
      },
      "properties": {
        "id": "osm-damage-way-1258691905",
        "featureType": "critical_infrastructure",
        "infrastructureType": "building_damage_assessment",
        "status": "osm_destroyed",
        "name": "Destroyed (OSM)",
        "responsibleOrganization": "OpenStreetMap contributors",
        "isSynthetic": false,
        "validFrom": "2026-05-06",
        "sourceIdentifier": "osm-way-1258691905"
      }
    },
    {
      "type": "Feature",
      "geometry": {
        "type": "Point",
        "coordinates": [
          34.4438942,
          31.4826714
        ]
      },
      "properties": {
        "id": "osm-damage-way-1258691906",
        "featureType": "critical_infrastructure",
        "infrastructureType": "building_damage_assessment",
        "status": "osm_destroyed",
        "name": "Destroyed (OSM)",
        "responsibleOrganization": "OpenStreetMap contributors",
        "isSynthetic": false,
        "validFrom": "2026-05-06",
        "sourceIdentifier": "osm-way-1258691906"
      }
    },
    {
      "type": "Feature",
      "geometry": {
        "type": "Point",
        "coordinates": [
          34.4436506,
          31.4829519
        ]
      },
      "properties": {
        "id": "osm-damage-way-1258691907",
        "featureType": "critical_infrastructure",
        "infrastructureType": "building_damage_assessment",
        "status": "osm_destroyed",
        "name": "Destroyed (OSM)",
        "responsibleOrganization": "OpenStreetMap contributors",
        "isSynthetic": false,
        "validFrom": "2026-05-06",
        "sourceIdentifier": "osm-way-1258691907"
      }
    },
    {
      "type": "Feature",
      "geometry": {
        "type": "Point",
        "coordinates": [
          34.4434284,
          31.4827136
        ]
      },
      "properties": {
        "id": "osm-damage-way-1258691908",
        "featureType": "critical_infrastructure",
        "infrastructureType": "building_damage_assessment",
        "status": "osm_destroyed",
        "name": "Destroyed (OSM)",
        "responsibleOrganization": "OpenStreetMap contributors",
        "isSynthetic": false,
        "validFrom": "2026-05-06",
        "sourceIdentifier": "osm-way-1258691908"
      }
    },
    {
      "type": "Feature",
      "geometry": {
        "type": "Point",
        "coordinates": [
          34.4410981,
          31.4821649
        ]
      },
      "properties": {
        "id": "osm-damage-way-1258743248",
        "featureType": "critical_infrastructure",
        "infrastructureType": "building_damage_assessment",
        "status": "osm_destroyed",
        "name": "Destroyed (OSM)",
        "responsibleOrganization": "OpenStreetMap contributors",
        "isSynthetic": false,
        "validFrom": "2026-05-06",
        "sourceIdentifier": "osm-way-1258743248"
      }
    },
    {
      "type": "Feature",
      "geometry": {
        "type": "Point",
        "coordinates": [
          34.4419192,
          31.4866035
        ]
      },
      "properties": {
        "id": "osm-damage-way-1259101213",
        "featureType": "critical_infrastructure",
        "infrastructureType": "building_damage_assessment",
        "status": "osm_destroyed",
        "name": "Destroyed (OSM)",
        "responsibleOrganization": "OpenStreetMap contributors",
        "isSynthetic": false,
        "validFrom": "2026-05-06",
        "sourceIdentifier": "osm-way-1259101213"
      }
    },
    {
      "type": "Feature",
      "geometry": {
        "type": "Point",
        "coordinates": [
          34.4418517,
          31.4865481
        ]
      },
      "properties": {
        "id": "osm-damage-way-1259101214",
        "featureType": "critical_infrastructure",
        "infrastructureType": "building_damage_assessment",
        "status": "osm_destroyed",
        "name": "Destroyed (OSM)",
        "responsibleOrganization": "OpenStreetMap contributors",
        "isSynthetic": false,
        "validFrom": "2026-05-06",
        "sourceIdentifier": "osm-way-1259101214"
      }
    },
    {
      "type": "Feature",
      "geometry": {
        "type": "Point",
        "coordinates": [
          34.4417993,
          31.4865026
        ]
      },
      "properties": {
        "id": "osm-damage-way-1259101215",
        "featureType": "critical_infrastructure",
        "infrastructureType": "building_damage_assessment",
        "status": "osm_destroyed",
        "name": "Destroyed (OSM)",
        "responsibleOrganization": "OpenStreetMap contributors",
        "isSynthetic": false,
        "validFrom": "2026-05-06",
        "sourceIdentifier": "osm-way-1259101215"
      }
    },
    {
      "type": "Feature",
      "geometry": {
        "type": "Point",
        "coordinates": [
          34.4415496,
          31.4858116
        ]
      },
      "properties": {
        "id": "osm-damage-way-1259101216",
        "featureType": "critical_infrastructure",
        "infrastructureType": "building_damage_assessment",
        "status": "osm_destroyed",
        "name": "Destroyed (OSM)",
        "responsibleOrganization": "OpenStreetMap contributors",
        "isSynthetic": false,
        "validFrom": "2026-05-06",
        "sourceIdentifier": "osm-way-1259101216"
      }
    },
    {
      "type": "Feature",
      "geometry": {
        "type": "Point",
        "coordinates": [
          34.4413914,
          31.4854134
        ]
      },
      "properties": {
        "id": "osm-damage-way-1259101218",
        "featureType": "critical_infrastructure",
        "infrastructureType": "building_damage_assessment",
        "status": "osm_destroyed",
        "name": "Destroyed (OSM)",
        "responsibleOrganization": "OpenStreetMap contributors",
        "isSynthetic": false,
        "validFrom": "2026-05-06",
        "sourceIdentifier": "osm-way-1259101218"
      }
    },
    {
      "type": "Feature",
      "geometry": {
        "type": "Point",
        "coordinates": [
          34.4408385,
          31.4850234
        ]
      },
      "properties": {
        "id": "osm-damage-way-1259101223",
        "featureType": "critical_infrastructure",
        "infrastructureType": "building_damage_assessment",
        "status": "osm_destroyed",
        "name": "Destroyed (OSM)",
        "responsibleOrganization": "OpenStreetMap contributors",
        "isSynthetic": false,
        "validFrom": "2026-05-06",
        "sourceIdentifier": "osm-way-1259101223"
      }
    },
    {
      "type": "Feature",
      "geometry": {
        "type": "Point",
        "coordinates": [
          34.4404011,
          31.4853457
        ]
      },
      "properties": {
        "id": "osm-damage-way-1259101224",
        "featureType": "critical_infrastructure",
        "infrastructureType": "building_damage_assessment",
        "status": "osm_destroyed",
        "name": "Destroyed (OSM)",
        "responsibleOrganization": "OpenStreetMap contributors",
        "isSynthetic": false,
        "validFrom": "2026-05-06",
        "sourceIdentifier": "osm-way-1259101224"
      }
    },
    {
      "type": "Feature",
      "geometry": {
        "type": "Point",
        "coordinates": [
          34.4406542,
          31.4854206
        ]
      },
      "properties": {
        "id": "osm-damage-way-1259101226",
        "featureType": "critical_infrastructure",
        "infrastructureType": "building_damage_assessment",
        "status": "osm_destroyed",
        "name": "Destroyed (OSM)",
        "responsibleOrganization": "OpenStreetMap contributors",
        "isSynthetic": false,
        "validFrom": "2026-05-06",
        "sourceIdentifier": "osm-way-1259101226"
      }
    },
    {
      "type": "Feature",
      "geometry": {
        "type": "Point",
        "coordinates": [
          34.4429383,
          31.4860618
        ]
      },
      "properties": {
        "id": "osm-damage-way-1259106130",
        "featureType": "critical_infrastructure",
        "infrastructureType": "building_damage_assessment",
        "status": "osm_destroyed",
        "name": "Destroyed (OSM)",
        "responsibleOrganization": "OpenStreetMap contributors",
        "isSynthetic": false,
        "validFrom": "2026-05-06",
        "sourceIdentifier": "osm-way-1259106130"
      }
    },
    {
      "type": "Feature",
      "geometry": {
        "type": "Point",
        "coordinates": [
          34.444836,
          31.4849927
        ]
      },
      "properties": {
        "id": "osm-damage-way-1259106140",
        "featureType": "critical_infrastructure",
        "infrastructureType": "building_damage_assessment",
        "status": "osm_destroyed",
        "name": "Destroyed (OSM)",
        "responsibleOrganization": "OpenStreetMap contributors",
        "isSynthetic": false,
        "validFrom": "2026-05-06",
        "sourceIdentifier": "osm-way-1259106140"
      }
    },
    {
      "type": "Feature",
      "geometry": {
        "type": "Point",
        "coordinates": [
          34.4443681,
          31.4850979
        ]
      },
      "properties": {
        "id": "osm-damage-way-1259106141",
        "featureType": "critical_infrastructure",
        "infrastructureType": "building_damage_assessment",
        "status": "osm_destroyed",
        "name": "Destroyed (OSM)",
        "responsibleOrganization": "OpenStreetMap contributors",
        "isSynthetic": false,
        "validFrom": "2026-05-06",
        "sourceIdentifier": "osm-way-1259106141"
      }
    },
    {
      "type": "Feature",
      "geometry": {
        "type": "Point",
        "coordinates": [
          34.4441939,
          31.4852267
        ]
      },
      "properties": {
        "id": "osm-damage-way-1259106143",
        "featureType": "critical_infrastructure",
        "infrastructureType": "building_damage_assessment",
        "status": "osm_destroyed",
        "name": "Destroyed (OSM)",
        "responsibleOrganization": "OpenStreetMap contributors",
        "isSynthetic": false,
        "validFrom": "2026-05-06",
        "sourceIdentifier": "osm-way-1259106143"
      }
    },
    {
      "type": "Feature",
      "geometry": {
        "type": "Point",
        "coordinates": [
          34.4439874,
          31.4851363
        ]
      },
      "properties": {
        "id": "osm-damage-way-1259106144",
        "featureType": "critical_infrastructure",
        "infrastructureType": "building_damage_assessment",
        "status": "osm_destroyed",
        "name": "Destroyed (OSM)",
        "responsibleOrganization": "OpenStreetMap contributors",
        "isSynthetic": false,
        "validFrom": "2026-05-06",
        "sourceIdentifier": "osm-way-1259106144"
      }
    },
    {
      "type": "Feature",
      "geometry": {
        "type": "Point",
        "coordinates": [
          34.4437736,
          31.4852579
        ]
      },
      "properties": {
        "id": "osm-damage-way-1259106146",
        "featureType": "critical_infrastructure",
        "infrastructureType": "building_damage_assessment",
        "status": "osm_destroyed",
        "name": "Destroyed (OSM)",
        "responsibleOrganization": "OpenStreetMap contributors",
        "isSynthetic": false,
        "validFrom": "2026-05-06",
        "sourceIdentifier": "osm-way-1259106146"
      }
    },
    {
      "type": "Feature",
      "geometry": {
        "type": "Point",
        "coordinates": [
          34.4436483,
          31.4853309
        ]
      },
      "properties": {
        "id": "osm-damage-way-1259106147",
        "featureType": "critical_infrastructure",
        "infrastructureType": "building_damage_assessment",
        "status": "osm_destroyed",
        "name": "Destroyed (OSM)",
        "responsibleOrganization": "OpenStreetMap contributors",
        "isSynthetic": false,
        "validFrom": "2026-05-06",
        "sourceIdentifier": "osm-way-1259106147"
      }
    },
    {
      "type": "Feature",
      "geometry": {
        "type": "Point",
        "coordinates": [
          34.4427487,
          31.485245
        ]
      },
      "properties": {
        "id": "osm-damage-way-1259106148",
        "featureType": "critical_infrastructure",
        "infrastructureType": "building_damage_assessment",
        "status": "osm_destroyed",
        "name": "Destroyed (OSM)",
        "responsibleOrganization": "OpenStreetMap contributors",
        "isSynthetic": false,
        "validFrom": "2026-05-06",
        "sourceIdentifier": "osm-way-1259106148"
      }
    },
    {
      "type": "Feature",
      "geometry": {
        "type": "Point",
        "coordinates": [
          34.446029,
          31.484874
        ]
      },
      "properties": {
        "id": "osm-damage-way-1259108561",
        "featureType": "critical_infrastructure",
        "infrastructureType": "building_damage_assessment",
        "status": "osm_destroyed",
        "name": "Destroyed (OSM)",
        "responsibleOrganization": "OpenStreetMap contributors",
        "isSynthetic": false,
        "validFrom": "2026-05-06",
        "sourceIdentifier": "osm-way-1259108561"
      }
    },
    {
      "type": "Feature",
      "geometry": {
        "type": "Point",
        "coordinates": [
          34.4605855,
          31.5210441
        ]
      },
      "properties": {
        "id": "osm-damage-way-1262097985",
        "featureType": "critical_infrastructure",
        "infrastructureType": "building_damage_assessment",
        "status": "osm_destroyed",
        "name": "Destroyed (OSM)",
        "responsibleOrganization": "OpenStreetMap contributors",
        "isSynthetic": false,
        "validFrom": "2026-05-06",
        "sourceIdentifier": "osm-way-1262097985"
      }
    },
    {
      "type": "Feature",
      "geometry": {
        "type": "Point",
        "coordinates": [
          34.4605077,
          31.5209948
        ]
      },
      "properties": {
        "id": "osm-damage-way-1262097986",
        "featureType": "critical_infrastructure",
        "infrastructureType": "building_damage_assessment",
        "status": "osm_destroyed",
        "name": "Destroyed (OSM)",
        "responsibleOrganization": "OpenStreetMap contributors",
        "isSynthetic": false,
        "validFrom": "2026-05-06",
        "sourceIdentifier": "osm-way-1262097986"
      }
    },
    {
      "type": "Feature",
      "geometry": {
        "type": "Point",
        "coordinates": [
          34.46043,
          31.5209345
        ]
      },
      "properties": {
        "id": "osm-damage-way-1262097987",
        "featureType": "critical_infrastructure",
        "infrastructureType": "building_damage_assessment",
        "status": "osm_destroyed",
        "name": "Destroyed (OSM)",
        "responsibleOrganization": "OpenStreetMap contributors",
        "isSynthetic": false,
        "validFrom": "2026-05-06",
        "sourceIdentifier": "osm-way-1262097987"
      }
    },
    {
      "type": "Feature",
      "geometry": {
        "type": "Point",
        "coordinates": [
          34.4603544,
          31.5208706
        ]
      },
      "properties": {
        "id": "osm-damage-way-1262097988",
        "featureType": "critical_infrastructure",
        "infrastructureType": "building_damage_assessment",
        "status": "osm_destroyed",
        "name": "Destroyed (OSM)",
        "responsibleOrganization": "OpenStreetMap contributors",
        "isSynthetic": false,
        "validFrom": "2026-05-06",
        "sourceIdentifier": "osm-way-1262097988"
      }
    },
    {
      "type": "Feature",
      "geometry": {
        "type": "Point",
        "coordinates": [
          34.467286,
          31.5030507
        ]
      },
      "properties": {
        "id": "osm-damage-way-1262494795",
        "featureType": "critical_infrastructure",
        "infrastructureType": "building_damage_assessment",
        "status": "osm_destroyed",
        "name": "Destroyed (OSM)",
        "responsibleOrganization": "OpenStreetMap contributors",
        "isSynthetic": false,
        "validFrom": "2026-05-06",
        "sourceIdentifier": "osm-way-1262494795"
      }
    },
    {
      "type": "Feature",
      "geometry": {
        "type": "Point",
        "coordinates": [
          34.4671836,
          31.5033657
        ]
      },
      "properties": {
        "id": "osm-damage-way-1262494797",
        "featureType": "critical_infrastructure",
        "infrastructureType": "building_damage_assessment",
        "status": "osm_destroyed",
        "name": "Destroyed (OSM)",
        "responsibleOrganization": "OpenStreetMap contributors",
        "isSynthetic": false,
        "validFrom": "2026-05-06",
        "sourceIdentifier": "osm-way-1262494797"
      }
    },
    {
      "type": "Feature",
      "geometry": {
        "type": "Point",
        "coordinates": [
          34.4670038,
          31.5036263
        ]
      },
      "properties": {
        "id": "osm-damage-way-1262494799",
        "featureType": "critical_infrastructure",
        "infrastructureType": "building_damage_assessment",
        "status": "osm_destroyed",
        "name": "Destroyed (OSM)",
        "responsibleOrganization": "OpenStreetMap contributors",
        "isSynthetic": false,
        "validFrom": "2026-05-06",
        "sourceIdentifier": "osm-way-1262494799"
      }
    },
    {
      "type": "Feature",
      "geometry": {
        "type": "Point",
        "coordinates": [
          34.4668766,
          31.5036815
        ]
      },
      "properties": {
        "id": "osm-damage-way-1262494800",
        "featureType": "critical_infrastructure",
        "infrastructureType": "building_damage_assessment",
        "status": "osm_destroyed",
        "name": "Destroyed (OSM)",
        "responsibleOrganization": "OpenStreetMap contributors",
        "isSynthetic": false,
        "validFrom": "2026-05-06",
        "sourceIdentifier": "osm-way-1262494800"
      }
    },
    {
      "type": "Feature",
      "geometry": {
        "type": "Point",
        "coordinates": [
          34.4668614,
          31.5030517
        ]
      },
      "properties": {
        "id": "osm-damage-way-1262494801",
        "featureType": "critical_infrastructure",
        "infrastructureType": "building_damage_assessment",
        "status": "osm_destroyed",
        "name": "Destroyed (OSM)",
        "responsibleOrganization": "OpenStreetMap contributors",
        "isSynthetic": false,
        "validFrom": "2026-05-06",
        "sourceIdentifier": "osm-way-1262494801"
      }
    },
    {
      "type": "Feature",
      "geometry": {
        "type": "Point",
        "coordinates": [
          34.466926,
          31.5029831
        ]
      },
      "properties": {
        "id": "osm-damage-way-1262494802",
        "featureType": "critical_infrastructure",
        "infrastructureType": "building_damage_assessment",
        "status": "osm_destroyed",
        "name": "Destroyed (OSM)",
        "responsibleOrganization": "OpenStreetMap contributors",
        "isSynthetic": false,
        "validFrom": "2026-05-06",
        "sourceIdentifier": "osm-way-1262494802"
      }
    },
    {
      "type": "Feature",
      "geometry": {
        "type": "Point",
        "coordinates": [
          34.466956,
          31.502947
        ]
      },
      "properties": {
        "id": "osm-damage-way-1262494803",
        "featureType": "critical_infrastructure",
        "infrastructureType": "building_damage_assessment",
        "status": "osm_destroyed",
        "name": "Destroyed (OSM)",
        "responsibleOrganization": "OpenStreetMap contributors",
        "isSynthetic": false,
        "validFrom": "2026-05-06",
        "sourceIdentifier": "osm-way-1262494803"
      }
    },
    {
      "type": "Feature",
      "geometry": {
        "type": "Point",
        "coordinates": [
          34.4682119,
          31.501786
        ]
      },
      "properties": {
        "id": "osm-damage-way-1262554956",
        "featureType": "critical_infrastructure",
        "infrastructureType": "building_damage_assessment",
        "status": "osm_destroyed",
        "name": "Destroyed (OSM)",
        "responsibleOrganization": "OpenStreetMap contributors",
        "isSynthetic": false,
        "validFrom": "2026-05-06",
        "sourceIdentifier": "osm-way-1262554956"
      }
    },
    {
      "type": "Feature",
      "geometry": {
        "type": "Point",
        "coordinates": [
          34.4656684,
          31.5012073
        ]
      },
      "properties": {
        "id": "osm-damage-way-1262623977",
        "featureType": "critical_infrastructure",
        "infrastructureType": "building_damage_assessment",
        "status": "osm_destroyed",
        "name": "Destroyed (OSM)",
        "responsibleOrganization": "OpenStreetMap contributors",
        "isSynthetic": false,
        "validFrom": "2026-05-06",
        "sourceIdentifier": "osm-way-1262623977"
      }
    },
    {
      "type": "Feature",
      "geometry": {
        "type": "Point",
        "coordinates": [
          34.4655633,
          31.5011382
        ]
      },
      "properties": {
        "id": "osm-damage-way-1262624003",
        "featureType": "critical_infrastructure",
        "infrastructureType": "building_damage_assessment",
        "status": "osm_destroyed",
        "name": "Destroyed (OSM)",
        "responsibleOrganization": "OpenStreetMap contributors",
        "isSynthetic": false,
        "validFrom": "2026-05-06",
        "sourceIdentifier": "osm-way-1262624003"
      }
    },
    {
      "type": "Feature",
      "geometry": {
        "type": "Point",
        "coordinates": [
          34.4654279,
          31.501058
        ]
      },
      "properties": {
        "id": "osm-damage-way-1262624004",
        "featureType": "critical_infrastructure",
        "infrastructureType": "building_damage_assessment",
        "status": "osm_destroyed",
        "name": "Destroyed (OSM)",
        "responsibleOrganization": "OpenStreetMap contributors",
        "isSynthetic": false,
        "validFrom": "2026-05-06",
        "sourceIdentifier": "osm-way-1262624004"
      }
    },
    {
      "type": "Feature",
      "geometry": {
        "type": "Point",
        "coordinates": [
          34.4658152,
          31.5011693
        ]
      },
      "properties": {
        "id": "osm-damage-way-1262648624",
        "featureType": "critical_infrastructure",
        "infrastructureType": "building_damage_assessment",
        "status": "osm_destroyed",
        "name": "Destroyed (OSM)",
        "responsibleOrganization": "OpenStreetMap contributors",
        "isSynthetic": false,
        "validFrom": "2026-05-06",
        "sourceIdentifier": "osm-way-1262648624"
      }
    },
    {
      "type": "Feature",
      "geometry": {
        "type": "Point",
        "coordinates": [
          34.4593086,
          31.5067888
        ]
      },
      "properties": {
        "id": "osm-damage-way-1263195002",
        "featureType": "critical_infrastructure",
        "infrastructureType": "building_damage_assessment",
        "status": "osm_destroyed",
        "name": "Destroyed (OSM)",
        "responsibleOrganization": "OpenStreetMap contributors",
        "isSynthetic": false,
        "validFrom": "2026-05-06",
        "sourceIdentifier": "osm-way-1263195002"
      }
    },
    {
      "type": "Feature",
      "geometry": {
        "type": "Point",
        "coordinates": [
          34.4592349,
          31.5067882
        ]
      },
      "properties": {
        "id": "osm-damage-way-1263195003",
        "featureType": "critical_infrastructure",
        "infrastructureType": "building_damage_assessment",
        "status": "osm_destroyed",
        "name": "Destroyed (OSM)",
        "responsibleOrganization": "OpenStreetMap contributors",
        "isSynthetic": false,
        "validFrom": "2026-05-06",
        "sourceIdentifier": "osm-way-1263195003"
      }
    },
    {
      "type": "Feature",
      "geometry": {
        "type": "Point",
        "coordinates": [
          34.4592803,
          31.5067438
        ]
      },
      "properties": {
        "id": "osm-damage-way-1263195004",
        "featureType": "critical_infrastructure",
        "infrastructureType": "building_damage_assessment",
        "status": "osm_destroyed",
        "name": "Destroyed (OSM)",
        "responsibleOrganization": "OpenStreetMap contributors",
        "isSynthetic": false,
        "validFrom": "2026-05-06",
        "sourceIdentifier": "osm-way-1263195004"
      }
    },
    {
      "type": "Feature",
      "geometry": {
        "type": "Point",
        "coordinates": [
          34.4591783,
          31.5064592
        ]
      },
      "properties": {
        "id": "osm-damage-way-1263195005",
        "featureType": "critical_infrastructure",
        "infrastructureType": "building_damage_assessment",
        "status": "osm_destroyed",
        "name": "Destroyed (OSM)",
        "responsibleOrganization": "OpenStreetMap contributors",
        "isSynthetic": false,
        "validFrom": "2026-05-06",
        "sourceIdentifier": "osm-way-1263195005"
      }
    },
    {
      "type": "Feature",
      "geometry": {
        "type": "Point",
        "coordinates": [
          34.4592273,
          31.5066248
        ]
      },
      "properties": {
        "id": "osm-damage-way-1263195006",
        "featureType": "critical_infrastructure",
        "infrastructureType": "building_damage_assessment",
        "status": "osm_destroyed",
        "name": "Destroyed (OSM)",
        "responsibleOrganization": "OpenStreetMap contributors",
        "isSynthetic": false,
        "validFrom": "2026-05-06",
        "sourceIdentifier": "osm-way-1263195006"
      }
    },
    {
      "type": "Feature",
      "geometry": {
        "type": "Point",
        "coordinates": [
          34.459214,
          31.5066693
        ]
      },
      "properties": {
        "id": "osm-damage-way-1263195007",
        "featureType": "critical_infrastructure",
        "infrastructureType": "building_damage_assessment",
        "status": "osm_destroyed",
        "name": "Destroyed (OSM)",
        "responsibleOrganization": "OpenStreetMap contributors",
        "isSynthetic": false,
        "validFrom": "2026-05-06",
        "sourceIdentifier": "osm-way-1263195007"
      }
    },
    {
      "type": "Feature",
      "geometry": {
        "type": "Point",
        "coordinates": [
          34.4592282,
          31.5067049
        ]
      },
      "properties": {
        "id": "osm-damage-way-1263195008",
        "featureType": "critical_infrastructure",
        "infrastructureType": "building_damage_assessment",
        "status": "osm_destroyed",
        "name": "Destroyed (OSM)",
        "responsibleOrganization": "OpenStreetMap contributors",
        "isSynthetic": false,
        "validFrom": "2026-05-06",
        "sourceIdentifier": "osm-way-1263195008"
      }
    },
    {
      "type": "Feature",
      "geometry": {
        "type": "Point",
        "coordinates": [
          34.4590884,
          31.5068614
        ]
      },
      "properties": {
        "id": "osm-damage-way-1263195009",
        "featureType": "critical_infrastructure",
        "infrastructureType": "building_damage_assessment",
        "status": "osm_destroyed",
        "name": "Destroyed (OSM)",
        "responsibleOrganization": "OpenStreetMap contributors",
        "isSynthetic": false,
        "validFrom": "2026-05-06",
        "sourceIdentifier": "osm-way-1263195009"
      }
    },
    {
      "type": "Feature",
      "geometry": {
        "type": "Point",
        "coordinates": [
          34.4591288,
          31.5068038
        ]
      },
      "properties": {
        "id": "osm-damage-way-1263195010",
        "featureType": "critical_infrastructure",
        "infrastructureType": "building_damage_assessment",
        "status": "osm_destroyed",
        "name": "Destroyed (OSM)",
        "responsibleOrganization": "OpenStreetMap contributors",
        "isSynthetic": false,
        "validFrom": "2026-05-06",
        "sourceIdentifier": "osm-way-1263195010"
      }
    },
    {
      "type": "Feature",
      "geometry": {
        "type": "Point",
        "coordinates": [
          34.4590245,
          31.506689
        ]
      },
      "properties": {
        "id": "osm-damage-way-1263195011",
        "featureType": "critical_infrastructure",
        "infrastructureType": "building_damage_assessment",
        "status": "osm_destroyed",
        "name": "Destroyed (OSM)",
        "responsibleOrganization": "OpenStreetMap contributors",
        "isSynthetic": false,
        "validFrom": "2026-05-06",
        "sourceIdentifier": "osm-way-1263195011"
      }
    },
    {
      "type": "Feature",
      "geometry": {
        "type": "Point",
        "coordinates": [
          34.458971,
          31.5065213
        ]
      },
      "properties": {
        "id": "osm-damage-way-1263195012",
        "featureType": "critical_infrastructure",
        "infrastructureType": "building_damage_assessment",
        "status": "osm_destroyed",
        "name": "Destroyed (OSM)",
        "responsibleOrganization": "OpenStreetMap contributors",
        "isSynthetic": false,
        "validFrom": "2026-05-06",
        "sourceIdentifier": "osm-way-1263195012"
      }
    },
    {
      "type": "Feature",
      "geometry": {
        "type": "Point",
        "coordinates": [
          34.4589943,
          31.506604
        ]
      },
      "properties": {
        "id": "osm-damage-way-1263195013",
        "featureType": "critical_infrastructure",
        "infrastructureType": "building_damage_assessment",
        "status": "osm_destroyed",
        "name": "Destroyed (OSM)",
        "responsibleOrganization": "OpenStreetMap contributors",
        "isSynthetic": false,
        "validFrom": "2026-05-06",
        "sourceIdentifier": "osm-way-1263195013"
      }
    },
    {
      "type": "Feature",
      "geometry": {
        "type": "Point",
        "coordinates": [
          34.4590622,
          31.5066784
        ]
      },
      "properties": {
        "id": "osm-damage-way-1263195014",
        "featureType": "critical_infrastructure",
        "infrastructureType": "building_damage_assessment",
        "status": "osm_destroyed",
        "name": "Destroyed (OSM)",
        "responsibleOrganization": "OpenStreetMap contributors",
        "isSynthetic": false,
        "validFrom": "2026-05-06",
        "sourceIdentifier": "osm-way-1263195014"
      }
    },
    {
      "type": "Feature",
      "geometry": {
        "type": "Point",
        "coordinates": [
          34.4590379,
          31.5065887
        ]
      },
      "properties": {
        "id": "osm-damage-way-1263195015",
        "featureType": "critical_infrastructure",
        "infrastructureType": "building_damage_assessment",
        "status": "osm_destroyed",
        "name": "Destroyed (OSM)",
        "responsibleOrganization": "OpenStreetMap contributors",
        "isSynthetic": false,
        "validFrom": "2026-05-06",
        "sourceIdentifier": "osm-way-1263195015"
      }
    },
    {
      "type": "Feature",
      "geometry": {
        "type": "Point",
        "coordinates": [
          34.4590345,
          31.5065304
        ]
      },
      "properties": {
        "id": "osm-damage-way-1263195016",
        "featureType": "critical_infrastructure",
        "infrastructureType": "building_damage_assessment",
        "status": "osm_destroyed",
        "name": "Destroyed (OSM)",
        "responsibleOrganization": "OpenStreetMap contributors",
        "isSynthetic": false,
        "validFrom": "2026-05-06",
        "sourceIdentifier": "osm-way-1263195016"
      }
    },
    {
      "type": "Feature",
      "geometry": {
        "type": "Point",
        "coordinates": [
          34.4590162,
          31.5064643
        ]
      },
      "properties": {
        "id": "osm-damage-way-1263195017",
        "featureType": "critical_infrastructure",
        "infrastructureType": "building_damage_assessment",
        "status": "osm_destroyed",
        "name": "Destroyed (OSM)",
        "responsibleOrganization": "OpenStreetMap contributors",
        "isSynthetic": false,
        "validFrom": "2026-05-06",
        "sourceIdentifier": "osm-way-1263195017"
      }
    },
    {
      "type": "Feature",
      "geometry": {
        "type": "Point",
        "coordinates": [
          34.4585955,
          31.5066501
        ]
      },
      "properties": {
        "id": "osm-damage-way-1263195018",
        "featureType": "critical_infrastructure",
        "infrastructureType": "building_damage_assessment",
        "status": "osm_destroyed",
        "name": "Destroyed (OSM)",
        "responsibleOrganization": "OpenStreetMap contributors",
        "isSynthetic": false,
        "validFrom": "2026-05-06",
        "sourceIdentifier": "osm-way-1263195018"
      }
    },
    {
      "type": "Feature",
      "geometry": {
        "type": "Point",
        "coordinates": [
          34.4586979,
          31.5066009
        ]
      },
      "properties": {
        "id": "osm-damage-way-1263195019",
        "featureType": "critical_infrastructure",
        "infrastructureType": "building_damage_assessment",
        "status": "osm_destroyed",
        "name": "Destroyed (OSM)",
        "responsibleOrganization": "OpenStreetMap contributors",
        "isSynthetic": false,
        "validFrom": "2026-05-06",
        "sourceIdentifier": "osm-way-1263195019"
      }
    },
    {
      "type": "Feature",
      "geometry": {
        "type": "Point",
        "coordinates": [
          34.4588153,
          31.5065185
        ]
      },
      "properties": {
        "id": "osm-damage-way-1263195020",
        "featureType": "critical_infrastructure",
        "infrastructureType": "building_damage_assessment",
        "status": "osm_destroyed",
        "name": "Destroyed (OSM)",
        "responsibleOrganization": "OpenStreetMap contributors",
        "isSynthetic": false,
        "validFrom": "2026-05-06",
        "sourceIdentifier": "osm-way-1263195020"
      }
    },
    {
      "type": "Feature",
      "geometry": {
        "type": "Point",
        "coordinates": [
          34.4588418,
          31.5065871
        ]
      },
      "properties": {
        "id": "osm-damage-way-1263195021",
        "featureType": "critical_infrastructure",
        "infrastructureType": "building_damage_assessment",
        "status": "osm_destroyed",
        "name": "Destroyed (OSM)",
        "responsibleOrganization": "OpenStreetMap contributors",
        "isSynthetic": false,
        "validFrom": "2026-05-06",
        "sourceIdentifier": "osm-way-1263195021"
      }
    },
    {
      "type": "Feature",
      "geometry": {
        "type": "Point",
        "coordinates": [
          34.4588595,
          31.5066579
        ]
      },
      "properties": {
        "id": "osm-damage-way-1263195022",
        "featureType": "critical_infrastructure",
        "infrastructureType": "building_damage_assessment",
        "status": "osm_destroyed",
        "name": "Destroyed (OSM)",
        "responsibleOrganization": "OpenStreetMap contributors",
        "isSynthetic": false,
        "validFrom": "2026-05-06",
        "sourceIdentifier": "osm-way-1263195022"
      }
    },
    {
      "type": "Feature",
      "geometry": {
        "type": "Point",
        "coordinates": [
          34.4588854,
          31.5067288
        ]
      },
      "properties": {
        "id": "osm-damage-way-1263195023",
        "featureType": "critical_infrastructure",
        "infrastructureType": "building_damage_assessment",
        "status": "osm_destroyed",
        "name": "Destroyed (OSM)",
        "responsibleOrganization": "OpenStreetMap contributors",
        "isSynthetic": false,
        "validFrom": "2026-05-06",
        "sourceIdentifier": "osm-way-1263195023"
      }
    },
    {
      "type": "Feature",
      "geometry": {
        "type": "Point",
        "coordinates": [
          34.4589229,
          31.5068404
        ]
      },
      "properties": {
        "id": "osm-damage-way-1263195024",
        "featureType": "critical_infrastructure",
        "infrastructureType": "building_damage_assessment",
        "status": "osm_destroyed",
        "name": "Destroyed (OSM)",
        "responsibleOrganization": "OpenStreetMap contributors",
        "isSynthetic": false,
        "validFrom": "2026-05-06",
        "sourceIdentifier": "osm-way-1263195024"
      }
    },
    {
      "type": "Feature",
      "geometry": {
        "type": "Point",
        "coordinates": [
          34.4588147,
          31.5068798
        ]
      },
      "properties": {
        "id": "osm-damage-way-1263195025",
        "featureType": "critical_infrastructure",
        "infrastructureType": "building_damage_assessment",
        "status": "osm_destroyed",
        "name": "Destroyed (OSM)",
        "responsibleOrganization": "OpenStreetMap contributors",
        "isSynthetic": false,
        "validFrom": "2026-05-06",
        "sourceIdentifier": "osm-way-1263195025"
      }
    },
    {
      "type": "Feature",
      "geometry": {
        "type": "Point",
        "coordinates": [
          34.458776,
          31.506884
        ]
      },
      "properties": {
        "id": "osm-damage-way-1263195026",
        "featureType": "critical_infrastructure",
        "infrastructureType": "building_damage_assessment",
        "status": "osm_destroyed",
        "name": "Destroyed (OSM)",
        "responsibleOrganization": "OpenStreetMap contributors",
        "isSynthetic": false,
        "validFrom": "2026-05-06",
        "sourceIdentifier": "osm-way-1263195026"
      }
    },
    {
      "type": "Feature",
      "geometry": {
        "type": "Point",
        "coordinates": [
          34.4587268,
          31.5068932
        ]
      },
      "properties": {
        "id": "osm-damage-way-1263195027",
        "featureType": "critical_infrastructure",
        "infrastructureType": "building_damage_assessment",
        "status": "osm_destroyed",
        "name": "Destroyed (OSM)",
        "responsibleOrganization": "OpenStreetMap contributors",
        "isSynthetic": false,
        "validFrom": "2026-05-06",
        "sourceIdentifier": "osm-way-1263195027"
      }
    },
    {
      "type": "Feature",
      "geometry": {
        "type": "Point",
        "coordinates": [
          34.4586882,
          31.5069192
        ]
      },
      "properties": {
        "id": "osm-damage-way-1263195028",
        "featureType": "critical_infrastructure",
        "infrastructureType": "building_damage_assessment",
        "status": "osm_destroyed",
        "name": "Destroyed (OSM)",
        "responsibleOrganization": "OpenStreetMap contributors",
        "isSynthetic": false,
        "validFrom": "2026-05-06",
        "sourceIdentifier": "osm-way-1263195028"
      }
    },
    {
      "type": "Feature",
      "geometry": {
        "type": "Point",
        "coordinates": [
          34.4586366,
          31.5069206
        ]
      },
      "properties": {
        "id": "osm-damage-way-1263195029",
        "featureType": "critical_infrastructure",
        "infrastructureType": "building_damage_assessment",
        "status": "osm_destroyed",
        "name": "Destroyed (OSM)",
        "responsibleOrganization": "OpenStreetMap contributors",
        "isSynthetic": false,
        "validFrom": "2026-05-06",
        "sourceIdentifier": "osm-way-1263195029"
      }
    },
    {
      "type": "Feature",
      "geometry": {
        "type": "Point",
        "coordinates": [
          34.4592163,
          31.5069078
        ]
      },
      "properties": {
        "id": "osm-damage-way-1263195030",
        "featureType": "critical_infrastructure",
        "infrastructureType": "building_damage_assessment",
        "status": "osm_destroyed",
        "name": "Destroyed (OSM)",
        "responsibleOrganization": "OpenStreetMap contributors",
        "isSynthetic": false,
        "validFrom": "2026-05-06",
        "sourceIdentifier": "osm-way-1263195030"
      }
    },
    {
      "type": "Feature",
      "geometry": {
        "type": "Point",
        "coordinates": [
          34.4593287,
          31.5068723
        ]
      },
      "properties": {
        "id": "osm-damage-way-1263195031",
        "featureType": "critical_infrastructure",
        "infrastructureType": "building_damage_assessment",
        "status": "osm_destroyed",
        "name": "Destroyed (OSM)",
        "responsibleOrganization": "OpenStreetMap contributors",
        "isSynthetic": false,
        "validFrom": "2026-05-06",
        "sourceIdentifier": "osm-way-1263195031"
      }
    },
    {
      "type": "Feature",
      "geometry": {
        "type": "Point",
        "coordinates": [
          34.4593447,
          31.5069275
        ]
      },
      "properties": {
        "id": "osm-damage-way-1263195032",
        "featureType": "critical_infrastructure",
        "infrastructureType": "building_damage_assessment",
        "status": "osm_destroyed",
        "name": "Destroyed (OSM)",
        "responsibleOrganization": "OpenStreetMap contributors",
        "isSynthetic": false,
        "validFrom": "2026-05-06",
        "sourceIdentifier": "osm-way-1263195032"
      }
    },
    {
      "type": "Feature",
      "geometry": {
        "type": "Point",
        "coordinates": [
          34.4593548,
          31.5069721
        ]
      },
      "properties": {
        "id": "osm-damage-way-1263195033",
        "featureType": "critical_infrastructure",
        "infrastructureType": "building_damage_assessment",
        "status": "osm_destroyed",
        "name": "Destroyed (OSM)",
        "responsibleOrganization": "OpenStreetMap contributors",
        "isSynthetic": false,
        "validFrom": "2026-05-06",
        "sourceIdentifier": "osm-way-1263195033"
      }
    },
    {
      "type": "Feature",
      "geometry": {
        "type": "Point",
        "coordinates": [
          34.4593809,
          31.507053
        ]
      },
      "properties": {
        "id": "osm-damage-way-1263195034",
        "featureType": "critical_infrastructure",
        "infrastructureType": "building_damage_assessment",
        "status": "osm_destroyed",
        "name": "Destroyed (OSM)",
        "responsibleOrganization": "OpenStreetMap contributors",
        "isSynthetic": false,
        "validFrom": "2026-05-06",
        "sourceIdentifier": "osm-way-1263195034"
      }
    },
    {
      "type": "Feature",
      "geometry": {
        "type": "Point",
        "coordinates": [
          34.4594541,
          31.5072949
        ]
      },
      "properties": {
        "id": "osm-damage-way-1263195035",
        "featureType": "critical_infrastructure",
        "infrastructureType": "building_damage_assessment",
        "status": "osm_destroyed",
        "name": "Destroyed (OSM)",
        "responsibleOrganization": "OpenStreetMap contributors",
        "isSynthetic": false,
        "validFrom": "2026-05-06",
        "sourceIdentifier": "osm-way-1263195035"
      }
    },
    {
      "type": "Feature",
      "geometry": {
        "type": "Point",
        "coordinates": [
          34.4594044,
          31.5073445
        ]
      },
      "properties": {
        "id": "osm-damage-way-1263195036",
        "featureType": "critical_infrastructure",
        "infrastructureType": "building_damage_assessment",
        "status": "osm_destroyed",
        "name": "Destroyed (OSM)",
        "responsibleOrganization": "OpenStreetMap contributors",
        "isSynthetic": false,
        "validFrom": "2026-05-06",
        "sourceIdentifier": "osm-way-1263195036"
      }
    },
    {
      "type": "Feature",
      "geometry": {
        "type": "Point",
        "coordinates": [
          34.4593387,
          31.5073405
        ]
      },
      "properties": {
        "id": "osm-damage-way-1263195037",
        "featureType": "critical_infrastructure",
        "infrastructureType": "building_damage_assessment",
        "status": "osm_destroyed",
        "name": "Destroyed (OSM)",
        "responsibleOrganization": "OpenStreetMap contributors",
        "isSynthetic": false,
        "validFrom": "2026-05-06",
        "sourceIdentifier": "osm-way-1263195037"
      }
    },
    {
      "type": "Feature",
      "geometry": {
        "type": "Point",
        "coordinates": [
          34.4592572,
          31.5073331
        ]
      },
      "properties": {
        "id": "osm-damage-way-1263195038",
        "featureType": "critical_infrastructure",
        "infrastructureType": "building_damage_assessment",
        "status": "osm_destroyed",
        "name": "Destroyed (OSM)",
        "responsibleOrganization": "OpenStreetMap contributors",
        "isSynthetic": false,
        "validFrom": "2026-05-06",
        "sourceIdentifier": "osm-way-1263195038"
      }
    },
    {
      "type": "Feature",
      "geometry": {
        "type": "Point",
        "coordinates": [
          34.4592696,
          31.5073714
        ]
      },
      "properties": {
        "id": "osm-damage-way-1263195039",
        "featureType": "critical_infrastructure",
        "infrastructureType": "building_damage_assessment",
        "status": "osm_destroyed",
        "name": "Destroyed (OSM)",
        "responsibleOrganization": "OpenStreetMap contributors",
        "isSynthetic": false,
        "validFrom": "2026-05-06",
        "sourceIdentifier": "osm-way-1263195039"
      }
    },
    {
      "type": "Feature",
      "geometry": {
        "type": "Point",
        "coordinates": [
          34.4591607,
          31.5069577
        ]
      },
      "properties": {
        "id": "osm-damage-way-1263195040",
        "featureType": "critical_infrastructure",
        "infrastructureType": "building_damage_assessment",
        "status": "osm_destroyed",
        "name": "Destroyed (OSM)",
        "responsibleOrganization": "OpenStreetMap contributors",
        "isSynthetic": false,
        "validFrom": "2026-05-06",
        "sourceIdentifier": "osm-way-1263195040"
      }
    },
    {
      "type": "Feature",
      "geometry": {
        "type": "Point",
        "coordinates": [
          34.4591781,
          31.5070095
        ]
      },
      "properties": {
        "id": "osm-damage-way-1263195041",
        "featureType": "critical_infrastructure",
        "infrastructureType": "building_damage_assessment",
        "status": "osm_destroyed",
        "name": "Destroyed (OSM)",
        "responsibleOrganization": "OpenStreetMap contributors",
        "isSynthetic": false,
        "validFrom": "2026-05-06",
        "sourceIdentifier": "osm-way-1263195041"
      }
    },
    {
      "type": "Feature",
      "geometry": {
        "type": "Point",
        "coordinates": [
          34.4591975,
          31.5070696
        ]
      },
      "properties": {
        "id": "osm-damage-way-1263195042",
        "featureType": "critical_infrastructure",
        "infrastructureType": "building_damage_assessment",
        "status": "osm_destroyed",
        "name": "Destroyed (OSM)",
        "responsibleOrganization": "OpenStreetMap contributors",
        "isSynthetic": false,
        "validFrom": "2026-05-06",
        "sourceIdentifier": "osm-way-1263195042"
      }
    },
    {
      "type": "Feature",
      "geometry": {
        "type": "Point",
        "coordinates": [
          34.4592167,
          31.5071358
        ]
      },
      "properties": {
        "id": "osm-damage-way-1263195043",
        "featureType": "critical_infrastructure",
        "infrastructureType": "building_damage_assessment",
        "status": "osm_destroyed",
        "name": "Destroyed (OSM)",
        "responsibleOrganization": "OpenStreetMap contributors",
        "isSynthetic": false,
        "validFrom": "2026-05-06",
        "sourceIdentifier": "osm-way-1263195043"
      }
    },
    {
      "type": "Feature",
      "geometry": {
        "type": "Point",
        "coordinates": [
          34.4592287,
          31.5071882
        ]
      },
      "properties": {
        "id": "osm-damage-way-1263195044",
        "featureType": "critical_infrastructure",
        "infrastructureType": "building_damage_assessment",
        "status": "osm_destroyed",
        "name": "Destroyed (OSM)",
        "responsibleOrganization": "OpenStreetMap contributors",
        "isSynthetic": false,
        "validFrom": "2026-05-06",
        "sourceIdentifier": "osm-way-1263195044"
      }
    },
    {
      "type": "Feature",
      "geometry": {
        "type": "Point",
        "coordinates": [
          34.4592474,
          31.5072511
        ]
      },
      "properties": {
        "id": "osm-damage-way-1263195045",
        "featureType": "critical_infrastructure",
        "infrastructureType": "building_damage_assessment",
        "status": "osm_destroyed",
        "name": "Destroyed (OSM)",
        "responsibleOrganization": "OpenStreetMap contributors",
        "isSynthetic": false,
        "validFrom": "2026-05-06",
        "sourceIdentifier": "osm-way-1263195045"
      }
    },
    {
      "type": "Feature",
      "geometry": {
        "type": "Point",
        "coordinates": [
          34.4589582,
          31.5071785
        ]
      },
      "properties": {
        "id": "osm-damage-way-1263195046",
        "featureType": "critical_infrastructure",
        "infrastructureType": "building_damage_assessment",
        "status": "osm_destroyed",
        "name": "Destroyed (OSM)",
        "responsibleOrganization": "OpenStreetMap contributors",
        "isSynthetic": false,
        "validFrom": "2026-05-06",
        "sourceIdentifier": "osm-way-1263195046"
      }
    },
    {
      "type": "Feature",
      "geometry": {
        "type": "Point",
        "coordinates": [
          34.4589831,
          31.5072523
        ]
      },
      "properties": {
        "id": "osm-damage-way-1263195047",
        "featureType": "critical_infrastructure",
        "infrastructureType": "building_damage_assessment",
        "status": "osm_destroyed",
        "name": "Destroyed (OSM)",
        "responsibleOrganization": "OpenStreetMap contributors",
        "isSynthetic": false,
        "validFrom": "2026-05-06",
        "sourceIdentifier": "osm-way-1263195047"
      }
    },
    {
      "type": "Feature",
      "geometry": {
        "type": "Point",
        "coordinates": [
          34.4587076,
          31.5070949
        ]
      },
      "properties": {
        "id": "osm-damage-way-1263195048",
        "featureType": "critical_infrastructure",
        "infrastructureType": "building_damage_assessment",
        "status": "osm_destroyed",
        "name": "Destroyed (OSM)",
        "responsibleOrganization": "OpenStreetMap contributors",
        "isSynthetic": false,
        "validFrom": "2026-05-06",
        "sourceIdentifier": "osm-way-1263195048"
      }
    },
    {
      "type": "Feature",
      "geometry": {
        "type": "Point",
        "coordinates": [
          34.4587823,
          31.5071639
        ]
      },
      "properties": {
        "id": "osm-damage-way-1263195049",
        "featureType": "critical_infrastructure",
        "infrastructureType": "building_damage_assessment",
        "status": "osm_destroyed",
        "name": "Destroyed (OSM)",
        "responsibleOrganization": "OpenStreetMap contributors",
        "isSynthetic": false,
        "validFrom": "2026-05-06",
        "sourceIdentifier": "osm-way-1263195049"
      }
    },
    {
      "type": "Feature",
      "geometry": {
        "type": "Point",
        "coordinates": [
          34.458807,
          31.5072047
        ]
      },
      "properties": {
        "id": "osm-damage-way-1263195050",
        "featureType": "critical_infrastructure",
        "infrastructureType": "building_damage_assessment",
        "status": "osm_destroyed",
        "name": "Destroyed (OSM)",
        "responsibleOrganization": "OpenStreetMap contributors",
        "isSynthetic": false,
        "validFrom": "2026-05-06",
        "sourceIdentifier": "osm-way-1263195050"
      }
    },
    {
      "type": "Feature",
      "geometry": {
        "type": "Point",
        "coordinates": [
          34.4588452,
          31.5072745
        ]
      },
      "properties": {
        "id": "osm-damage-way-1263195051",
        "featureType": "critical_infrastructure",
        "infrastructureType": "building_damage_assessment",
        "status": "osm_destroyed",
        "name": "Destroyed (OSM)",
        "responsibleOrganization": "OpenStreetMap contributors",
        "isSynthetic": false,
        "validFrom": "2026-05-06",
        "sourceIdentifier": "osm-way-1263195051"
      }
    },
    {
      "type": "Feature",
      "geometry": {
        "type": "Point",
        "coordinates": [
          34.4588818,
          31.5073267
        ]
      },
      "properties": {
        "id": "osm-damage-way-1263195052",
        "featureType": "critical_infrastructure",
        "infrastructureType": "building_damage_assessment",
        "status": "osm_destroyed",
        "name": "Destroyed (OSM)",
        "responsibleOrganization": "OpenStreetMap contributors",
        "isSynthetic": false,
        "validFrom": "2026-05-06",
        "sourceIdentifier": "osm-way-1263195052"
      }
    },
    {
      "type": "Feature",
      "geometry": {
        "type": "Point",
        "coordinates": [
          34.4589098,
          31.5073768
        ]
      },
      "properties": {
        "id": "osm-damage-way-1263195053",
        "featureType": "critical_infrastructure",
        "infrastructureType": "building_damage_assessment",
        "status": "osm_destroyed",
        "name": "Destroyed (OSM)",
        "responsibleOrganization": "OpenStreetMap contributors",
        "isSynthetic": false,
        "validFrom": "2026-05-06",
        "sourceIdentifier": "osm-way-1263195053"
      }
    },
    {
      "type": "Feature",
      "geometry": {
        "type": "Point",
        "coordinates": [
          34.4589074,
          31.5074252
        ]
      },
      "properties": {
        "id": "osm-damage-way-1263195054",
        "featureType": "critical_infrastructure",
        "infrastructureType": "building_damage_assessment",
        "status": "osm_destroyed",
        "name": "Destroyed (OSM)",
        "responsibleOrganization": "OpenStreetMap contributors",
        "isSynthetic": false,
        "validFrom": "2026-05-06",
        "sourceIdentifier": "osm-way-1263195054"
      }
    },
    {
      "type": "Feature",
      "geometry": {
        "type": "Point",
        "coordinates": [
          34.4590312,
          31.507388
        ]
      },
      "properties": {
        "id": "osm-damage-way-1263195055",
        "featureType": "critical_infrastructure",
        "infrastructureType": "building_damage_assessment",
        "status": "osm_destroyed",
        "name": "Destroyed (OSM)",
        "responsibleOrganization": "OpenStreetMap contributors",
        "isSynthetic": false,
        "validFrom": "2026-05-06",
        "sourceIdentifier": "osm-way-1263195055"
      }
    },
    {
      "type": "Feature",
      "geometry": {
        "type": "Point",
        "coordinates": [
          34.4589387,
          31.5074737
        ]
      },
      "properties": {
        "id": "osm-damage-way-1263195056",
        "featureType": "critical_infrastructure",
        "infrastructureType": "building_damage_assessment",
        "status": "osm_destroyed",
        "name": "Destroyed (OSM)",
        "responsibleOrganization": "OpenStreetMap contributors",
        "isSynthetic": false,
        "validFrom": "2026-05-06",
        "sourceIdentifier": "osm-way-1263195056"
      }
    },
    {
      "type": "Feature",
      "geometry": {
        "type": "Point",
        "coordinates": [
          34.4589631,
          31.507508
        ]
      },
      "properties": {
        "id": "osm-damage-way-1263195057",
        "featureType": "critical_infrastructure",
        "infrastructureType": "building_damage_assessment",
        "status": "osm_destroyed",
        "name": "Destroyed (OSM)",
        "responsibleOrganization": "OpenStreetMap contributors",
        "isSynthetic": false,
        "validFrom": "2026-05-06",
        "sourceIdentifier": "osm-way-1263195057"
      }
    },
    {
      "type": "Feature",
      "geometry": {
        "type": "Point",
        "coordinates": [
          34.4589859,
          31.5075337
        ]
      },
      "properties": {
        "id": "osm-damage-way-1263195058",
        "featureType": "critical_infrastructure",
        "infrastructureType": "building_damage_assessment",
        "status": "osm_destroyed",
        "name": "Destroyed (OSM)",
        "responsibleOrganization": "OpenStreetMap contributors",
        "isSynthetic": false,
        "validFrom": "2026-05-06",
        "sourceIdentifier": "osm-way-1263195058"
      }
    },
    {
      "type": "Feature",
      "geometry": {
        "type": "Point",
        "coordinates": [
          34.4589883,
          31.5075687
        ]
      },
      "properties": {
        "id": "osm-damage-way-1263195059",
        "featureType": "critical_infrastructure",
        "infrastructureType": "building_damage_assessment",
        "status": "osm_destroyed",
        "name": "Destroyed (OSM)",
        "responsibleOrganization": "OpenStreetMap contributors",
        "isSynthetic": false,
        "validFrom": "2026-05-06",
        "sourceIdentifier": "osm-way-1263195059"
      }
    },
    {
      "type": "Feature",
      "geometry": {
        "type": "Point",
        "coordinates": [
          34.4589828,
          31.5069739
        ]
      },
      "properties": {
        "id": "osm-damage-way-1263195060",
        "featureType": "critical_infrastructure",
        "infrastructureType": "building_damage_assessment",
        "status": "osm_destroyed",
        "name": "Destroyed (OSM)",
        "responsibleOrganization": "OpenStreetMap contributors",
        "isSynthetic": false,
        "validFrom": "2026-05-06",
        "sourceIdentifier": "osm-way-1263195060"
      }
    },
    {
      "type": "Feature",
      "geometry": {
        "type": "Point",
        "coordinates": [
          34.4589254,
          31.5070594
        ]
      },
      "properties": {
        "id": "osm-damage-way-1263195061",
        "featureType": "critical_infrastructure",
        "infrastructureType": "building_damage_assessment",
        "status": "osm_destroyed",
        "name": "Destroyed (OSM)",
        "responsibleOrganization": "OpenStreetMap contributors",
        "isSynthetic": false,
        "validFrom": "2026-05-06",
        "sourceIdentifier": "osm-way-1263195061"
      }
    },
    {
      "type": "Feature",
      "geometry": {
        "type": "Point",
        "coordinates": [
          34.4590029,
          31.5070437
        ]
      },
      "properties": {
        "id": "osm-damage-way-1263195062",
        "featureType": "critical_infrastructure",
        "infrastructureType": "building_damage_assessment",
        "status": "osm_destroyed",
        "name": "Destroyed (OSM)",
        "responsibleOrganization": "OpenStreetMap contributors",
        "isSynthetic": false,
        "validFrom": "2026-05-06",
        "sourceIdentifier": "osm-way-1263195062"
      }
    },
    {
      "type": "Feature",
      "geometry": {
        "type": "Point",
        "coordinates": [
          34.4589955,
          31.5071204
        ]
      },
      "properties": {
        "id": "osm-damage-way-1263195063",
        "featureType": "critical_infrastructure",
        "infrastructureType": "building_damage_assessment",
        "status": "osm_destroyed",
        "name": "Destroyed (OSM)",
        "responsibleOrganization": "OpenStreetMap contributors",
        "isSynthetic": false,
        "validFrom": "2026-05-06",
        "sourceIdentifier": "osm-way-1263195063"
      }
    },
    {
      "type": "Feature",
      "geometry": {
        "type": "Point",
        "coordinates": [
          34.4590503,
          31.5071666
        ]
      },
      "properties": {
        "id": "osm-damage-way-1263195064",
        "featureType": "critical_infrastructure",
        "infrastructureType": "building_damage_assessment",
        "status": "osm_destroyed",
        "name": "Destroyed (OSM)",
        "responsibleOrganization": "OpenStreetMap contributors",
        "isSynthetic": false,
        "validFrom": "2026-05-06",
        "sourceIdentifier": "osm-way-1263195064"
      }
    },
    {
      "type": "Feature",
      "geometry": {
        "type": "Point",
        "coordinates": [
          34.4590596,
          31.5071995
        ]
      },
      "properties": {
        "id": "osm-damage-way-1263195065",
        "featureType": "critical_infrastructure",
        "infrastructureType": "building_damage_assessment",
        "status": "osm_destroyed",
        "name": "Destroyed (OSM)",
        "responsibleOrganization": "OpenStreetMap contributors",
        "isSynthetic": false,
        "validFrom": "2026-05-06",
        "sourceIdentifier": "osm-way-1263195065"
      }
    },
    {
      "type": "Feature",
      "geometry": {
        "type": "Point",
        "coordinates": [
          34.4590686,
          31.5072328
        ]
      },
      "properties": {
        "id": "osm-damage-way-1263195066",
        "featureType": "critical_infrastructure",
        "infrastructureType": "building_damage_assessment",
        "status": "osm_destroyed",
        "name": "Destroyed (OSM)",
        "responsibleOrganization": "OpenStreetMap contributors",
        "isSynthetic": false,
        "validFrom": "2026-05-06",
        "sourceIdentifier": "osm-way-1263195066"
      }
    },
    {
      "type": "Feature",
      "geometry": {
        "type": "Point",
        "coordinates": [
          34.4590726,
          31.5073056
        ]
      },
      "properties": {
        "id": "osm-damage-way-1263195068",
        "featureType": "critical_infrastructure",
        "infrastructureType": "building_damage_assessment",
        "status": "osm_destroyed",
        "name": "Destroyed (OSM)",
        "responsibleOrganization": "OpenStreetMap contributors",
        "isSynthetic": false,
        "validFrom": "2026-05-06",
        "sourceIdentifier": "osm-way-1263195068"
      }
    },
    {
      "type": "Feature",
      "geometry": {
        "type": "Point",
        "coordinates": [
          34.4590927,
          31.50734
        ]
      },
      "properties": {
        "id": "osm-damage-way-1263195069",
        "featureType": "critical_infrastructure",
        "infrastructureType": "building_damage_assessment",
        "status": "osm_destroyed",
        "name": "Destroyed (OSM)",
        "responsibleOrganization": "OpenStreetMap contributors",
        "isSynthetic": false,
        "validFrom": "2026-05-06",
        "sourceIdentifier": "osm-way-1263195069"
      }
    },
    {
      "type": "Feature",
      "geometry": {
        "type": "Point",
        "coordinates": [
          34.4591037,
          31.5073747
        ]
      },
      "properties": {
        "id": "osm-damage-way-1263195070",
        "featureType": "critical_infrastructure",
        "infrastructureType": "building_damage_assessment",
        "status": "osm_destroyed",
        "name": "Destroyed (OSM)",
        "responsibleOrganization": "OpenStreetMap contributors",
        "isSynthetic": false,
        "validFrom": "2026-05-06",
        "sourceIdentifier": "osm-way-1263195070"
      }
    },
    {
      "type": "Feature",
      "geometry": {
        "type": "Point",
        "coordinates": [
          34.4585998,
          31.5079568
        ]
      },
      "properties": {
        "id": "osm-damage-way-1263195071",
        "featureType": "critical_infrastructure",
        "infrastructureType": "building_damage_assessment",
        "status": "osm_destroyed",
        "name": "Destroyed (OSM)",
        "responsibleOrganization": "OpenStreetMap contributors",
        "isSynthetic": false,
        "validFrom": "2026-05-06",
        "sourceIdentifier": "osm-way-1263195071"
      }
    },
    {
      "type": "Feature",
      "geometry": {
        "type": "Point",
        "coordinates": [
          34.4586658,
          31.5079971
        ]
      },
      "properties": {
        "id": "osm-damage-way-1263195072",
        "featureType": "critical_infrastructure",
        "infrastructureType": "building_damage_assessment",
        "status": "osm_destroyed",
        "name": "Destroyed (OSM)",
        "responsibleOrganization": "OpenStreetMap contributors",
        "isSynthetic": false,
        "validFrom": "2026-05-06",
        "sourceIdentifier": "osm-way-1263195072"
      }
    },
    {
      "type": "Feature",
      "geometry": {
        "type": "Point",
        "coordinates": [
          34.4586524,
          31.5079155
        ]
      },
      "properties": {
        "id": "osm-damage-way-1263195073",
        "featureType": "critical_infrastructure",
        "infrastructureType": "building_damage_assessment",
        "status": "osm_destroyed",
        "name": "Destroyed (OSM)",
        "responsibleOrganization": "OpenStreetMap contributors",
        "isSynthetic": false,
        "validFrom": "2026-05-06",
        "sourceIdentifier": "osm-way-1263195073"
      }
    },
    {
      "type": "Feature",
      "geometry": {
        "type": "Point",
        "coordinates": [
          34.4587442,
          31.5078471
        ]
      },
      "properties": {
        "id": "osm-damage-way-1263195074",
        "featureType": "critical_infrastructure",
        "infrastructureType": "building_damage_assessment",
        "status": "osm_destroyed",
        "name": "Destroyed (OSM)",
        "responsibleOrganization": "OpenStreetMap contributors",
        "isSynthetic": false,
        "validFrom": "2026-05-06",
        "sourceIdentifier": "osm-way-1263195074"
      }
    },
    {
      "type": "Feature",
      "geometry": {
        "type": "Point",
        "coordinates": [
          34.4587956,
          31.5078994
        ]
      },
      "properties": {
        "id": "osm-damage-way-1263195075",
        "featureType": "critical_infrastructure",
        "infrastructureType": "building_damage_assessment",
        "status": "osm_destroyed",
        "name": "Destroyed (OSM)",
        "responsibleOrganization": "OpenStreetMap contributors",
        "isSynthetic": false,
        "validFrom": "2026-05-06",
        "sourceIdentifier": "osm-way-1263195075"
      }
    },
    {
      "type": "Feature",
      "geometry": {
        "type": "Point",
        "coordinates": [
          34.4590982,
          31.5075956
        ]
      },
      "properties": {
        "id": "osm-damage-way-1263195076",
        "featureType": "critical_infrastructure",
        "infrastructureType": "building_damage_assessment",
        "status": "osm_destroyed",
        "name": "Destroyed (OSM)",
        "responsibleOrganization": "OpenStreetMap contributors",
        "isSynthetic": false,
        "validFrom": "2026-05-06",
        "sourceIdentifier": "osm-way-1263195076"
      }
    },
    {
      "type": "Feature",
      "geometry": {
        "type": "Point",
        "coordinates": [
          34.4589273,
          31.5077098
        ]
      },
      "properties": {
        "id": "osm-damage-way-1263195077",
        "featureType": "critical_infrastructure",
        "infrastructureType": "building_damage_assessment",
        "status": "osm_destroyed",
        "name": "Destroyed (OSM)",
        "responsibleOrganization": "OpenStreetMap contributors",
        "isSynthetic": false,
        "validFrom": "2026-05-06",
        "sourceIdentifier": "osm-way-1263195077"
      }
    },
    {
      "type": "Feature",
      "geometry": {
        "type": "Point",
        "coordinates": [
          34.4588887,
          31.5077367
        ]
      },
      "properties": {
        "id": "osm-damage-way-1263195078",
        "featureType": "critical_infrastructure",
        "infrastructureType": "building_damage_assessment",
        "status": "osm_destroyed",
        "name": "Destroyed (OSM)",
        "responsibleOrganization": "OpenStreetMap contributors",
        "isSynthetic": false,
        "validFrom": "2026-05-06",
        "sourceIdentifier": "osm-way-1263195078"
      }
    },
    {
      "type": "Feature",
      "geometry": {
        "type": "Point",
        "coordinates": [
          34.4588532,
          31.5077625
        ]
      },
      "properties": {
        "id": "osm-damage-way-1263195079",
        "featureType": "critical_infrastructure",
        "infrastructureType": "building_damage_assessment",
        "status": "osm_destroyed",
        "name": "Destroyed (OSM)",
        "responsibleOrganization": "OpenStreetMap contributors",
        "isSynthetic": false,
        "validFrom": "2026-05-06",
        "sourceIdentifier": "osm-way-1263195079"
      }
    },
    {
      "type": "Feature",
      "geometry": {
        "type": "Point",
        "coordinates": [
          34.458823,
          31.5077862
        ]
      },
      "properties": {
        "id": "osm-damage-way-1263195080",
        "featureType": "critical_infrastructure",
        "infrastructureType": "building_damage_assessment",
        "status": "osm_destroyed",
        "name": "Destroyed (OSM)",
        "responsibleOrganization": "OpenStreetMap contributors",
        "isSynthetic": false,
        "validFrom": "2026-05-06",
        "sourceIdentifier": "osm-way-1263195080"
      }
    },
    {
      "type": "Feature",
      "geometry": {
        "type": "Point",
        "coordinates": [
          34.4589404,
          31.5078022
        ]
      },
      "properties": {
        "id": "osm-damage-way-1263195081",
        "featureType": "critical_infrastructure",
        "infrastructureType": "building_damage_assessment",
        "status": "osm_destroyed",
        "name": "Destroyed (OSM)",
        "responsibleOrganization": "OpenStreetMap contributors",
        "isSynthetic": false,
        "validFrom": "2026-05-06",
        "sourceIdentifier": "osm-way-1263195081"
      }
    },
    {
      "type": "Feature",
      "geometry": {
        "type": "Point",
        "coordinates": [
          34.459055,
          31.5077227
        ]
      },
      "properties": {
        "id": "osm-damage-way-1263195082",
        "featureType": "critical_infrastructure",
        "infrastructureType": "building_damage_assessment",
        "status": "osm_destroyed",
        "name": "Destroyed (OSM)",
        "responsibleOrganization": "OpenStreetMap contributors",
        "isSynthetic": false,
        "validFrom": "2026-05-06",
        "sourceIdentifier": "osm-way-1263195082"
      }
    },
    {
      "type": "Feature",
      "geometry": {
        "type": "Point",
        "coordinates": [
          34.4591178,
          31.5076773
        ]
      },
      "properties": {
        "id": "osm-damage-way-1263195083",
        "featureType": "critical_infrastructure",
        "infrastructureType": "building_damage_assessment",
        "status": "osm_destroyed",
        "name": "Destroyed (OSM)",
        "responsibleOrganization": "OpenStreetMap contributors",
        "isSynthetic": false,
        "validFrom": "2026-05-06",
        "sourceIdentifier": "osm-way-1263195083"
      }
    },
    {
      "type": "Feature",
      "geometry": {
        "type": "Point",
        "coordinates": [
          34.4670356,
          31.5039855
        ]
      },
      "properties": {
        "id": "osm-damage-way-1263270636",
        "featureType": "critical_infrastructure",
        "infrastructureType": "building_damage_assessment",
        "status": "osm_destroyed",
        "name": "Destroyed (OSM)",
        "responsibleOrganization": "OpenStreetMap contributors",
        "isSynthetic": false,
        "validFrom": "2026-05-06",
        "sourceIdentifier": "osm-way-1263270636"
      }
    },
    {
      "type": "Feature",
      "geometry": {
        "type": "Point",
        "coordinates": [
          34.45832,
          31.5068073
        ]
      },
      "properties": {
        "id": "osm-damage-way-1263364700",
        "featureType": "critical_infrastructure",
        "infrastructureType": "building_damage_assessment",
        "status": "osm_destroyed",
        "name": "Destroyed (OSM)",
        "responsibleOrganization": "OpenStreetMap contributors",
        "isSynthetic": false,
        "validFrom": "2026-05-06",
        "sourceIdentifier": "osm-way-1263364700"
      }
    },
    {
      "type": "Feature",
      "geometry": {
        "type": "Point",
        "coordinates": [
          34.4585875,
          31.5070973
        ]
      },
      "properties": {
        "id": "osm-damage-way-1263364701",
        "featureType": "critical_infrastructure",
        "infrastructureType": "building_damage_assessment",
        "status": "osm_destroyed",
        "name": "Destroyed (OSM)",
        "responsibleOrganization": "OpenStreetMap contributors",
        "isSynthetic": false,
        "validFrom": "2026-05-06",
        "sourceIdentifier": "osm-way-1263364701"
      }
    },
    {
      "type": "Feature",
      "geometry": {
        "type": "Point",
        "coordinates": [
          34.4584835,
          31.5071146
        ]
      },
      "properties": {
        "id": "osm-damage-way-1263364702",
        "featureType": "critical_infrastructure",
        "infrastructureType": "building_damage_assessment",
        "status": "osm_destroyed",
        "name": "Destroyed (OSM)",
        "responsibleOrganization": "OpenStreetMap contributors",
        "isSynthetic": false,
        "validFrom": "2026-05-06",
        "sourceIdentifier": "osm-way-1263364702"
      }
    },
    {
      "type": "Feature",
      "geometry": {
        "type": "Point",
        "coordinates": [
          34.4583714,
          31.5072448
        ]
      },
      "properties": {
        "id": "osm-damage-way-1263364703",
        "featureType": "critical_infrastructure",
        "infrastructureType": "building_damage_assessment",
        "status": "osm_destroyed",
        "name": "Destroyed (OSM)",
        "responsibleOrganization": "OpenStreetMap contributors",
        "isSynthetic": false,
        "validFrom": "2026-05-06",
        "sourceIdentifier": "osm-way-1263364703"
      }
    },
    {
      "type": "Feature",
      "geometry": {
        "type": "Point",
        "coordinates": [
          34.4583883,
          31.5081079
        ]
      },
      "properties": {
        "id": "osm-damage-way-1263364704",
        "featureType": "critical_infrastructure",
        "infrastructureType": "building_damage_assessment",
        "status": "osm_destroyed",
        "name": "Destroyed (OSM)",
        "responsibleOrganization": "OpenStreetMap contributors",
        "isSynthetic": false,
        "validFrom": "2026-05-06",
        "sourceIdentifier": "osm-way-1263364704"
      }
    },
    {
      "type": "Feature",
      "geometry": {
        "type": "Point",
        "coordinates": [
          34.4584299,
          31.5080622
        ]
      },
      "properties": {
        "id": "osm-damage-way-1263364705",
        "featureType": "critical_infrastructure",
        "infrastructureType": "building_damage_assessment",
        "status": "osm_destroyed",
        "name": "Destroyed (OSM)",
        "responsibleOrganization": "OpenStreetMap contributors",
        "isSynthetic": false,
        "validFrom": "2026-05-06",
        "sourceIdentifier": "osm-way-1263364705"
      }
    },
    {
      "type": "Feature",
      "geometry": {
        "type": "Point",
        "coordinates": [
          34.4585842,
          31.5080427
        ]
      },
      "properties": {
        "id": "osm-damage-way-1263364706",
        "featureType": "critical_infrastructure",
        "infrastructureType": "building_damage_assessment",
        "status": "osm_destroyed",
        "name": "Destroyed (OSM)",
        "responsibleOrganization": "OpenStreetMap contributors",
        "isSynthetic": false,
        "validFrom": "2026-05-06",
        "sourceIdentifier": "osm-way-1263364706"
      }
    },
    {
      "type": "Feature",
      "geometry": {
        "type": "Point",
        "coordinates": [
          34.4585196,
          31.5080977
        ]
      },
      "properties": {
        "id": "osm-damage-way-1263364707",
        "featureType": "critical_infrastructure",
        "infrastructureType": "building_damage_assessment",
        "status": "osm_destroyed",
        "name": "Destroyed (OSM)",
        "responsibleOrganization": "OpenStreetMap contributors",
        "isSynthetic": false,
        "validFrom": "2026-05-06",
        "sourceIdentifier": "osm-way-1263364707"
      }
    },
    {
      "type": "Feature",
      "geometry": {
        "type": "Point",
        "coordinates": [
          34.4654805,
          31.5014501
        ]
      },
      "properties": {
        "id": "osm-damage-way-1263418085",
        "featureType": "critical_infrastructure",
        "infrastructureType": "building_damage_assessment",
        "status": "osm_destroyed",
        "name": "Destroyed (OSM)",
        "responsibleOrganization": "OpenStreetMap contributors",
        "isSynthetic": false,
        "validFrom": "2026-05-06",
        "sourceIdentifier": "osm-way-1263418085"
      }
    },
    {
      "type": "Feature",
      "geometry": {
        "type": "Point",
        "coordinates": [
          34.4659006,
          31.5013983
        ]
      },
      "properties": {
        "id": "osm-damage-way-1263418086",
        "featureType": "critical_infrastructure",
        "infrastructureType": "building_damage_assessment",
        "status": "osm_destroyed",
        "name": "Destroyed (OSM)",
        "responsibleOrganization": "OpenStreetMap contributors",
        "isSynthetic": false,
        "validFrom": "2026-05-06",
        "sourceIdentifier": "osm-way-1263418086"
      }
    },
    {
      "type": "Feature",
      "geometry": {
        "type": "Point",
        "coordinates": [
          34.465447,
          31.5012765
        ]
      },
      "properties": {
        "id": "osm-damage-way-1263432636",
        "featureType": "critical_infrastructure",
        "infrastructureType": "building_damage_assessment",
        "status": "osm_destroyed",
        "name": "Destroyed (OSM)",
        "responsibleOrganization": "OpenStreetMap contributors",
        "isSynthetic": false,
        "validFrom": "2026-05-06",
        "sourceIdentifier": "osm-way-1263432636"
      }
    },
    {
      "type": "Feature",
      "geometry": {
        "type": "Point",
        "coordinates": [
          34.4588354,
          31.5069262
        ]
      },
      "properties": {
        "id": "osm-damage-way-1263445557",
        "featureType": "critical_infrastructure",
        "infrastructureType": "building_damage_assessment",
        "status": "osm_destroyed",
        "name": "Destroyed (OSM)",
        "responsibleOrganization": "OpenStreetMap contributors",
        "isSynthetic": false,
        "validFrom": "2026-05-06",
        "sourceIdentifier": "osm-way-1263445557"
      }
    },
    {
      "type": "Feature",
      "geometry": {
        "type": "Point",
        "coordinates": [
          34.4593465,
          31.5071197
        ]
      },
      "properties": {
        "id": "osm-damage-way-1263445558",
        "featureType": "critical_infrastructure",
        "infrastructureType": "building_damage_assessment",
        "status": "osm_destroyed",
        "name": "Destroyed (OSM)",
        "responsibleOrganization": "OpenStreetMap contributors",
        "isSynthetic": false,
        "validFrom": "2026-05-06",
        "sourceIdentifier": "osm-way-1263445558"
      }
    },
    {
      "type": "Feature",
      "geometry": {
        "type": "Point",
        "coordinates": [
          34.4593917,
          31.5071363
        ]
      },
      "properties": {
        "id": "osm-damage-way-1263445559",
        "featureType": "critical_infrastructure",
        "infrastructureType": "building_damage_assessment",
        "status": "osm_destroyed",
        "name": "Destroyed (OSM)",
        "responsibleOrganization": "OpenStreetMap contributors",
        "isSynthetic": false,
        "validFrom": "2026-05-06",
        "sourceIdentifier": "osm-way-1263445559"
      }
    },
    {
      "type": "Feature",
      "geometry": {
        "type": "Point",
        "coordinates": [
          34.4592724,
          31.5074047
        ]
      },
      "properties": {
        "id": "osm-damage-way-1263445560",
        "featureType": "critical_infrastructure",
        "infrastructureType": "building_damage_assessment",
        "status": "osm_destroyed",
        "name": "Destroyed (OSM)",
        "responsibleOrganization": "OpenStreetMap contributors",
        "isSynthetic": false,
        "validFrom": "2026-05-06",
        "sourceIdentifier": "osm-way-1263445560"
      }
    },
    {
      "type": "Feature",
      "geometry": {
        "type": "Point",
        "coordinates": [
          34.4590304,
          31.5074669
        ]
      },
      "properties": {
        "id": "osm-damage-way-1263445561",
        "featureType": "critical_infrastructure",
        "infrastructureType": "building_damage_assessment",
        "status": "osm_destroyed",
        "name": "Destroyed (OSM)",
        "responsibleOrganization": "OpenStreetMap contributors",
        "isSynthetic": false,
        "validFrom": "2026-05-06",
        "sourceIdentifier": "osm-way-1263445561"
      }
    },
    {
      "type": "Feature",
      "geometry": {
        "type": "Point",
        "coordinates": [
          34.4590677,
          31.5069607
        ]
      },
      "properties": {
        "id": "osm-damage-way-1263448857",
        "featureType": "critical_infrastructure",
        "infrastructureType": "building_damage_assessment",
        "status": "osm_destroyed",
        "name": "Destroyed (OSM)",
        "responsibleOrganization": "OpenStreetMap contributors",
        "isSynthetic": false,
        "validFrom": "2026-05-06",
        "sourceIdentifier": "osm-way-1263448857"
      }
    },
    {
      "type": "Feature",
      "geometry": {
        "type": "Point",
        "coordinates": [
          34.4667656,
          31.5038897
        ]
      },
      "properties": {
        "id": "osm-damage-way-1263600724",
        "featureType": "critical_infrastructure",
        "infrastructureType": "building_damage_assessment",
        "status": "osm_destroyed",
        "name": "Destroyed (OSM)",
        "responsibleOrganization": "OpenStreetMap contributors",
        "isSynthetic": false,
        "validFrom": "2026-05-06",
        "sourceIdentifier": "osm-way-1263600724"
      }
    },
    {
      "type": "Feature",
      "geometry": {
        "type": "Point",
        "coordinates": [
          34.4394926,
          31.4778002
        ]
      },
      "properties": {
        "id": "osm-damage-way-1264161232",
        "featureType": "critical_infrastructure",
        "infrastructureType": "building_damage_assessment",
        "status": "osm_destroyed",
        "name": "Destroyed (OSM)",
        "responsibleOrganization": "OpenStreetMap contributors",
        "isSynthetic": false,
        "validFrom": "2026-05-06",
        "sourceIdentifier": "osm-way-1264161232"
      }
    },
    {
      "type": "Feature",
      "geometry": {
        "type": "Point",
        "coordinates": [
          34.435215,
          31.474534
        ]
      },
      "properties": {
        "id": "osm-damage-way-1264196184",
        "featureType": "critical_infrastructure",
        "infrastructureType": "building_damage_assessment",
        "status": "osm_destroyed",
        "name": "Destroyed (OSM)",
        "responsibleOrganization": "OpenStreetMap contributors",
        "isSynthetic": false,
        "validFrom": "2026-05-06",
        "sourceIdentifier": "osm-way-1264196184"
      }
    },
    {
      "type": "Feature",
      "geometry": {
        "type": "Point",
        "coordinates": [
          34.4444901,
          31.475624
        ]
      },
      "properties": {
        "id": "osm-damage-way-1264199017",
        "featureType": "critical_infrastructure",
        "infrastructureType": "building_damage_assessment",
        "status": "osm_destroyed",
        "name": "Destroyed (OSM)",
        "responsibleOrganization": "OpenStreetMap contributors",
        "isSynthetic": false,
        "validFrom": "2026-05-06",
        "sourceIdentifier": "osm-way-1264199017"
      }
    },
    {
      "type": "Feature",
      "geometry": {
        "type": "Point",
        "coordinates": [
          34.4443512,
          31.475733
        ]
      },
      "properties": {
        "id": "osm-damage-way-1264199018",
        "featureType": "critical_infrastructure",
        "infrastructureType": "building_damage_assessment",
        "status": "osm_destroyed",
        "name": "Destroyed (OSM)",
        "responsibleOrganization": "OpenStreetMap contributors",
        "isSynthetic": false,
        "validFrom": "2026-05-06",
        "sourceIdentifier": "osm-way-1264199018"
      }
    },
    {
      "type": "Feature",
      "geometry": {
        "type": "Point",
        "coordinates": [
          34.444356,
          31.4756329
        ]
      },
      "properties": {
        "id": "osm-damage-way-1264199019",
        "featureType": "critical_infrastructure",
        "infrastructureType": "building_damage_assessment",
        "status": "osm_destroyed",
        "name": "Destroyed (OSM)",
        "responsibleOrganization": "OpenStreetMap contributors",
        "isSynthetic": false,
        "validFrom": "2026-05-06",
        "sourceIdentifier": "osm-way-1264199019"
      }
    },
    {
      "type": "Feature",
      "geometry": {
        "type": "Point",
        "coordinates": [
          34.4445115,
          31.4757962
        ]
      },
      "properties": {
        "id": "osm-damage-way-1264199021",
        "featureType": "critical_infrastructure",
        "infrastructureType": "building_damage_assessment",
        "status": "osm_destroyed",
        "name": "Destroyed (OSM)",
        "responsibleOrganization": "OpenStreetMap contributors",
        "isSynthetic": false,
        "validFrom": "2026-05-06",
        "sourceIdentifier": "osm-way-1264199021"
      }
    },
    {
      "type": "Feature",
      "geometry": {
        "type": "Point",
        "coordinates": [
          34.4446036,
          31.4760675
        ]
      },
      "properties": {
        "id": "osm-damage-way-1264199035",
        "featureType": "critical_infrastructure",
        "infrastructureType": "building_damage_assessment",
        "status": "osm_destroyed",
        "name": "Destroyed (OSM)",
        "responsibleOrganization": "OpenStreetMap contributors",
        "isSynthetic": false,
        "validFrom": "2026-05-06",
        "sourceIdentifier": "osm-way-1264199035"
      }
    },
    {
      "type": "Feature",
      "geometry": {
        "type": "Point",
        "coordinates": [
          34.4438416,
          31.4757159
        ]
      },
      "properties": {
        "id": "osm-damage-way-1264199036",
        "featureType": "critical_infrastructure",
        "infrastructureType": "building_damage_assessment",
        "status": "osm_destroyed",
        "name": "Destroyed (OSM)",
        "responsibleOrganization": "OpenStreetMap contributors",
        "isSynthetic": false,
        "validFrom": "2026-05-06",
        "sourceIdentifier": "osm-way-1264199036"
      }
    },
    {
      "type": "Feature",
      "geometry": {
        "type": "Point",
        "coordinates": [
          34.4446686,
          31.4756599
        ]
      },
      "properties": {
        "id": "osm-damage-way-1264202823",
        "featureType": "critical_infrastructure",
        "infrastructureType": "building_damage_assessment",
        "status": "osm_destroyed",
        "name": "Destroyed (OSM)",
        "responsibleOrganization": "OpenStreetMap contributors",
        "isSynthetic": false,
        "validFrom": "2026-05-06",
        "sourceIdentifier": "osm-way-1264202823"
      }
    },
    {
      "type": "Feature",
      "geometry": {
        "type": "Point",
        "coordinates": [
          34.4460721,
          31.4709042
        ]
      },
      "properties": {
        "id": "osm-damage-way-1264205857",
        "featureType": "critical_infrastructure",
        "infrastructureType": "building_damage_assessment",
        "status": "osm_destroyed",
        "name": "Destroyed (OSM)",
        "responsibleOrganization": "OpenStreetMap contributors",
        "isSynthetic": false,
        "validFrom": "2026-05-06",
        "sourceIdentifier": "osm-way-1264205857"
      }
    },
    {
      "type": "Feature",
      "geometry": {
        "type": "Point",
        "coordinates": [
          34.4430245,
          31.4710798
        ]
      },
      "properties": {
        "id": "osm-damage-way-1264205860",
        "featureType": "critical_infrastructure",
        "infrastructureType": "building_damage_assessment",
        "status": "osm_destroyed",
        "name": "Destroyed (OSM)",
        "responsibleOrganization": "OpenStreetMap contributors",
        "isSynthetic": false,
        "validFrom": "2026-05-06",
        "sourceIdentifier": "osm-way-1264205860"
      }
    },
    {
      "type": "Feature",
      "geometry": {
        "type": "Point",
        "coordinates": [
          34.4431438,
          31.4710008
        ]
      },
      "properties": {
        "id": "osm-damage-way-1264205861",
        "featureType": "critical_infrastructure",
        "infrastructureType": "building_damage_assessment",
        "status": "osm_destroyed",
        "name": "Destroyed (OSM)",
        "responsibleOrganization": "OpenStreetMap contributors",
        "isSynthetic": false,
        "validFrom": "2026-05-06",
        "sourceIdentifier": "osm-way-1264205861"
      }
    },
    {
      "type": "Feature",
      "geometry": {
        "type": "Point",
        "coordinates": [
          34.4433591,
          31.4711702
        ]
      },
      "properties": {
        "id": "osm-damage-way-1264205862",
        "featureType": "critical_infrastructure",
        "infrastructureType": "building_damage_assessment",
        "status": "osm_destroyed",
        "name": "Destroyed (OSM)",
        "responsibleOrganization": "OpenStreetMap contributors",
        "isSynthetic": false,
        "validFrom": "2026-05-06",
        "sourceIdentifier": "osm-way-1264205862"
      }
    },
    {
      "type": "Feature",
      "geometry": {
        "type": "Point",
        "coordinates": [
          34.4433859,
          31.4714915
        ]
      },
      "properties": {
        "id": "osm-damage-way-1264205864",
        "featureType": "critical_infrastructure",
        "infrastructureType": "building_damage_assessment",
        "status": "osm_destroyed",
        "name": "Destroyed (OSM)",
        "responsibleOrganization": "OpenStreetMap contributors",
        "isSynthetic": false,
        "validFrom": "2026-05-06",
        "sourceIdentifier": "osm-way-1264205864"
      }
    },
    {
      "type": "Feature",
      "geometry": {
        "type": "Point",
        "coordinates": [
          34.4435522,
          31.4712994
        ]
      },
      "properties": {
        "id": "osm-damage-way-1264205865",
        "featureType": "critical_infrastructure",
        "infrastructureType": "building_damage_assessment",
        "status": "osm_destroyed",
        "name": "Destroyed (OSM)",
        "responsibleOrganization": "OpenStreetMap contributors",
        "isSynthetic": false,
        "validFrom": "2026-05-06",
        "sourceIdentifier": "osm-way-1264205865"
      }
    },
    {
      "type": "Feature",
      "geometry": {
        "type": "Point",
        "coordinates": [
          34.4436789,
          31.4713892
        ]
      },
      "properties": {
        "id": "osm-damage-way-1264205866",
        "featureType": "critical_infrastructure",
        "infrastructureType": "building_damage_assessment",
        "status": "osm_destroyed",
        "name": "Destroyed (OSM)",
        "responsibleOrganization": "OpenStreetMap contributors",
        "isSynthetic": false,
        "validFrom": "2026-05-06",
        "sourceIdentifier": "osm-way-1264205866"
      }
    },
    {
      "type": "Feature",
      "geometry": {
        "type": "Point",
        "coordinates": [
          34.4444321,
          31.4708806
        ]
      },
      "properties": {
        "id": "osm-damage-way-1264205867",
        "featureType": "critical_infrastructure",
        "infrastructureType": "building_damage_assessment",
        "status": "osm_destroyed",
        "name": "Destroyed (OSM)",
        "responsibleOrganization": "OpenStreetMap contributors",
        "isSynthetic": false,
        "validFrom": "2026-05-06",
        "sourceIdentifier": "osm-way-1264205867"
      }
    },
    {
      "type": "Feature",
      "geometry": {
        "type": "Point",
        "coordinates": [
          34.4441951,
          31.4749483
        ]
      },
      "properties": {
        "id": "osm-damage-way-1264205869",
        "featureType": "critical_infrastructure",
        "infrastructureType": "building_damage_assessment",
        "status": "osm_destroyed",
        "name": "Destroyed (OSM)",
        "responsibleOrganization": "OpenStreetMap contributors",
        "isSynthetic": false,
        "validFrom": "2026-05-06",
        "sourceIdentifier": "osm-way-1264205869"
      }
    },
    {
      "type": "Feature",
      "geometry": {
        "type": "Point",
        "coordinates": [
          34.4438975,
          31.474991
        ]
      },
      "properties": {
        "id": "osm-damage-way-1264205870",
        "featureType": "critical_infrastructure",
        "infrastructureType": "building_damage_assessment",
        "status": "osm_destroyed",
        "name": "Destroyed (OSM)",
        "responsibleOrganization": "OpenStreetMap contributors",
        "isSynthetic": false,
        "validFrom": "2026-05-06",
        "sourceIdentifier": "osm-way-1264205870"
      }
    },
    {
      "type": "Feature",
      "geometry": {
        "type": "Point",
        "coordinates": [
          34.4439585,
          31.4750488
        ]
      },
      "properties": {
        "id": "osm-damage-way-1264205871",
        "featureType": "critical_infrastructure",
        "infrastructureType": "building_damage_assessment",
        "status": "osm_destroyed",
        "name": "Destroyed (OSM)",
        "responsibleOrganization": "OpenStreetMap contributors",
        "isSynthetic": false,
        "validFrom": "2026-05-06",
        "sourceIdentifier": "osm-way-1264205871"
      }
    },
    {
      "type": "Feature",
      "geometry": {
        "type": "Point",
        "coordinates": [
          34.4440252,
          31.4751208
        ]
      },
      "properties": {
        "id": "osm-damage-way-1264205872",
        "featureType": "critical_infrastructure",
        "infrastructureType": "building_damage_assessment",
        "status": "osm_destroyed",
        "name": "Destroyed (OSM)",
        "responsibleOrganization": "OpenStreetMap contributors",
        "isSynthetic": false,
        "validFrom": "2026-05-06",
        "sourceIdentifier": "osm-way-1264205872"
      }
    },
    {
      "type": "Feature",
      "geometry": {
        "type": "Point",
        "coordinates": [
          34.4441003,
          31.4752063
        ]
      },
      "properties": {
        "id": "osm-damage-way-1264205873",
        "featureType": "critical_infrastructure",
        "infrastructureType": "building_damage_assessment",
        "status": "osm_destroyed",
        "name": "Destroyed (OSM)",
        "responsibleOrganization": "OpenStreetMap contributors",
        "isSynthetic": false,
        "validFrom": "2026-05-06",
        "sourceIdentifier": "osm-way-1264205873"
      }
    },
    {
      "type": "Feature",
      "geometry": {
        "type": "Point",
        "coordinates": [
          34.4442103,
          31.4753193
        ]
      },
      "properties": {
        "id": "osm-damage-way-1264205874",
        "featureType": "critical_infrastructure",
        "infrastructureType": "building_damage_assessment",
        "status": "osm_destroyed",
        "name": "Destroyed (OSM)",
        "responsibleOrganization": "OpenStreetMap contributors",
        "isSynthetic": false,
        "validFrom": "2026-05-06",
        "sourceIdentifier": "osm-way-1264205874"
      }
    },
    {
      "type": "Feature",
      "geometry": {
        "type": "Point",
        "coordinates": [
          34.4446171,
          31.4748895
        ]
      },
      "properties": {
        "id": "osm-damage-way-1264205875",
        "featureType": "critical_infrastructure",
        "infrastructureType": "building_damage_assessment",
        "status": "osm_destroyed",
        "name": "Destroyed (OSM)",
        "responsibleOrganization": "OpenStreetMap contributors",
        "isSynthetic": false,
        "validFrom": "2026-05-06",
        "sourceIdentifier": "osm-way-1264205875"
      }
    },
    {
      "type": "Feature",
      "geometry": {
        "type": "Point",
        "coordinates": [
          34.444494,
          31.4752344
        ]
      },
      "properties": {
        "id": "osm-damage-way-1264205878",
        "featureType": "critical_infrastructure",
        "infrastructureType": "building_damage_assessment",
        "status": "osm_destroyed",
        "name": "Destroyed (OSM)",
        "responsibleOrganization": "OpenStreetMap contributors",
        "isSynthetic": false,
        "validFrom": "2026-05-06",
        "sourceIdentifier": "osm-way-1264205878"
      }
    },
    {
      "type": "Feature",
      "geometry": {
        "type": "Point",
        "coordinates": [
          34.4442717,
          31.4751348
        ]
      },
      "properties": {
        "id": "osm-damage-way-1264205879",
        "featureType": "critical_infrastructure",
        "infrastructureType": "building_damage_assessment",
        "status": "osm_destroyed",
        "name": "Destroyed (OSM)",
        "responsibleOrganization": "OpenStreetMap contributors",
        "isSynthetic": false,
        "validFrom": "2026-05-06",
        "sourceIdentifier": "osm-way-1264205879"
      }
    },
    {
      "type": "Feature",
      "geometry": {
        "type": "Point",
        "coordinates": [
          34.4444322,
          31.4751526
        ]
      },
      "properties": {
        "id": "osm-damage-way-1264205880",
        "featureType": "critical_infrastructure",
        "infrastructureType": "building_damage_assessment",
        "status": "osm_destroyed",
        "name": "Destroyed (OSM)",
        "responsibleOrganization": "OpenStreetMap contributors",
        "isSynthetic": false,
        "validFrom": "2026-05-06",
        "sourceIdentifier": "osm-way-1264205880"
      }
    },
    {
      "type": "Feature",
      "geometry": {
        "type": "Point",
        "coordinates": [
          34.4445062,
          31.4750676
        ]
      },
      "properties": {
        "id": "osm-damage-way-1264205882",
        "featureType": "critical_infrastructure",
        "infrastructureType": "building_damage_assessment",
        "status": "osm_destroyed",
        "name": "Destroyed (OSM)",
        "responsibleOrganization": "OpenStreetMap contributors",
        "isSynthetic": false,
        "validFrom": "2026-05-06",
        "sourceIdentifier": "osm-way-1264205882"
      }
    },
    {
      "type": "Feature",
      "geometry": {
        "type": "Point",
        "coordinates": [
          34.4439622,
          31.4748166
        ]
      },
      "properties": {
        "id": "osm-damage-way-1264205883",
        "featureType": "critical_infrastructure",
        "infrastructureType": "building_damage_assessment",
        "status": "osm_destroyed",
        "name": "Destroyed (OSM)",
        "responsibleOrganization": "OpenStreetMap contributors",
        "isSynthetic": false,
        "validFrom": "2026-05-06",
        "sourceIdentifier": "osm-way-1264205883"
      }
    },
    {
      "type": "Feature",
      "geometry": {
        "type": "Point",
        "coordinates": [
          34.4439086,
          31.4748475
        ]
      },
      "properties": {
        "id": "osm-damage-way-1264205884",
        "featureType": "critical_infrastructure",
        "infrastructureType": "building_damage_assessment",
        "status": "osm_destroyed",
        "name": "Destroyed (OSM)",
        "responsibleOrganization": "OpenStreetMap contributors",
        "isSynthetic": false,
        "validFrom": "2026-05-06",
        "sourceIdentifier": "osm-way-1264205884"
      }
    },
    {
      "type": "Feature",
      "geometry": {
        "type": "Point",
        "coordinates": [
          34.443821,
          31.4748946
        ]
      },
      "properties": {
        "id": "osm-damage-way-1264205885",
        "featureType": "critical_infrastructure",
        "infrastructureType": "building_damage_assessment",
        "status": "osm_destroyed",
        "name": "Destroyed (OSM)",
        "responsibleOrganization": "OpenStreetMap contributors",
        "isSynthetic": false,
        "validFrom": "2026-05-06",
        "sourceIdentifier": "osm-way-1264205885"
      }
    },
    {
      "type": "Feature",
      "geometry": {
        "type": "Point",
        "coordinates": [
          34.4440266,
          31.4747732
        ]
      },
      "properties": {
        "id": "osm-damage-way-1264205888",
        "featureType": "critical_infrastructure",
        "infrastructureType": "building_damage_assessment",
        "status": "osm_destroyed",
        "name": "Destroyed (OSM)",
        "responsibleOrganization": "OpenStreetMap contributors",
        "isSynthetic": false,
        "validFrom": "2026-05-06",
        "sourceIdentifier": "osm-way-1264205888"
      }
    },
    {
      "type": "Feature",
      "geometry": {
        "type": "Point",
        "coordinates": [
          34.4441058,
          31.4747434
        ]
      },
      "properties": {
        "id": "osm-damage-way-1264205889",
        "featureType": "critical_infrastructure",
        "infrastructureType": "building_damage_assessment",
        "status": "osm_destroyed",
        "name": "Destroyed (OSM)",
        "responsibleOrganization": "OpenStreetMap contributors",
        "isSynthetic": false,
        "validFrom": "2026-05-06",
        "sourceIdentifier": "osm-way-1264205889"
      }
    },
    {
      "type": "Feature",
      "geometry": {
        "type": "Point",
        "coordinates": [
          34.4443206,
          31.4746844
        ]
      },
      "properties": {
        "id": "osm-damage-way-1264205890",
        "featureType": "critical_infrastructure",
        "infrastructureType": "building_damage_assessment",
        "status": "osm_destroyed",
        "name": "Destroyed (OSM)",
        "responsibleOrganization": "OpenStreetMap contributors",
        "isSynthetic": false,
        "validFrom": "2026-05-06",
        "sourceIdentifier": "osm-way-1264205890"
      }
    },
    {
      "type": "Feature",
      "geometry": {
        "type": "Point",
        "coordinates": [
          34.4445533,
          31.4744468
        ]
      },
      "properties": {
        "id": "osm-damage-way-1264205893",
        "featureType": "critical_infrastructure",
        "infrastructureType": "building_damage_assessment",
        "status": "osm_destroyed",
        "name": "Destroyed (OSM)",
        "responsibleOrganization": "OpenStreetMap contributors",
        "isSynthetic": false,
        "validFrom": "2026-05-06",
        "sourceIdentifier": "osm-way-1264205893"
      }
    },
    {
      "type": "Feature",
      "geometry": {
        "type": "Point",
        "coordinates": [
          34.4447308,
          31.4750219
        ]
      },
      "properties": {
        "id": "osm-damage-way-1264219134",
        "featureType": "critical_infrastructure",
        "infrastructureType": "building_damage_assessment",
        "status": "osm_destroyed",
        "name": "Destroyed (OSM)",
        "responsibleOrganization": "OpenStreetMap contributors",
        "isSynthetic": false,
        "validFrom": "2026-05-06",
        "sourceIdentifier": "osm-way-1264219134"
      }
    },
    {
      "type": "Feature",
      "geometry": {
        "type": "Point",
        "coordinates": [
          34.4460533,
          31.4703692
        ]
      },
      "properties": {
        "id": "osm-damage-way-1264430340",
        "featureType": "critical_infrastructure",
        "infrastructureType": "building_damage_assessment",
        "status": "osm_destroyed",
        "name": "Destroyed (OSM)",
        "responsibleOrganization": "OpenStreetMap contributors",
        "isSynthetic": false,
        "validFrom": "2026-05-06",
        "sourceIdentifier": "osm-way-1264430340"
      }
    },
    {
      "type": "Feature",
      "geometry": {
        "type": "Point",
        "coordinates": [
          34.4466629,
          31.4841137
        ]
      },
      "properties": {
        "id": "osm-damage-way-1264526848",
        "featureType": "critical_infrastructure",
        "infrastructureType": "building_damage_assessment",
        "status": "osm_destroyed",
        "name": "Destroyed (OSM)",
        "responsibleOrganization": "OpenStreetMap contributors",
        "isSynthetic": false,
        "validFrom": "2026-05-06",
        "sourceIdentifier": "osm-way-1264526848"
      }
    },
    {
      "type": "Feature",
      "geometry": {
        "type": "Point",
        "coordinates": [
          34.4470297,
          31.4841512
        ]
      },
      "properties": {
        "id": "osm-damage-way-1264526849",
        "featureType": "critical_infrastructure",
        "infrastructureType": "building_damage_assessment",
        "status": "osm_destroyed",
        "name": "Destroyed (OSM)",
        "responsibleOrganization": "OpenStreetMap contributors",
        "isSynthetic": false,
        "validFrom": "2026-05-06",
        "sourceIdentifier": "osm-way-1264526849"
      }
    },
    {
      "type": "Feature",
      "geometry": {
        "type": "Point",
        "coordinates": [
          34.4469348,
          31.4839384
        ]
      },
      "properties": {
        "id": "osm-damage-way-1264526850",
        "featureType": "critical_infrastructure",
        "infrastructureType": "building_damage_assessment",
        "status": "osm_destroyed",
        "name": "Destroyed (OSM)",
        "responsibleOrganization": "OpenStreetMap contributors",
        "isSynthetic": false,
        "validFrom": "2026-05-06",
        "sourceIdentifier": "osm-way-1264526850"
      }
    },
    {
      "type": "Feature",
      "geometry": {
        "type": "Point",
        "coordinates": [
          34.4467397,
          31.4840559
        ]
      },
      "properties": {
        "id": "osm-damage-way-1264526851",
        "featureType": "critical_infrastructure",
        "infrastructureType": "building_damage_assessment",
        "status": "osm_destroyed",
        "name": "Destroyed (OSM)",
        "responsibleOrganization": "OpenStreetMap contributors",
        "isSynthetic": false,
        "validFrom": "2026-05-06",
        "sourceIdentifier": "osm-way-1264526851"
      }
    },
    {
      "type": "Feature",
      "geometry": {
        "type": "Point",
        "coordinates": [
          34.4468947,
          31.4840433
        ]
      },
      "properties": {
        "id": "osm-damage-way-1264526852",
        "featureType": "critical_infrastructure",
        "infrastructureType": "building_damage_assessment",
        "status": "osm_destroyed",
        "name": "Destroyed (OSM)",
        "responsibleOrganization": "OpenStreetMap contributors",
        "isSynthetic": false,
        "validFrom": "2026-05-06",
        "sourceIdentifier": "osm-way-1264526852"
      }
    },
    {
      "type": "Feature",
      "geometry": {
        "type": "Point",
        "coordinates": [
          34.4480905,
          31.4846175
        ]
      },
      "properties": {
        "id": "osm-damage-way-1264565743",
        "featureType": "critical_infrastructure",
        "infrastructureType": "building_damage_assessment",
        "status": "osm_destroyed",
        "name": "Destroyed (OSM)",
        "responsibleOrganization": "OpenStreetMap contributors",
        "isSynthetic": false,
        "validFrom": "2026-05-06",
        "sourceIdentifier": "osm-way-1264565743"
      }
    },
    {
      "type": "Feature",
      "geometry": {
        "type": "Point",
        "coordinates": [
          34.4480205,
          31.4845098
        ]
      },
      "properties": {
        "id": "osm-damage-way-1264565745",
        "featureType": "critical_infrastructure",
        "infrastructureType": "building_damage_assessment",
        "status": "osm_destroyed",
        "name": "Destroyed (OSM)",
        "responsibleOrganization": "OpenStreetMap contributors",
        "isSynthetic": false,
        "validFrom": "2026-05-06",
        "sourceIdentifier": "osm-way-1264565745"
      }
    },
    {
      "type": "Feature",
      "geometry": {
        "type": "Point",
        "coordinates": [
          34.4684563,
          31.5011577
        ]
      },
      "properties": {
        "id": "osm-damage-way-1265076447",
        "featureType": "critical_infrastructure",
        "infrastructureType": "building_damage_assessment",
        "status": "osm_destroyed",
        "name": "Destroyed (OSM)",
        "responsibleOrganization": "OpenStreetMap contributors",
        "isSynthetic": false,
        "validFrom": "2026-05-06",
        "sourceIdentifier": "osm-way-1265076447"
      }
    },
    {
      "type": "Feature",
      "geometry": {
        "type": "Point",
        "coordinates": [
          34.4690336,
          31.5014536
        ]
      },
      "properties": {
        "id": "osm-damage-way-1265076448",
        "featureType": "critical_infrastructure",
        "infrastructureType": "building_damage_assessment",
        "status": "osm_destroyed",
        "name": "Destroyed (OSM)",
        "responsibleOrganization": "OpenStreetMap contributors",
        "isSynthetic": false,
        "validFrom": "2026-05-06",
        "sourceIdentifier": "osm-way-1265076448"
      }
    },
    {
      "type": "Feature",
      "geometry": {
        "type": "Point",
        "coordinates": [
          34.4676416,
          31.5015804
        ]
      },
      "properties": {
        "id": "osm-damage-way-1265076453",
        "featureType": "critical_infrastructure",
        "infrastructureType": "building_damage_assessment",
        "status": "osm_destroyed",
        "name": "Destroyed (OSM)",
        "responsibleOrganization": "OpenStreetMap contributors",
        "isSynthetic": false,
        "validFrom": "2026-05-06",
        "sourceIdentifier": "osm-way-1265076453"
      }
    },
    {
      "type": "Feature",
      "geometry": {
        "type": "Point",
        "coordinates": [
          34.4677476,
          31.4879133
        ]
      },
      "properties": {
        "id": "osm-damage-way-1265135249",
        "featureType": "critical_infrastructure",
        "infrastructureType": "building_damage_assessment",
        "status": "osm_destroyed",
        "name": "Destroyed (OSM)",
        "responsibleOrganization": "OpenStreetMap contributors",
        "isSynthetic": false,
        "validFrom": "2026-05-06",
        "sourceIdentifier": "osm-way-1265135249"
      }
    },
    {
      "type": "Feature",
      "geometry": {
        "type": "Point",
        "coordinates": [
          34.4679518,
          31.4884266
        ]
      },
      "properties": {
        "id": "osm-damage-way-1265180784",
        "featureType": "critical_infrastructure",
        "infrastructureType": "building_damage_assessment",
        "status": "osm_destroyed",
        "name": "Destroyed (OSM)",
        "responsibleOrganization": "OpenStreetMap contributors",
        "isSynthetic": false,
        "validFrom": "2026-05-06",
        "sourceIdentifier": "osm-way-1265180784"
      }
    },
    {
      "type": "Feature",
      "geometry": {
        "type": "Point",
        "coordinates": [
          34.4679759,
          31.4882948
        ]
      },
      "properties": {
        "id": "osm-damage-way-1265180785",
        "featureType": "critical_infrastructure",
        "infrastructureType": "building_damage_assessment",
        "status": "osm_destroyed",
        "name": "Destroyed (OSM)",
        "responsibleOrganization": "OpenStreetMap contributors",
        "isSynthetic": false,
        "validFrom": "2026-05-06",
        "sourceIdentifier": "osm-way-1265180785"
      }
    },
    {
      "type": "Feature",
      "geometry": {
        "type": "Point",
        "coordinates": [
          34.4681091,
          31.4884423
        ]
      },
      "properties": {
        "id": "osm-damage-way-1265180786",
        "featureType": "critical_infrastructure",
        "infrastructureType": "building_damage_assessment",
        "status": "osm_destroyed",
        "name": "Destroyed (OSM)",
        "responsibleOrganization": "OpenStreetMap contributors",
        "isSynthetic": false,
        "validFrom": "2026-05-06",
        "sourceIdentifier": "osm-way-1265180786"
      }
    },
    {
      "type": "Feature",
      "geometry": {
        "type": "Point",
        "coordinates": [
          34.468117,
          31.4883555
        ]
      },
      "properties": {
        "id": "osm-damage-way-1265180787",
        "featureType": "critical_infrastructure",
        "infrastructureType": "building_damage_assessment",
        "status": "osm_destroyed",
        "name": "Destroyed (OSM)",
        "responsibleOrganization": "OpenStreetMap contributors",
        "isSynthetic": false,
        "validFrom": "2026-05-06",
        "sourceIdentifier": "osm-way-1265180787"
      }
    },
    {
      "type": "Feature",
      "geometry": {
        "type": "Point",
        "coordinates": [
          34.4680222,
          31.4881303
        ]
      },
      "properties": {
        "id": "osm-damage-way-1265180788",
        "featureType": "critical_infrastructure",
        "infrastructureType": "building_damage_assessment",
        "status": "osm_destroyed",
        "name": "Destroyed (OSM)",
        "responsibleOrganization": "OpenStreetMap contributors",
        "isSynthetic": false,
        "validFrom": "2026-05-06",
        "sourceIdentifier": "osm-way-1265180788"
      }
    },
    {
      "type": "Feature",
      "geometry": {
        "type": "Point",
        "coordinates": [
          34.4680569,
          31.4879976
        ]
      },
      "properties": {
        "id": "osm-damage-way-1265187215",
        "featureType": "critical_infrastructure",
        "infrastructureType": "building_damage_assessment",
        "status": "osm_destroyed",
        "name": "Destroyed (OSM)",
        "responsibleOrganization": "OpenStreetMap contributors",
        "isSynthetic": false,
        "validFrom": "2026-05-06",
        "sourceIdentifier": "osm-way-1265187215"
      }
    },
    {
      "type": "Feature",
      "geometry": {
        "type": "Point",
        "coordinates": [
          34.4748073,
          31.5027879
        ]
      },
      "properties": {
        "id": "osm-damage-way-1266044435",
        "featureType": "critical_infrastructure",
        "infrastructureType": "building_damage_assessment",
        "status": "osm_destroyed",
        "name": "Destroyed (OSM)",
        "responsibleOrganization": "OpenStreetMap contributors",
        "isSynthetic": false,
        "validFrom": "2026-05-06",
        "sourceIdentifier": "osm-way-1266044435"
      }
    },
    {
      "type": "Feature",
      "geometry": {
        "type": "Point",
        "coordinates": [
          34.4746138,
          31.5029019
        ]
      },
      "properties": {
        "id": "osm-damage-way-1266044436",
        "featureType": "critical_infrastructure",
        "infrastructureType": "building_damage_assessment",
        "status": "osm_destroyed",
        "name": "Destroyed (OSM)",
        "responsibleOrganization": "OpenStreetMap contributors",
        "isSynthetic": false,
        "validFrom": "2026-05-06",
        "sourceIdentifier": "osm-way-1266044436"
      }
    },
    {
      "type": "Feature",
      "geometry": {
        "type": "Point",
        "coordinates": [
          34.4745088,
          31.5033459
        ]
      },
      "properties": {
        "id": "osm-damage-way-1266044437",
        "featureType": "critical_infrastructure",
        "infrastructureType": "building_damage_assessment",
        "status": "osm_destroyed",
        "name": "Destroyed (OSM)",
        "responsibleOrganization": "OpenStreetMap contributors",
        "isSynthetic": false,
        "validFrom": "2026-05-06",
        "sourceIdentifier": "osm-way-1266044437"
      }
    },
    {
      "type": "Feature",
      "geometry": {
        "type": "Point",
        "coordinates": [
          34.4745731,
          31.5031272
        ]
      },
      "properties": {
        "id": "osm-damage-way-1266046643",
        "featureType": "critical_infrastructure",
        "infrastructureType": "building_damage_assessment",
        "status": "osm_destroyed",
        "name": "Destroyed (OSM)",
        "responsibleOrganization": "OpenStreetMap contributors",
        "isSynthetic": false,
        "validFrom": "2026-05-06",
        "sourceIdentifier": "osm-way-1266046643"
      }
    },
    {
      "type": "Feature",
      "geometry": {
        "type": "Point",
        "coordinates": [
          34.4748223,
          31.5032051
        ]
      },
      "properties": {
        "id": "osm-damage-way-1266046644",
        "featureType": "critical_infrastructure",
        "infrastructureType": "building_damage_assessment",
        "status": "osm_destroyed",
        "name": "Destroyed (OSM)",
        "responsibleOrganization": "OpenStreetMap contributors",
        "isSynthetic": false,
        "validFrom": "2026-05-06",
        "sourceIdentifier": "osm-way-1266046644"
      }
    },
    {
      "type": "Feature",
      "geometry": {
        "type": "Point",
        "coordinates": [
          34.474964,
          31.5029697
        ]
      },
      "properties": {
        "id": "osm-damage-way-1266046645",
        "featureType": "critical_infrastructure",
        "infrastructureType": "building_damage_assessment",
        "status": "osm_destroyed",
        "name": "Destroyed (OSM)",
        "responsibleOrganization": "OpenStreetMap contributors",
        "isSynthetic": false,
        "validFrom": "2026-05-06",
        "sourceIdentifier": "osm-way-1266046645"
      }
    },
    {
      "type": "Feature",
      "geometry": {
        "type": "Point",
        "coordinates": [
          34.4740271,
          31.5032299
        ]
      },
      "properties": {
        "id": "osm-damage-way-1266051612",
        "featureType": "critical_infrastructure",
        "infrastructureType": "building_damage_assessment",
        "status": "osm_destroyed",
        "name": "Destroyed (OSM)",
        "responsibleOrganization": "OpenStreetMap contributors",
        "isSynthetic": false,
        "validFrom": "2026-05-06",
        "sourceIdentifier": "osm-way-1266051612"
      }
    },
    {
      "type": "Feature",
      "geometry": {
        "type": "Point",
        "coordinates": [
          34.473911,
          31.5034088
        ]
      },
      "properties": {
        "id": "osm-damage-way-1266051613",
        "featureType": "critical_infrastructure",
        "infrastructureType": "building_damage_assessment",
        "status": "osm_destroyed",
        "name": "Destroyed (OSM)",
        "responsibleOrganization": "OpenStreetMap contributors",
        "isSynthetic": false,
        "validFrom": "2026-05-06",
        "sourceIdentifier": "osm-way-1266051613"
      }
    },
    {
      "type": "Feature",
      "geometry": {
        "type": "Point",
        "coordinates": [
          34.4733214,
          31.5028641
        ]
      },
      "properties": {
        "id": "osm-damage-way-1266057315",
        "featureType": "critical_infrastructure",
        "infrastructureType": "building_damage_assessment",
        "status": "osm_destroyed",
        "name": "Destroyed (OSM)",
        "responsibleOrganization": "OpenStreetMap contributors",
        "isSynthetic": false,
        "validFrom": "2026-05-06",
        "sourceIdentifier": "osm-way-1266057315"
      }
    },
    {
      "type": "Feature",
      "geometry": {
        "type": "Point",
        "coordinates": [
          34.4747328,
          31.5027172
        ]
      },
      "properties": {
        "id": "osm-damage-way-1266069823",
        "featureType": "critical_infrastructure",
        "infrastructureType": "building_damage_assessment",
        "status": "osm_destroyed",
        "name": "Destroyed (OSM)",
        "responsibleOrganization": "OpenStreetMap contributors",
        "isSynthetic": false,
        "validFrom": "2026-05-06",
        "sourceIdentifier": "osm-way-1266069823"
      }
    },
    {
      "type": "Feature",
      "geometry": {
        "type": "Point",
        "coordinates": [
          34.4645446,
          31.5041853
        ]
      },
      "properties": {
        "id": "osm-damage-relation-3961942",
        "featureType": "critical_infrastructure",
        "infrastructureType": "building_damage_assessment",
        "status": "osm_destroyed",
        "name": "Destroyed (OSM) \u2014 Al-Omary mosque",
        "responsibleOrganization": "OpenStreetMap contributors",
        "isSynthetic": false,
        "validFrom": "2026-05-06",
        "sourceIdentifier": "osm-relation-3961942"
      }
    },
    {
      "type": "Feature",
      "geometry": {
        "type": "Point",
        "coordinates": [
          34.4670935,
          31.5040695
        ]
      },
      "properties": {
        "id": "osm-damage-relation-12718921",
        "featureType": "critical_infrastructure",
        "infrastructureType": "building_damage_assessment",
        "status": "osm_destroyed",
        "name": "Destroyed (OSM) \u2014 Gaza municipality water station",
        "responsibleOrganization": "OpenStreetMap contributors",
        "isSynthetic": false,
        "validFrom": "2026-05-06",
        "sourceIdentifier": "osm-relation-12718921"
      }
    },
    {
      "type": "Feature",
      "geometry": {
        "type": "Point",
        "coordinates": [
          34.4621881,
          31.5039664
        ]
      },
      "properties": {
        "id": "osm-damage-relation-16528229",
        "featureType": "critical_infrastructure",
        "infrastructureType": "building_damage_assessment",
        "status": "osm_damaged",
        "name": "Damaged (OSM) \u2014 Church of Saint Porphyrius",
        "responsibleOrganization": "OpenStreetMap contributors",
        "isSynthetic": false,
        "validFrom": "2026-05-06",
        "sourceIdentifier": "osm-relation-16528229"
      }
    },
    {
      "type": "Feature",
      "geometry": {
        "type": "Point",
        "coordinates": [
          34.4668823,
          31.5034525
        ]
      },
      "properties": {
        "id": "osm-damage-relation-17371994",
        "featureType": "critical_infrastructure",
        "infrastructureType": "building_damage_assessment",
        "status": "osm_destroyed",
        "name": "Destroyed (OSM)",
        "responsibleOrganization": "OpenStreetMap contributors",
        "isSynthetic": false,
        "validFrom": "2026-05-06",
        "sourceIdentifier": "osm-relation-17371994"
      }
    }
  ]
}